{"level":"info","message":"⌛ Building environment","timeElapsed":132,"timestamp":"2025-10-22T15:05:34.813Z"}
{"level":"info","message":"⌛ Building environment","timeElapsed":158,"timestamp":"2025-10-22T15:05:34.971Z"}
{"level":"info","message":"⌛ Building environment","timeElapsed":127,"timestamp":"2025-10-22T15:05:36.452Z"}
{"level":"info","message":"⌛ Building environment","timeElapsed":109,"timestamp":"2025-10-22T15:05:48.305Z"}
{"level":"info","message":"⌛ Building environment","timeElapsed":103,"timestamp":"2025-10-22T15:05:50.570Z"}
{"level":"info","message":"⌛ Validating src/personas.wlk","timeElapsed":107,"timestamp":"2025-10-22T15:05:50.719Z"}
{"level":"info","message":"⌛ Building environment","timeElapsed":169,"timestamp":"2025-10-22T15:05:50.890Z"}
{"level":"info","message":"⌛ Validating src/personas.wlk","timeElapsed":102,"timestamp":"2025-10-22T15:05:50.995Z"}
{"level":"info","message":"⌛ Building environment","timeElapsed":125,"timestamp":"2025-10-22T15:05:54.265Z"}
{"level":"info","message":"⌛ Building environment","timeElapsed":130,"timestamp":"2025-10-22T15:05:54.440Z"}
{"level":"info","message":"⌛ Validating src/personas.wlk","timeElapsed":131,"timestamp":"2025-10-22T15:05:54.572Z"}
{"level":"info","message":"⌛ Building environment","timeElapsed":111,"timestamp":"2025-10-22T15:05:54.767Z"}
{"level":"info","message":"⌛ Validating src/personas.wlk","timeElapsed":114,"timestamp":"2025-10-22T15:05:54.925Z"}
{"level":"info","message":"⌛ Building environment","timeElapsed":116,"timestamp":"2025-10-22T15:05:55.044Z"}
{"level":"info","message":"⌛ Validating src/personas.wlk","timeElapsed":109,"timestamp":"2025-10-22T15:05:55.155Z"}
{"level":"info","message":"⌛ Building environment","timeElapsed":139,"timestamp":"2025-10-22T15:05:55.302Z"}
{"level":"info","message":"⌛ Building environment","timeElapsed":136,"timestamp":"2025-10-22T15:05:55.747Z"}
{"level":"info","message":"⌛ Validating src/personas.wlk","timeElapsed":111,"timestamp":"2025-10-22T15:05:55.862Z"}
{"level":"info","message":"⌛ Building environment","timeElapsed":132,"timestamp":"2025-10-22T15:05:55.994Z"}
{"level":"info","message":"⌛ Building environment","timeElapsed":126,"timestamp":"2025-10-22T15:05:56.122Z"}
{"level":"error","message":"✘ Failed to rebuild document Failed to parse src/personas.wlk: \n-- PARSING FAILED --------------------------------------------------\n\n  11 |     }\n  12 | \n> 13 | }\n     | ^\n  14 | class PersonaSedentaria inherits Persona {\n  15 |     const tiempoDeEjercicio\n\nExpected one of the following: \n\n'@', 'class', 'const', 'describe', 'mixin', 'object', 'only', 'package', 'program', 'test', 'var', '{', EOF, comment, not \"}\n\", whitespace\n","stack":"Error: Failed to parse src/personas.wlk: \n-- PARSING FAILED --------------------------------------------------\n\n  11 |     }\n  12 | \n> 13 | }\n     | ^\n  14 | class PersonaSedentaria inherits Persona {\n  15 |     const tiempoDeEjercicio\n\nExpected one of the following: \n\n'@', 'class', 'const', 'describe', 'mixin', 'object', 'only', 'package', 'program', 'test', 'var', '{', EOF, comment, not \"}\n\", whitespace\n\n    at /home/publico/.var/app/com.visualstudio.code/data/vscode/extensions/uqbar.wollok-lsp-ide-0.5.3/out/server/src/server.js:2348:13026\n    at Array.map (<anonymous>)\n    at W1n (/home/publico/.var/app/com.visualstudio.code/data/vscode/extensions/uqbar.wollok-lsp-ide-0.5.3/out/server/src/server.js:2348:12950)\n    at U2.buildEnvironmentFrom (/home/publico/.var/app/com.visualstudio.code/data/vscode/extensions/uqbar.wollok-lsp-ide-0.5.3/out/server/src/server.js:2393:5254)\n    at U2.updateEnvironmentWith (/home/publico/.var/app/com.visualstudio.code/data/vscode/extensions/uqbar.wollok-lsp-ide-0.5.3/out/server/src/server.js:2393:4989)\n    at JF (/home/publico/.var/app/com.visualstudio.code/data/vscode/extensions/uqbar.wollok-lsp-ide-0.5.3/out/server/src/server.js:2393:7383)\n    at F3.invoke (/home/publico/.var/app/com.visualstudio.code/data/vscode/extensions/uqbar.wollok-lsp-ide-0.5.3/out/server/src/server.js:3:157334)\n    at o.fire (/home/publico/.var/app/com.visualstudio.code/data/vscode/extensions/uqbar.wollok-lsp-ide-0.5.3/out/server/src/server.js:3:158104)\n    at /home/publico/.var/app/com.visualstudio.code/data/vscode/extensions/uqbar.wollok-lsp-ide-0.5.3/out/server/src/server.js:37:57871\n    at Zr (/home/publico/.var/app/com.visualstudio.code/data/vscode/extensions/uqbar.wollok-lsp-ide-0.5.3/out/server/src/server.js:8:1561)","timestamp":"2025-10-22T15:05:56.740Z"}
{"level":"info","message":"⌛ Building environment","timeElapsed":134,"timestamp":"2025-10-22T15:05:57.520Z"}
{"level":"info","message":"⌛ Building environment","timeElapsed":116,"timestamp":"2025-10-22T15:06:20.427Z"}
{"level":"info","message":"⌛ Building environment","timeElapsed":120,"timestamp":"2025-10-22T15:06:20.689Z"}
{"level":"info","message":"⌛ Building environment","timeElapsed":125,"timestamp":"2025-10-22T15:06:21.239Z"}
{"level":"info","message":"⌛ Building environment","timeElapsed":161,"timestamp":"2025-10-22T15:06:21.503Z"}
{"level":"info","message":"⌛ Building environment","timeElapsed":126,"timestamp":"2025-10-22T15:06:22.096Z"}
{"level":"info","message":"⌛ Building environment","timeElapsed":114,"timestamp":"2025-10-22T15:06:22.421Z"}
{"level":"info","message":"⌛ Building environment","timeElapsed":174,"timestamp":"2025-10-22T15:06:22.595Z"}
{"level":"info","message":"⌛ Building environment","timeElapsed":123,"timestamp":"2025-10-22T15:06:23.504Z"}
{"level":"info","message":"⌛ Building environment","timeElapsed":134,"timestamp":"2025-10-22T15:06:23.894Z"}
{"level":"info","message":"⌛ Building environment","timeElapsed":141,"timestamp":"2025-10-22T15:06:25.591Z"}
{"level":"error","message":"✘ Completions for node Return ([10:9, 10:17] - src/personas.wlk) failed: Error: [Return]{2dc44f} at src/personas.wlk:10 exhausted all cases without a match [Return]{2dc44f} at src/personas.wlk:10 exhausted all cases without a match","stack":"Error: [Return]{2dc44f} at src/personas.wlk:10 exhausted all cases without a match\n    at /home/publico/.var/app/com.visualstudio.code/data/vscode/extensions/uqbar.wollok-lsp-ide-0.5.3/out/server/src/server.js:38:6142\n    at D2 (/home/publico/.var/app/com.visualstudio.code/data/vscode/extensions/uqbar.wollok-lsp-ide-0.5.3/out/server/src/server.js:2384:42)\n    at Qh (/home/publico/.var/app/com.visualstudio.code/data/vscode/extensions/uqbar.wollok-lsp-ide-0.5.3/out/server/src/server.js:2384:1092)\n    at k6n (/home/publico/.var/app/com.visualstudio.code/data/vscode/extensions/uqbar.wollok-lsp-ide-0.5.3/out/server/src/server.js:2384:1248)\n    at /home/publico/.var/app/com.visualstudio.code/data/vscode/extensions/uqbar.wollok-lsp-ide-0.5.3/out/server/src/server.js:38:6131\n    at D2 (/home/publico/.var/app/com.visualstudio.code/data/vscode/extensions/uqbar.wollok-lsp-ide-0.5.3/out/server/src/server.js:2384:42)\n    at /home/publico/.var/app/com.visualstudio.code/data/vscode/extensions/uqbar.wollok-lsp-ide-0.5.3/out/server/src/server.js:2384:2988\n    at /home/publico/.var/app/com.visualstudio.code/data/vscode/extensions/uqbar.wollok-lsp-ide-0.5.3/out/server/src/server.js:2393:8440\n    at /home/publico/.var/app/com.visualstudio.code/data/vscode/extensions/uqbar.wollok-lsp-ide-0.5.3/out/server/src/server.js:37:74872\n    at Ye (/home/publico/.var/app/com.visualstudio.code/data/vscode/extensions/uqbar.wollok-lsp-ide-0.5.3/out/server/src/server.js:7:8527)","timestamp":"2025-10-22T15:06:25.637Z"}
{"level":"info","message":"⌛ Building environment","timeElapsed":114,"timestamp":"2025-10-22T15:06:25.853Z"}
{"level":"info","message":"⌛ Building environment","timeElapsed":124,"timestamp":"2025-10-22T15:06:26.079Z"}
{"level":"info","message":"⌛ Building environment","timeElapsed":115,"timestamp":"2025-10-22T15:06:26.195Z"}
{"level":"info","message":"⌛ Building environment","timeElapsed":164,"timestamp":"2025-10-22T15:06:26.477Z"}
{"level":"info","message":"⌛ Validating src/personas.wlk","timeElapsed":146,"timestamp":"2025-10-22T15:06:26.623Z"}
{"level":"info","message":"⌛ Building environment","timeElapsed":121,"timestamp":"2025-10-22T15:06:27.224Z"}
{"level":"info","message":"⌛ Validating src/personas.wlk","timeElapsed":177,"timestamp":"2025-10-22T15:06:27.437Z"}
{"level":"info","message":"⌛ Building environment","timeElapsed":112,"timestamp":"2025-10-22T15:06:27.549Z"}
{"level":"info","message":"⌛ Building environment","timeElapsed":135,"timestamp":"2025-10-22T15:06:27.686Z"}
{"level":"info","message":"⌛ Building environment","timeElapsed":121,"timestamp":"2025-10-22T15:06:27.900Z"}
{"level":"info","message":"⌛ Building environment","timeElapsed":104,"timestamp":"2025-10-22T15:06:28.086Z"}
{"level":"info","message":"⌛ Building environment","timeElapsed":111,"timestamp":"2025-10-22T15:06:30.620Z"}
{"level":"info","message":"⌛ Building environment","timeElapsed":109,"timestamp":"2025-10-22T15:06:32.340Z"}
{"level":"error","message":"✘ Completions for node Send ([10:16, 10:41] - src/personas.wlk) failed: Error: [Send]{852efe} at src/personas.wlk:10 exhausted all cases without a match [Send]{852efe} at src/personas.wlk:10 exhausted all cases without a match","stack":"Error: [Send]{852efe} at src/personas.wlk:10 exhausted all cases without a match\n    at /home/publico/.var/app/com.visualstudio.code/data/vscode/extensions/uqbar.wollok-lsp-ide-0.5.3/out/server/src/server.js:38:6142\n    at D2 (/home/publico/.var/app/com.visualstudio.code/data/vscode/extensions/uqbar.wollok-lsp-ide-0.5.3/out/server/src/server.js:2384:42)\n    at Qh (/home/publico/.var/app/com.visualstudio.code/data/vscode/extensions/uqbar.wollok-lsp-ide-0.5.3/out/server/src/server.js:2384:1092)\n    at k6n (/home/publico/.var/app/com.visualstudio.code/data/vscode/extensions/uqbar.wollok-lsp-ide-0.5.3/out/server/src/server.js:2384:1248)\n    at /home/publico/.var/app/com.visualstudio.code/data/vscode/extensions/uqbar.wollok-lsp-ide-0.5.3/out/server/src/server.js:38:6131\n    at D2 (/home/publico/.var/app/com.visualstudio.code/data/vscode/extensions/uqbar.wollok-lsp-ide-0.5.3/out/server/src/server.js:2384:42)\n    at /home/publico/.var/app/com.visualstudio.code/data/vscode/extensions/uqbar.wollok-lsp-ide-0.5.3/out/server/src/server.js:2384:2988\n    at /home/publico/.var/app/com.visualstudio.code/data/vscode/extensions/uqbar.wollok-lsp-ide-0.5.3/out/server/src/server.js:2393:8440\n    at /home/publico/.var/app/com.visualstudio.code/data/vscode/extensions/uqbar.wollok-lsp-ide-0.5.3/out/server/src/server.js:37:74872\n    at Ye (/home/publico/.var/app/com.visualstudio.code/data/vscode/extensions/uqbar.wollok-lsp-ide-0.5.3/out/server/src/server.js:7:8527)","timestamp":"2025-10-22T15:06:32.376Z"}
{"level":"error","message":"✘ Completions for node Return ([10:9, 10:41] - src/personas.wlk) failed: Error: [Return]{190818} at src/personas.wlk:10 exhausted all cases without a match [Return]{190818} at src/personas.wlk:10 exhausted all cases without a match","stack":"Error: [Return]{190818} at src/personas.wlk:10 exhausted all cases without a match\n    at /home/publico/.var/app/com.visualstudio.code/data/vscode/extensions/uqbar.wollok-lsp-ide-0.5.3/out/server/src/server.js:38:6142\n    at D2 (/home/publico/.var/app/com.visualstudio.code/data/vscode/extensions/uqbar.wollok-lsp-ide-0.5.3/out/server/src/server.js:2384:42)\n    at Qh (/home/publico/.var/app/com.visualstudio.code/data/vscode/extensions/uqbar.wollok-lsp-ide-0.5.3/out/server/src/server.js:2384:1092)\n    at D2 (/home/publico/.var/app/com.visualstudio.code/data/vscode/extensions/uqbar.wollok-lsp-ide-0.5.3/out/server/src/server.js:2384:544)\n    at Qh (/home/publico/.var/app/com.visualstudio.code/data/vscode/extensions/uqbar.wollok-lsp-ide-0.5.3/out/server/src/server.js:2384:1092)\n    at k6n (/home/publico/.var/app/com.visualstudio.code/data/vscode/extensions/uqbar.wollok-lsp-ide-0.5.3/out/server/src/server.js:2384:1248)\n    at /home/publico/.var/app/com.visualstudio.code/data/vscode/extensions/uqbar.wollok-lsp-ide-0.5.3/out/server/src/server.js:38:6131\n    at D2 (/home/publico/.var/app/com.visualstudio.code/data/vscode/extensions/uqbar.wollok-lsp-ide-0.5.3/out/server/src/server.js:2384:42)\n    at /home/publico/.var/app/com.visualstudio.code/data/vscode/extensions/uqbar.wollok-lsp-ide-0.5.3/out/server/src/server.js:2384:2988\n    at /home/publico/.var/app/com.visualstudio.code/data/vscode/extensions/uqbar.wollok-lsp-ide-0.5.3/out/server/src/server.js:2393:8440","timestamp":"2025-10-22T15:06:32.377Z"}
{"level":"info","message":"⌛ Building environment","timeElapsed":126,"timestamp":"2025-10-22T15:06:32.607Z"}
{"level":"info","message":"⌛ Building environment","timeElapsed":145,"timestamp":"2025-10-22T15:06:32.753Z"}
{"level":"error","message":"✘ Completions for node Send ([10:16, 10:43] - src/personas.wlk) failed: Error: [Send]{935026} at src/personas.wlk:10 exhausted all cases without a match [Send]{935026} at src/personas.wlk:10 exhausted all cases without a match","stack":"Error: [Send]{935026} at src/personas.wlk:10 exhausted all cases without a match\n    at /home/publico/.var/app/com.visualstudio.code/data/vscode/extensions/uqbar.wollok-lsp-ide-0.5.3/out/server/src/server.js:38:6142\n    at D2 (/home/publico/.var/app/com.visualstudio.code/data/vscode/extensions/uqbar.wollok-lsp-ide-0.5.3/out/server/src/server.js:2384:42)\n    at Qh (/home/publico/.var/app/com.visualstudio.code/data/vscode/extensions/uqbar.wollok-lsp-ide-0.5.3/out/server/src/server.js:2384:1092)\n    at k6n (/home/publico/.var/app/com.visualstudio.code/data/vscode/extensions/uqbar.wollok-lsp-ide-0.5.3/out/server/src/server.js:2384:1248)\n    at /home/publico/.var/app/com.visualstudio.code/data/vscode/extensions/uqbar.wollok-lsp-ide-0.5.3/out/server/src/server.js:38:6131\n    at D2 (/home/publico/.var/app/com.visualstudio.code/data/vscode/extensions/uqbar.wollok-lsp-ide-0.5.3/out/server/src/server.js:2384:42)\n    at /home/publico/.var/app/com.visualstudio.code/data/vscode/extensions/uqbar.wollok-lsp-ide-0.5.3/out/server/src/server.js:2384:2988\n    at /home/publico/.var/app/com.visualstudio.code/data/vscode/extensions/uqbar.wollok-lsp-ide-0.5.3/out/server/src/server.js:2393:8440\n    at /home/publico/.var/app/com.visualstudio.code/data/vscode/extensions/uqbar.wollok-lsp-ide-0.5.3/out/server/src/server.js:37:74872\n    at Ye (/home/publico/.var/app/com.visualstudio.code/data/vscode/extensions/uqbar.wollok-lsp-ide-0.5.3/out/server/src/server.js:7:8527)","timestamp":"2025-10-22T15:06:32.789Z"}
{"level":"error","message":"✘ Completions for node Return ([10:9, 10:43] - src/personas.wlk) failed: Error: [Return]{e67134} at src/personas.wlk:10 exhausted all cases without a match [Return]{e67134} at src/personas.wlk:10 exhausted all cases without a match","stack":"Error: [Return]{e67134} at src/personas.wlk:10 exhausted all cases without a match\n    at /home/publico/.var/app/com.visualstudio.code/data/vscode/extensions/uqbar.wollok-lsp-ide-0.5.3/out/server/src/server.js:38:6142\n    at D2 (/home/publico/.var/app/com.visualstudio.code/data/vscode/extensions/uqbar.wollok-lsp-ide-0.5.3/out/server/src/server.js:2384:42)\n    at Qh (/home/publico/.var/app/com.visualstudio.code/data/vscode/extensions/uqbar.wollok-lsp-ide-0.5.3/out/server/src/server.js:2384:1092)\n    at D2 (/home/publico/.var/app/com.visualstudio.code/data/vscode/extensions/uqbar.wollok-lsp-ide-0.5.3/out/server/src/server.js:2384:544)\n    at Qh (/home/publico/.var/app/com.visualstudio.code/data/vscode/extensions/uqbar.wollok-lsp-ide-0.5.3/out/server/src/server.js:2384:1092)\n    at k6n (/home/publico/.var/app/com.visualstudio.code/data/vscode/extensions/uqbar.wollok-lsp-ide-0.5.3/out/server/src/server.js:2384:1248)\n    at /home/publico/.var/app/com.visualstudio.code/data/vscode/extensions/uqbar.wollok-lsp-ide-0.5.3/out/server/src/server.js:38:6131\n    at D2 (/home/publico/.var/app/com.visualstudio.code/data/vscode/extensions/uqbar.wollok-lsp-ide-0.5.3/out/server/src/server.js:2384:42)\n    at /home/publico/.var/app/com.visualstudio.code/data/vscode/extensions/uqbar.wollok-lsp-ide-0.5.3/out/server/src/server.js:2384:2988\n    at /home/publico/.var/app/com.visualstudio.code/data/vscode/extensions/uqbar.wollok-lsp-ide-0.5.3/out/server/src/server.js:2393:8440","timestamp":"2025-10-22T15:06:32.789Z"}
{"level":"info","message":"⌛ Building environment","timeElapsed":156,"timestamp":"2025-10-22T15:06:33.046Z"}
{"level":"info","message":"⌛ Validating src/personas.wlk","timeElapsed":103,"timestamp":"2025-10-22T15:06:33.150Z"}
{"level":"error","message":"✘ Completions for node Send ([10:16, 10:45] - src/personas.wlk) failed: Error: [Send]{a6d791} at src/personas.wlk:10 exhausted all cases without a match [Send]{a6d791} at src/personas.wlk:10 exhausted all cases without a match","stack":"Error: [Send]{a6d791} at src/personas.wlk:10 exhausted all cases without a match\n    at /home/publico/.var/app/com.visualstudio.code/data/vscode/extensions/uqbar.wollok-lsp-ide-0.5.3/out/server/src/server.js:38:6142\n    at D2 (/home/publico/.var/app/com.visualstudio.code/data/vscode/extensions/uqbar.wollok-lsp-ide-0.5.3/out/server/src/server.js:2384:42)\n    at Qh (/home/publico/.var/app/com.visualstudio.code/data/vscode/extensions/uqbar.wollok-lsp-ide-0.5.3/out/server/src/server.js:2384:1092)\n    at k6n (/home/publico/.var/app/com.visualstudio.code/data/vscode/extensions/uqbar.wollok-lsp-ide-0.5.3/out/server/src/server.js:2384:1248)\n    at /home/publico/.var/app/com.visualstudio.code/data/vscode/extensions/uqbar.wollok-lsp-ide-0.5.3/out/server/src/server.js:38:6131\n    at D2 (/home/publico/.var/app/com.visualstudio.code/data/vscode/extensions/uqbar.wollok-lsp-ide-0.5.3/out/server/src/server.js:2384:42)\n    at /home/publico/.var/app/com.visualstudio.code/data/vscode/extensions/uqbar.wollok-lsp-ide-0.5.3/out/server/src/server.js:2384:2988\n    at /home/publico/.var/app/com.visualstudio.code/data/vscode/extensions/uqbar.wollok-lsp-ide-0.5.3/out/server/src/server.js:2393:8440\n    at /home/publico/.var/app/com.visualstudio.code/data/vscode/extensions/uqbar.wollok-lsp-ide-0.5.3/out/server/src/server.js:37:74872\n    at Ye (/home/publico/.var/app/com.visualstudio.code/data/vscode/extensions/uqbar.wollok-lsp-ide-0.5.3/out/server/src/server.js:7:8527)","timestamp":"2025-10-22T15:06:33.299Z"}
{"level":"error","message":"✘ Completions for node Return ([10:9, 10:45] - src/personas.wlk) failed: Error: [Return]{0edf92} at src/personas.wlk:10 exhausted all cases without a match [Return]{0edf92} at src/personas.wlk:10 exhausted all cases without a match","stack":"Error: [Return]{0edf92} at src/personas.wlk:10 exhausted all cases without a match\n    at /home/publico/.var/app/com.visualstudio.code/data/vscode/extensions/uqbar.wollok-lsp-ide-0.5.3/out/server/src/server.js:38:6142\n    at D2 (/home/publico/.var/app/com.visualstudio.code/data/vscode/extensions/uqbar.wollok-lsp-ide-0.5.3/out/server/src/server.js:2384:42)\n    at Qh (/home/publico/.var/app/com.visualstudio.code/data/vscode/extensions/uqbar.wollok-lsp-ide-0.5.3/out/server/src/server.js:2384:1092)\n    at D2 (/home/publico/.var/app/com.visualstudio.code/data/vscode/extensions/uqbar.wollok-lsp-ide-0.5.3/out/server/src/server.js:2384:544)\n    at Qh (/home/publico/.var/app/com.visualstudio.code/data/vscode/extensions/uqbar.wollok-lsp-ide-0.5.3/out/server/src/server.js:2384:1092)\n    at k6n (/home/publico/.var/app/com.visualstudio.code/data/vscode/extensions/uqbar.wollok-lsp-ide-0.5.3/out/server/src/server.js:2384:1248)\n    at /home/publico/.var/app/com.visualstudio.code/data/vscode/extensions/uqbar.wollok-lsp-ide-0.5.3/out/server/src/server.js:38:6131\n    at D2 (/home/publico/.var/app/com.visualstudio.code/data/vscode/extensions/uqbar.wollok-lsp-ide-0.5.3/out/server/src/server.js:2384:42)\n    at /home/publico/.var/app/com.visualstudio.code/data/vscode/extensions/uqbar.wollok-lsp-ide-0.5.3/out/server/src/server.js:2384:2988\n    at /home/publico/.var/app/com.visualstudio.code/data/vscode/extensions/uqbar.wollok-lsp-ide-0.5.3/out/server/src/server.js:2393:8440","timestamp":"2025-10-22T15:06:33.299Z"}
{"level":"info","message":"⌛ Validating src/personas.wlk","timeElapsed":107,"timestamp":"2025-10-22T15:06:33.507Z"}
{"level":"info","message":"⌛ Building environment","timeElapsed":149,"timestamp":"2025-10-22T15:06:33.831Z"}
{"level":"error","message":"✘ Completions for node Send ([10:16, 10:47] - src/personas.wlk) failed: Error: [Send]{bb5386} at src/personas.wlk:10 exhausted all cases without a match [Send]{bb5386} at src/personas.wlk:10 exhausted all cases without a match","stack":"Error: [Send]{bb5386} at src/personas.wlk:10 exhausted all cases without a match\n    at /home/publico/.var/app/com.visualstudio.code/data/vscode/extensions/uqbar.wollok-lsp-ide-0.5.3/out/server/src/server.js:38:6142\n    at D2 (/home/publico/.var/app/com.visualstudio.code/data/vscode/extensions/uqbar.wollok-lsp-ide-0.5.3/out/server/src/server.js:2384:42)\n    at Qh (/home/publico/.var/app/com.visualstudio.code/data/vscode/extensions/uqbar.wollok-lsp-ide-0.5.3/out/server/src/server.js:2384:1092)\n    at k6n (/home/publico/.var/app/com.visualstudio.code/data/vscode/extensions/uqbar.wollok-lsp-ide-0.5.3/out/server/src/server.js:2384:1248)\n    at /home/publico/.var/app/com.visualstudio.code/data/vscode/extensions/uqbar.wollok-lsp-ide-0.5.3/out/server/src/server.js:38:6131\n    at D2 (/home/publico/.var/app/com.visualstudio.code/data/vscode/extensions/uqbar.wollok-lsp-ide-0.5.3/out/server/src/server.js:2384:42)\n    at /home/publico/.var/app/com.visualstudio.code/data/vscode/extensions/uqbar.wollok-lsp-ide-0.5.3/out/server/src/server.js:2384:2988\n    at /home/publico/.var/app/com.visualstudio.code/data/vscode/extensions/uqbar.wollok-lsp-ide-0.5.3/out/server/src/server.js:2393:8440\n    at /home/publico/.var/app/com.visualstudio.code/data/vscode/extensions/uqbar.wollok-lsp-ide-0.5.3/out/server/src/server.js:37:74872\n    at Ye (/home/publico/.var/app/com.visualstudio.code/data/vscode/extensions/uqbar.wollok-lsp-ide-0.5.3/out/server/src/server.js:7:8527)","timestamp":"2025-10-22T15:06:33.877Z"}
{"level":"error","message":"✘ Completions for node Return ([10:9, 10:47] - src/personas.wlk) failed: Error: [Return]{34161c} at src/personas.wlk:10 exhausted all cases without a match [Return]{34161c} at src/personas.wlk:10 exhausted all cases without a match","stack":"Error: [Return]{34161c} at src/personas.wlk:10 exhausted all cases without a match\n    at /home/publico/.var/app/com.visualstudio.code/data/vscode/extensions/uqbar.wollok-lsp-ide-0.5.3/out/server/src/server.js:38:6142\n    at D2 (/home/publico/.var/app/com.visualstudio.code/data/vscode/extensions/uqbar.wollok-lsp-ide-0.5.3/out/server/src/server.js:2384:42)\n    at Qh (/home/publico/.var/app/com.visualstudio.code/data/vscode/extensions/uqbar.wollok-lsp-ide-0.5.3/out/server/src/server.js:2384:1092)\n    at D2 (/home/publico/.var/app/com.visualstudio.code/data/vscode/extensions/uqbar.wollok-lsp-ide-0.5.3/out/server/src/server.js:2384:544)\n    at Qh (/home/publico/.var/app/com.visualstudio.code/data/vscode/extensions/uqbar.wollok-lsp-ide-0.5.3/out/server/src/server.js:2384:1092)\n    at k6n (/home/publico/.var/app/com.visualstudio.code/data/vscode/extensions/uqbar.wollok-lsp-ide-0.5.3/out/server/src/server.js:2384:1248)\n    at /home/publico/.var/app/com.visualstudio.code/data/vscode/extensions/uqbar.wollok-lsp-ide-0.5.3/out/server/src/server.js:38:6131\n    at D2 (/home/publico/.var/app/com.visualstudio.code/data/vscode/extensions/uqbar.wollok-lsp-ide-0.5.3/out/server/src/server.js:2384:42)\n    at /home/publico/.var/app/com.visualstudio.code/data/vscode/extensions/uqbar.wollok-lsp-ide-0.5.3/out/server/src/server.js:2384:2988\n    at /home/publico/.var/app/com.visualstudio.code/data/vscode/extensions/uqbar.wollok-lsp-ide-0.5.3/out/server/src/server.js:2393:8440","timestamp":"2025-10-22T15:06:33.877Z"}
{"level":"info","message":"⌛ Building environment","timeElapsed":114,"timestamp":"2025-10-22T15:06:33.997Z"}
{"level":"info","message":"⌛ Validating src/personas.wlk","timeElapsed":101,"timestamp":"2025-10-22T15:06:34.120Z"}
{"level":"info","message":"⌛ Building environment","timeElapsed":101,"timestamp":"2025-10-22T15:06:34.227Z"}
{"level":"info","message":"⌛ Validating src/personas.wlk","timeElapsed":121,"timestamp":"2025-10-22T15:06:34.348Z"}
{"level":"info","message":"⌛ Building environment","timeElapsed":107,"timestamp":"2025-10-22T15:06:34.455Z"}
{"level":"info","message":"⌛ Building environment","timeElapsed":143,"timestamp":"2025-10-22T15:06:34.693Z"}
{"level":"info","message":"⌛ Building environment","timeElapsed":111,"timestamp":"2025-10-22T15:06:34.805Z"}
{"level":"info","message":"⌛ Building environment","timeElapsed":145,"timestamp":"2025-10-22T15:06:35.190Z"}
{"level":"info","message":"⌛ Validating src/personas.wlk","timeElapsed":101,"timestamp":"2025-10-22T15:06:35.291Z"}
{"level":"info","message":"⌛ Validating src/personas.wlk","timeElapsed":113,"timestamp":"2025-10-22T15:06:35.457Z"}
{"level":"info","message":"⌛ Building environment","timeElapsed":126,"timestamp":"2025-10-22T15:06:35.776Z"}
{"level":"error","message":"✘ Completions for node Send ([10:16, 10:41] - src/personas.wlk) failed: Error: [Send]{2b592c} at src/personas.wlk:10 exhausted all cases without a match [Send]{2b592c} at src/personas.wlk:10 exhausted all cases without a match","stack":"Error: [Send]{2b592c} at src/personas.wlk:10 exhausted all cases without a match\n    at /home/publico/.var/app/com.visualstudio.code/data/vscode/extensions/uqbar.wollok-lsp-ide-0.5.3/out/server/src/server.js:38:6142\n    at D2 (/home/publico/.var/app/com.visualstudio.code/data/vscode/extensions/uqbar.wollok-lsp-ide-0.5.3/out/server/src/server.js:2384:42)\n    at Qh (/home/publico/.var/app/com.visualstudio.code/data/vscode/extensions/uqbar.wollok-lsp-ide-0.5.3/out/server/src/server.js:2384:1092)\n    at k6n (/home/publico/.var/app/com.visualstudio.code/data/vscode/extensions/uqbar.wollok-lsp-ide-0.5.3/out/server/src/server.js:2384:1248)\n    at /home/publico/.var/app/com.visualstudio.code/data/vscode/extensions/uqbar.wollok-lsp-ide-0.5.3/out/server/src/server.js:38:6131\n    at D2 (/home/publico/.var/app/com.visualstudio.code/data/vscode/extensions/uqbar.wollok-lsp-ide-0.5.3/out/server/src/server.js:2384:42)\n    at /home/publico/.var/app/com.visualstudio.code/data/vscode/extensions/uqbar.wollok-lsp-ide-0.5.3/out/server/src/server.js:2384:2988\n    at /home/publico/.var/app/com.visualstudio.code/data/vscode/extensions/uqbar.wollok-lsp-ide-0.5.3/out/server/src/server.js:2393:8440\n    at /home/publico/.var/app/com.visualstudio.code/data/vscode/extensions/uqbar.wollok-lsp-ide-0.5.3/out/server/src/server.js:37:74872\n    at Ye (/home/publico/.var/app/com.visualstudio.code/data/vscode/extensions/uqbar.wollok-lsp-ide-0.5.3/out/server/src/server.js:7:8527)","timestamp":"2025-10-22T15:06:35.800Z"}
{"level":"error","message":"✘ Completions for node Return ([10:9, 10:41] - src/personas.wlk) failed: Error: [Return]{06be6c} at src/personas.wlk:10 exhausted all cases without a match [Return]{06be6c} at src/personas.wlk:10 exhausted all cases without a match","stack":"Error: [Return]{06be6c} at src/personas.wlk:10 exhausted all cases without a match\n    at /home/publico/.var/app/com.visualstudio.code/data/vscode/extensions/uqbar.wollok-lsp-ide-0.5.3/out/server/src/server.js:38:6142\n    at D2 (/home/publico/.var/app/com.visualstudio.code/data/vscode/extensions/uqbar.wollok-lsp-ide-0.5.3/out/server/src/server.js:2384:42)\n    at Qh (/home/publico/.var/app/com.visualstudio.code/data/vscode/extensions/uqbar.wollok-lsp-ide-0.5.3/out/server/src/server.js:2384:1092)\n    at D2 (/home/publico/.var/app/com.visualstudio.code/data/vscode/extensions/uqbar.wollok-lsp-ide-0.5.3/out/server/src/server.js:2384:544)\n    at Qh (/home/publico/.var/app/com.visualstudio.code/data/vscode/extensions/uqbar.wollok-lsp-ide-0.5.3/out/server/src/server.js:2384:1092)\n    at k6n (/home/publico/.var/app/com.visualstudio.code/data/vscode/extensions/uqbar.wollok-lsp-ide-0.5.3/out/server/src/server.js:2384:1248)\n    at /home/publico/.var/app/com.visualstudio.code/data/vscode/extensions/uqbar.wollok-lsp-ide-0.5.3/out/server/src/server.js:38:6131\n    at D2 (/home/publico/.var/app/com.visualstudio.code/data/vscode/extensions/uqbar.wollok-lsp-ide-0.5.3/out/server/src/server.js:2384:42)\n    at /home/publico/.var/app/com.visualstudio.code/data/vscode/extensions/uqbar.wollok-lsp-ide-0.5.3/out/server/src/server.js:2384:2988\n    at /home/publico/.var/app/com.visualstudio.code/data/vscode/extensions/uqbar.wollok-lsp-ide-0.5.3/out/server/src/server.js:2393:8440","timestamp":"2025-10-22T15:06:35.800Z"}
{"level":"info","message":"⌛ Building environment","timeElapsed":103,"timestamp":"2025-10-22T15:06:36.194Z"}
{"level":"info","message":"⌛ Building environment","timeElapsed":120,"timestamp":"2025-10-22T15:06:36.477Z"}
{"level":"info","message":"⌛ Validating src/personas.wlk","timeElapsed":103,"timestamp":"2025-10-22T15:06:36.860Z"}
{"level":"info","message":"⌛ Building environment","timeElapsed":124,"timestamp":"2025-10-22T15:06:36.988Z"}
{"level":"info","message":"⌛ Building environment","timeElapsed":122,"timestamp":"2025-10-22T15:06:37.388Z"}
{"level":"info","message":"⌛ Building environment","timeElapsed":130,"timestamp":"2025-10-22T15:06:37.687Z"}
{"level":"info","message":"⌛ Building environment","timeElapsed":115,"timestamp":"2025-10-22T15:06:38.056Z"}
{"level":"info","message":"⌛ Building environment","timeElapsed":101,"timestamp":"2025-10-22T15:06:38.249Z"}
{"level":"info","message":"⌛ Building environment","timeElapsed":112,"timestamp":"2025-10-22T15:07:04.914Z"}
{"level":"info","message":"⌛ Building environment","timeElapsed":129,"timestamp":"2025-10-22T15:07:05.372Z"}
{"level":"info","message":"⌛ Validating src/personas.wlk","timeElapsed":114,"timestamp":"2025-10-22T15:07:05.491Z"}
{"level":"info","message":"⌛ Building environment","timeElapsed":169,"timestamp":"2025-10-22T15:07:05.661Z"}
{"level":"error","message":"✘ Completions for node Send ([10:16, 10:68] - src/personas.wlk) failed: Error: [Send]{315d64} at src/personas.wlk:10 exhausted all cases without a match [Send]{315d64} at src/personas.wlk:10 exhausted all cases without a match","stack":"Error: [Send]{315d64} at src/personas.wlk:10 exhausted all cases without a match\n    at /home/publico/.var/app/com.visualstudio.code/data/vscode/extensions/uqbar.wollok-lsp-ide-0.5.3/out/server/src/server.js:38:6142\n    at D2 (/home/publico/.var/app/com.visualstudio.code/data/vscode/extensions/uqbar.wollok-lsp-ide-0.5.3/out/server/src/server.js:2384:42)\n    at Qh (/home/publico/.var/app/com.visualstudio.code/data/vscode/extensions/uqbar.wollok-lsp-ide-0.5.3/out/server/src/server.js:2384:1092)\n    at k6n (/home/publico/.var/app/com.visualstudio.code/data/vscode/extensions/uqbar.wollok-lsp-ide-0.5.3/out/server/src/server.js:2384:1248)\n    at /home/publico/.var/app/com.visualstudio.code/data/vscode/extensions/uqbar.wollok-lsp-ide-0.5.3/out/server/src/server.js:38:6131\n    at D2 (/home/publico/.var/app/com.visualstudio.code/data/vscode/extensions/uqbar.wollok-lsp-ide-0.5.3/out/server/src/server.js:2384:42)\n    at /home/publico/.var/app/com.visualstudio.code/data/vscode/extensions/uqbar.wollok-lsp-ide-0.5.3/out/server/src/server.js:2384:2988\n    at /home/publico/.var/app/com.visualstudio.code/data/vscode/extensions/uqbar.wollok-lsp-ide-0.5.3/out/server/src/server.js:2393:8440\n    at /home/publico/.var/app/com.visualstudio.code/data/vscode/extensions/uqbar.wollok-lsp-ide-0.5.3/out/server/src/server.js:37:74872\n    at Ye (/home/publico/.var/app/com.visualstudio.code/data/vscode/extensions/uqbar.wollok-lsp-ide-0.5.3/out/server/src/server.js:7:8527)","timestamp":"2025-10-22T15:07:06.406Z"}
{"level":"error","message":"✘ Completions for node Return ([10:9, 10:68] - src/personas.wlk) failed: Error: [Return]{9fd06d} at src/personas.wlk:10 exhausted all cases without a match [Return]{9fd06d} at src/personas.wlk:10 exhausted all cases without a match","stack":"Error: [Return]{9fd06d} at src/personas.wlk:10 exhausted all cases without a match\n    at /home/publico/.var/app/com.visualstudio.code/data/vscode/extensions/uqbar.wollok-lsp-ide-0.5.3/out/server/src/server.js:38:6142\n    at D2 (/home/publico/.var/app/com.visualstudio.code/data/vscode/extensions/uqbar.wollok-lsp-ide-0.5.3/out/server/src/server.js:2384:42)\n    at Qh (/home/publico/.var/app/com.visualstudio.code/data/vscode/extensions/uqbar.wollok-lsp-ide-0.5.3/out/server/src/server.js:2384:1092)\n    at D2 (/home/publico/.var/app/com.visualstudio.code/data/vscode/extensions/uqbar.wollok-lsp-ide-0.5.3/out/server/src/server.js:2384:544)\n    at Qh (/home/publico/.var/app/com.visualstudio.code/data/vscode/extensions/uqbar.wollok-lsp-ide-0.5.3/out/server/src/server.js:2384:1092)\n    at k6n (/home/publico/.var/app/com.visualstudio.code/data/vscode/extensions/uqbar.wollok-lsp-ide-0.5.3/out/server/src/server.js:2384:1248)\n    at /home/publico/.var/app/com.visualstudio.code/data/vscode/extensions/uqbar.wollok-lsp-ide-0.5.3/out/server/src/server.js:38:6131\n    at D2 (/home/publico/.var/app/com.visualstudio.code/data/vscode/extensions/uqbar.wollok-lsp-ide-0.5.3/out/server/src/server.js:2384:42)\n    at /home/publico/.var/app/com.visualstudio.code/data/vscode/extensions/uqbar.wollok-lsp-ide-0.5.3/out/server/src/server.js:2384:2988\n    at /home/publico/.var/app/com.visualstudio.code/data/vscode/extensions/uqbar.wollok-lsp-ide-0.5.3/out/server/src/server.js:2393:8440","timestamp":"2025-10-22T15:07:06.407Z"}
{"level":"info","message":"⌛ Validating src/personas.wlk","timeElapsed":108,"timestamp":"2025-10-22T15:07:06.694Z"}
{"level":"info","message":"⌛ Building environment","timeElapsed":140,"timestamp":"2025-10-22T15:07:06.836Z"}
{"level":"info","message":"⌛ Building environment","timeElapsed":128,"timestamp":"2025-10-22T15:07:06.968Z"}
{"level":"info","message":"⌛ Validating src/personas.wlk","timeElapsed":101,"timestamp":"2025-10-22T15:07:07.091Z"}
{"level":"info","message":"⌛ Validating src/personas.wlk","timeElapsed":163,"timestamp":"2025-10-22T15:07:07.462Z"}
{"level":"info","message":"⌛ Building environment","timeElapsed":130,"timestamp":"2025-10-22T15:07:08.934Z"}
{"level":"info","message":"⌛ Validating src/personas.wlk","timeElapsed":104,"timestamp":"2025-10-22T15:07:09.039Z"}
{"level":"info","message":"⌛ Building environment","timeElapsed":107,"timestamp":"2025-10-22T15:07:13.371Z"}
{"level":"info","message":"⌛ Building environment","timeElapsed":112,"timestamp":"2025-10-22T15:07:14.342Z"}
{"level":"info","message":"⌛ Validating src/personas.wlk","timeElapsed":103,"timestamp":"2025-10-22T15:07:14.449Z"}
{"level":"info","message":"⌛ Building environment","timeElapsed":135,"timestamp":"2025-10-22T15:07:14.622Z"}
{"level":"info","message":"⌛ Validating src/personas.wlk","timeElapsed":109,"timestamp":"2025-10-22T15:07:14.733Z"}
{"level":"info","message":"⌛ Building environment","timeElapsed":143,"timestamp":"2025-10-22T15:07:14.877Z"}
{"level":"info","message":"⌛ Building environment","timeElapsed":104,"timestamp":"2025-10-22T15:07:15.128Z"}
{"level":"info","message":"⌛ Building environment","timeElapsed":121,"timestamp":"2025-10-22T15:07:15.501Z"}
{"level":"info","message":"⌛ Building environment","timeElapsed":132,"timestamp":"2025-10-22T15:07:21.599Z"}
{"level":"info","message":"⌛ Building environment","timeElapsed":151,"timestamp":"2025-10-22T15:07:21.843Z"}
{"level":"info","message":"⌛ Building environment","timeElapsed":135,"timestamp":"2025-10-22T15:07:23.123Z"}
{"level":"info","message":"⌛ Building environment","timeElapsed":107,"timestamp":"2025-10-22T15:07:23.324Z"}
{"level":"info","message":"⌛ Building environment","timeElapsed":117,"timestamp":"2025-10-22T15:07:34.402Z"}
{"level":"info","message":"⌛ Validating src/personas.wlk","timeElapsed":110,"timestamp":"2025-10-22T15:07:34.516Z"}
{"level":"info","message":"⌛ Building environment","timeElapsed":117,"timestamp":"2025-10-22T15:07:40.080Z"}
{"level":"info","message":"⌛ Validating src/personas.wlk","timeElapsed":101,"timestamp":"2025-10-22T15:07:40.182Z"}
{"level":"info","message":"⌛ Building environment","timeElapsed":112,"timestamp":"2025-10-22T15:07:46.792Z"}
{"level":"info","message":"⌛ Building environment","timeElapsed":137,"timestamp":"2025-10-22T15:07:47.121Z"}
{"level":"info","message":"⌛ Building environment","timeElapsed":106,"timestamp":"2025-10-22T15:07:47.264Z"}
{"level":"info","message":"⌛ Building environment","timeElapsed":169,"timestamp":"2025-10-22T15:07:47.548Z"}
{"level":"info","message":"⌛ Validating src/personas.wlk","timeElapsed":110,"timestamp":"2025-10-22T15:07:47.660Z"}
{"level":"info","message":"⌛ Building environment","timeElapsed":119,"timestamp":"2025-10-22T15:07:47.895Z"}
{"level":"info","message":"⌛ Validating src/personas.wlk","timeElapsed":109,"timestamp":"2025-10-22T15:07:48.004Z"}
{"level":"info","message":"⌛ Building environment","timeElapsed":120,"timestamp":"2025-10-22T15:07:48.413Z"}
{"level":"info","message":"⌛ Building environment","timeElapsed":140,"timestamp":"2025-10-22T15:07:48.591Z"}
{"level":"info","message":"⌛ Validating src/personas.wlk","timeElapsed":102,"timestamp":"2025-10-22T15:07:48.693Z"}
{"level":"info","message":"⌛ Building environment","timeElapsed":123,"timestamp":"2025-10-22T15:07:48.816Z"}
{"level":"info","message":"⌛ Building environment","timeElapsed":120,"timestamp":"2025-10-22T15:07:48.978Z"}
{"level":"info","message":"⌛ Building environment","timeElapsed":170,"timestamp":"2025-10-22T15:07:49.246Z"}
{"level":"info","message":"⌛ Validating src/personas.wlk","timeElapsed":113,"timestamp":"2025-10-22T15:07:49.360Z"}
{"level":"info","message":"⌛ Building environment","timeElapsed":115,"timestamp":"2025-10-22T15:07:49.636Z"}
{"level":"info","message":"⌛ Building environment","timeElapsed":106,"timestamp":"2025-10-22T15:07:50.373Z"}
{"level":"info","message":"⌛ Validating src/personas.wlk","timeElapsed":106,"timestamp":"2025-10-22T15:07:50.516Z"}
{"level":"info","message":"⌛ Building environment","timeElapsed":109,"timestamp":"2025-10-22T15:07:50.625Z"}
{"level":"info","message":"⌛ Building environment","timeElapsed":131,"timestamp":"2025-10-22T15:07:50.758Z"}
{"level":"info","message":"⌛ Building environment","timeElapsed":153,"timestamp":"2025-10-22T15:07:50.959Z"}
{"level":"info","message":"⌛ Validating src/personas.wlk","timeElapsed":115,"timestamp":"2025-10-22T15:07:56.237Z"}
{"level":"info","message":"⌛ Building environment","timeElapsed":141,"timestamp":"2025-10-22T15:07:56.384Z"}
{"level":"info","message":"⌛ Building environment","timeElapsed":132,"timestamp":"2025-10-22T15:08:03.736Z"}
{"level":"error","message":"✘ Completions for node Parameter ([8:24, 8:25] - src/personas.wlk) failed: Error: [Parameter]{904570} at src/personas.wlk:8 exhausted all cases without a match [Parameter]{904570} at src/personas.wlk:8 exhausted all cases without a match","stack":"Error: [Parameter]{904570} at src/personas.wlk:8 exhausted all cases without a match\n    at /home/publico/.var/app/com.visualstudio.code/data/vscode/extensions/uqbar.wollok-lsp-ide-0.5.3/out/server/src/server.js:38:6142\n    at D2 (/home/publico/.var/app/com.visualstudio.code/data/vscode/extensions/uqbar.wollok-lsp-ide-0.5.3/out/server/src/server.js:2384:42)\n    at /home/publico/.var/app/com.visualstudio.code/data/vscode/extensions/uqbar.wollok-lsp-ide-0.5.3/out/server/src/server.js:2384:2988\n    at /home/publico/.var/app/com.visualstudio.code/data/vscode/extensions/uqbar.wollok-lsp-ide-0.5.3/out/server/src/server.js:2393:8440\n    at /home/publico/.var/app/com.visualstudio.code/data/vscode/extensions/uqbar.wollok-lsp-ide-0.5.3/out/server/src/server.js:37:74872\n    at Ye (/home/publico/.var/app/com.visualstudio.code/data/vscode/extensions/uqbar.wollok-lsp-ide-0.5.3/out/server/src/server.js:7:8527)\n    at qt (/home/publico/.var/app/com.visualstudio.code/data/vscode/extensions/uqbar.wollok-lsp-ide-0.5.3/out/server/src/server.js:7:6189)\n    at ot (/home/publico/.var/app/com.visualstudio.code/data/vscode/extensions/uqbar.wollok-lsp-ide-0.5.3/out/server/src/server.js:7:6378)\n    at Immediate._onImmediate (/home/publico/.var/app/com.visualstudio.code/data/vscode/extensions/uqbar.wollok-lsp-ide-0.5.3/out/server/src/server.js:7:6142)\n    at process.processImmediate (node:internal/timers:485:21)","timestamp":"2025-10-22T15:08:03.767Z"}
{"level":"info","message":"⌛ Building environment","timeElapsed":107,"timestamp":"2025-10-22T15:08:03.965Z"}
{"level":"info","message":"⌛ Building environment","timeElapsed":143,"timestamp":"2025-10-22T15:08:04.124Z"}
{"level":"info","message":"⌛ Validating src/personas.wlk","timeElapsed":169,"timestamp":"2025-10-22T15:08:04.293Z"}
{"level":"info","message":"⌛ Building environment","timeElapsed":122,"timestamp":"2025-10-22T15:08:04.417Z"}
{"level":"info","message":"⌛ Building environment","timeElapsed":146,"timestamp":"2025-10-22T15:08:04.564Z"}
{"level":"error","message":"✘ Completions for node Parameter ([8:24, 8:29] - src/personas.wlk) failed: Error: [Parameter]{04e11d} at src/personas.wlk:8 exhausted all cases without a match [Parameter]{04e11d} at src/personas.wlk:8 exhausted all cases without a match","stack":"Error: [Parameter]{04e11d} at src/personas.wlk:8 exhausted all cases without a match\n    at /home/publico/.var/app/com.visualstudio.code/data/vscode/extensions/uqbar.wollok-lsp-ide-0.5.3/out/server/src/server.js:38:6142\n    at D2 (/home/publico/.var/app/com.visualstudio.code/data/vscode/extensions/uqbar.wollok-lsp-ide-0.5.3/out/server/src/server.js:2384:42)\n    at /home/publico/.var/app/com.visualstudio.code/data/vscode/extensions/uqbar.wollok-lsp-ide-0.5.3/out/server/src/server.js:2384:2988\n    at /home/publico/.var/app/com.visualstudio.code/data/vscode/extensions/uqbar.wollok-lsp-ide-0.5.3/out/server/src/server.js:2393:8440\n    at /home/publico/.var/app/com.visualstudio.code/data/vscode/extensions/uqbar.wollok-lsp-ide-0.5.3/out/server/src/server.js:37:74872\n    at Ye (/home/publico/.var/app/com.visualstudio.code/data/vscode/extensions/uqbar.wollok-lsp-ide-0.5.3/out/server/src/server.js:7:8527)\n    at qt (/home/publico/.var/app/com.visualstudio.code/data/vscode/extensions/uqbar.wollok-lsp-ide-0.5.3/out/server/src/server.js:7:6189)\n    at ot (/home/publico/.var/app/com.visualstudio.code/data/vscode/extensions/uqbar.wollok-lsp-ide-0.5.3/out/server/src/server.js:7:6378)\n    at Immediate._onImmediate (/home/publico/.var/app/com.visualstudio.code/data/vscode/extensions/uqbar.wollok-lsp-ide-0.5.3/out/server/src/server.js:7:6142)\n    at process.processImmediate (node:internal/timers:485:21)","timestamp":"2025-10-22T15:08:04.597Z"}
{"level":"info","message":"⌛ Building environment","timeElapsed":110,"timestamp":"2025-10-22T15:08:13.929Z"}
{"level":"info","message":"⌛ Building environment","timeElapsed":128,"timestamp":"2025-10-22T15:08:15.001Z"}
{"level":"info","message":"⌛ Validating src/personas.wlk","timeElapsed":126,"timestamp":"2025-10-22T15:08:15.418Z"}
{"level":"info","message":"⌛ Building environment","timeElapsed":119,"timestamp":"2025-10-22T15:08:15.556Z"}
{"level":"info","message":"⌛ Validating src/personas.wlk","timeElapsed":121,"timestamp":"2025-10-22T15:08:15.682Z"}
{"level":"info","message":"⌛ Building environment","timeElapsed":149,"timestamp":"2025-10-22T15:08:15.832Z"}
{"level":"info","message":"⌛ Building environment","timeElapsed":135,"timestamp":"2025-10-22T15:08:15.968Z"}
{"level":"info","message":"⌛ Building environment","timeElapsed":140,"timestamp":"2025-10-22T15:08:16.228Z"}
{"level":"info","message":"⌛ Validating src/personas.wlk","timeElapsed":112,"timestamp":"2025-10-22T15:08:16.341Z"}
{"level":"info","message":"⌛ Building environment","timeElapsed":153,"timestamp":"2025-10-22T15:08:16.694Z"}
{"level":"info","message":"⌛ Building environment","timeElapsed":106,"timestamp":"2025-10-22T15:08:16.938Z"}
{"level":"info","message":"⌛ Building environment","timeElapsed":103,"timestamp":"2025-10-22T15:08:17.042Z"}
{"level":"info","message":"⌛ Building environment","timeElapsed":135,"timestamp":"2025-10-22T15:08:18.326Z"}
{"level":"info","message":"⌛ Validating src/personas.wlk","timeElapsed":108,"timestamp":"2025-10-22T15:08:18.436Z"}
{"level":"info","message":"⌛ Building environment","timeElapsed":156,"timestamp":"2025-10-22T15:08:18.593Z"}
{"level":"info","message":"⌛ Building environment","timeElapsed":124,"timestamp":"2025-10-22T15:08:18.750Z"}
{"level":"info","message":"⌛ Building environment","timeElapsed":104,"timestamp":"2025-10-22T15:08:18.945Z"}
{"level":"info","message":"⌛ Building environment","timeElapsed":114,"timestamp":"2025-10-22T15:08:19.768Z"}
{"level":"info","message":"⌛ Building environment","timeElapsed":105,"timestamp":"2025-10-22T15:08:20.106Z"}
{"level":"info","message":"⌛ Validating src/personas.wlk","timeElapsed":101,"timestamp":"2025-10-22T15:08:20.208Z"}
{"level":"info","message":"⌛ Validating src/personas.wlk","timeElapsed":119,"timestamp":"2025-10-22T15:08:20.402Z"}
{"level":"info","message":"⌛ Building environment","timeElapsed":130,"timestamp":"2025-10-22T15:08:21.826Z"}
{"level":"error","message":"✘ Completions for node Parameter ([26:33, 26:34] - src/personas.wlk) failed: Error: [Parameter]{64f303} at src/personas.wlk:26 exhausted all cases without a match [Parameter]{64f303} at src/personas.wlk:26 exhausted all cases without a match","stack":"Error: [Parameter]{64f303} at src/personas.wlk:26 exhausted all cases without a match\n    at /home/publico/.var/app/com.visualstudio.code/data/vscode/extensions/uqbar.wollok-lsp-ide-0.5.3/out/server/src/server.js:38:6142\n    at D2 (/home/publico/.var/app/com.visualstudio.code/data/vscode/extensions/uqbar.wollok-lsp-ide-0.5.3/out/server/src/server.js:2384:42)\n    at /home/publico/.var/app/com.visualstudio.code/data/vscode/extensions/uqbar.wollok-lsp-ide-0.5.3/out/server/src/server.js:2384:2988\n    at /home/publico/.var/app/com.visualstudio.code/data/vscode/extensions/uqbar.wollok-lsp-ide-0.5.3/out/server/src/server.js:2393:8440\n    at /home/publico/.var/app/com.visualstudio.code/data/vscode/extensions/uqbar.wollok-lsp-ide-0.5.3/out/server/src/server.js:37:74872\n    at Ye (/home/publico/.var/app/com.visualstudio.code/data/vscode/extensions/uqbar.wollok-lsp-ide-0.5.3/out/server/src/server.js:7:8527)\n    at qt (/home/publico/.var/app/com.visualstudio.code/data/vscode/extensions/uqbar.wollok-lsp-ide-0.5.3/out/server/src/server.js:7:6189)\n    at ot (/home/publico/.var/app/com.visualstudio.code/data/vscode/extensions/uqbar.wollok-lsp-ide-0.5.3/out/server/src/server.js:7:6378)\n    at Immediate._onImmediate (/home/publico/.var/app/com.visualstudio.code/data/vscode/extensions/uqbar.wollok-lsp-ide-0.5.3/out/server/src/server.js:7:6142)\n    at process.processImmediate (node:internal/timers:485:21)","timestamp":"2025-10-22T15:08:21.861Z"}
{"level":"info","message":"⌛ Validating src/personas.wlk","timeElapsed":112,"timestamp":"2025-10-22T15:08:22.219Z"}
{"level":"info","message":"⌛ Building environment","timeElapsed":147,"timestamp":"2025-10-22T15:08:22.368Z"}
{"level":"info","message":"⌛ Building environment","timeElapsed":103,"timestamp":"2025-10-22T15:08:22.472Z"}
{"level":"info","message":"⌛ Building environment","timeElapsed":104,"timestamp":"2025-10-22T15:08:22.683Z"}
{"level":"error","message":"✘ Completions for node Parameter ([26:33, 26:38] - src/personas.wlk) failed: Error: [Parameter]{de9927} at src/personas.wlk:26 exhausted all cases without a match [Parameter]{de9927} at src/personas.wlk:26 exhausted all cases without a match","stack":"Error: [Parameter]{de9927} at src/personas.wlk:26 exhausted all cases without a match\n    at /home/publico/.var/app/com.visualstudio.code/data/vscode/extensions/uqbar.wollok-lsp-ide-0.5.3/out/server/src/server.js:38:6142\n    at D2 (/home/publico/.var/app/com.visualstudio.code/data/vscode/extensions/uqbar.wollok-lsp-ide-0.5.3/out/server/src/server.js:2384:42)\n    at /home/publico/.var/app/com.visualstudio.code/data/vscode/extensions/uqbar.wollok-lsp-ide-0.5.3/out/server/src/server.js:2384:2988\n    at /home/publico/.var/app/com.visualstudio.code/data/vscode/extensions/uqbar.wollok-lsp-ide-0.5.3/out/server/src/server.js:2393:8440\n    at /home/publico/.var/app/com.visualstudio.code/data/vscode/extensions/uqbar.wollok-lsp-ide-0.5.3/out/server/src/server.js:37:74872\n    at Ye (/home/publico/.var/app/com.visualstudio.code/data/vscode/extensions/uqbar.wollok-lsp-ide-0.5.3/out/server/src/server.js:7:8527)\n    at qt (/home/publico/.var/app/com.visualstudio.code/data/vscode/extensions/uqbar.wollok-lsp-ide-0.5.3/out/server/src/server.js:7:6189)\n    at ot (/home/publico/.var/app/com.visualstudio.code/data/vscode/extensions/uqbar.wollok-lsp-ide-0.5.3/out/server/src/server.js:7:6378)\n    at Immediate._onImmediate (/home/publico/.var/app/com.visualstudio.code/data/vscode/extensions/uqbar.wollok-lsp-ide-0.5.3/out/server/src/server.js:7:6142)\n    at process.processImmediate (node:internal/timers:485:21)","timestamp":"2025-10-22T15:08:22.717Z"}
{"level":"info","message":"⌛ Building environment","timeElapsed":102,"timestamp":"2025-10-22T15:08:22.904Z"}
{"level":"info","message":"⌛ Building environment","timeElapsed":114,"timestamp":"2025-10-22T15:08:24.116Z"}
{"level":"info","message":"⌛ Building environment","timeElapsed":102,"timestamp":"2025-10-22T15:08:25.079Z"}
{"level":"info","message":"⌛ Building environment","timeElapsed":139,"timestamp":"2025-10-22T15:08:25.266Z"}
{"level":"info","message":"⌛ Building environment","timeElapsed":143,"timestamp":"2025-10-22T15:08:30.082Z"}
{"level":"info","message":"⌛ Validating src/personas.wlk","timeElapsed":115,"timestamp":"2025-10-22T15:08:30.199Z"}
{"level":"info","message":"⌛ Building environment","timeElapsed":114,"timestamp":"2025-10-22T15:08:30.313Z"}
{"level":"info","message":"⌛ Building environment","timeElapsed":124,"timestamp":"2025-10-22T15:08:30.750Z"}
{"level":"error","message":"✘ Completions for node Send ([27:9, 27:15] - src/personas.wlk) failed: Error: [Send]{d6cf15} at src/personas.wlk:27 exhausted all cases without a match [Send]{d6cf15} at src/personas.wlk:27 exhausted all cases without a match","stack":"Error: [Send]{d6cf15} at src/personas.wlk:27 exhausted all cases without a match\n    at /home/publico/.var/app/com.visualstudio.code/data/vscode/extensions/uqbar.wollok-lsp-ide-0.5.3/out/server/src/server.js:38:6142\n    at D2 (/home/publico/.var/app/com.visualstudio.code/data/vscode/extensions/uqbar.wollok-lsp-ide-0.5.3/out/server/src/server.js:2384:42)\n    at Qh (/home/publico/.var/app/com.visualstudio.code/data/vscode/extensions/uqbar.wollok-lsp-ide-0.5.3/out/server/src/server.js:2384:1092)\n    at k6n (/home/publico/.var/app/com.visualstudio.code/data/vscode/extensions/uqbar.wollok-lsp-ide-0.5.3/out/server/src/server.js:2384:1248)\n    at /home/publico/.var/app/com.visualstudio.code/data/vscode/extensions/uqbar.wollok-lsp-ide-0.5.3/out/server/src/server.js:38:6131\n    at D2 (/home/publico/.var/app/com.visualstudio.code/data/vscode/extensions/uqbar.wollok-lsp-ide-0.5.3/out/server/src/server.js:2384:42)\n    at /home/publico/.var/app/com.visualstudio.code/data/vscode/extensions/uqbar.wollok-lsp-ide-0.5.3/out/server/src/server.js:2384:2988\n    at /home/publico/.var/app/com.visualstudio.code/data/vscode/extensions/uqbar.wollok-lsp-ide-0.5.3/out/server/src/server.js:2393:8440\n    at /home/publico/.var/app/com.visualstudio.code/data/vscode/extensions/uqbar.wollok-lsp-ide-0.5.3/out/server/src/server.js:37:74872\n    at Ye (/home/publico/.var/app/com.visualstudio.code/data/vscode/extensions/uqbar.wollok-lsp-ide-0.5.3/out/server/src/server.js:7:8527)","timestamp":"2025-10-22T15:08:30.790Z"}
{"level":"info","message":"⌛ Building environment","timeElapsed":122,"timestamp":"2025-10-22T15:08:30.914Z"}
{"level":"info","message":"⌛ Validating src/personas.wlk","timeElapsed":130,"timestamp":"2025-10-22T15:08:31.045Z"}
{"level":"info","message":"⌛ Building environment","timeElapsed":132,"timestamp":"2025-10-22T15:08:31.258Z"}
{"level":"info","message":"⌛ Building environment","timeElapsed":166,"timestamp":"2025-10-22T15:08:31.447Z"}
{"level":"info","message":"⌛ Building environment","timeElapsed":117,"timestamp":"2025-10-22T15:08:31.927Z"}
{"level":"info","message":"⌛ Building environment","timeElapsed":134,"timestamp":"2025-10-22T15:08:33.187Z"}
{"level":"info","message":"⌛ Building environment","timeElapsed":127,"timestamp":"2025-10-22T15:08:34.111Z"}
{"level":"info","message":"⌛ Building environment","timeElapsed":114,"timestamp":"2025-10-22T15:08:34.227Z"}
{"level":"info","message":"⌛ Building environment","timeElapsed":128,"timestamp":"2025-10-22T15:08:36.313Z"}
{"level":"info","message":"⌛ Validating src/personas.wlk","timeElapsed":123,"timestamp":"2025-10-22T15:08:36.438Z"}
{"level":"info","message":"⌛ Building environment","timeElapsed":126,"timestamp":"2025-10-22T15:08:36.564Z"}
{"level":"info","message":"⌛ Building environment","timeElapsed":125,"timestamp":"2025-10-22T15:08:37.413Z"}
{"level":"info","message":"⌛ Validating src/personas.wlk","timeElapsed":102,"timestamp":"2025-10-22T15:08:37.517Z"}
{"level":"info","message":"⌛ Building environment","timeElapsed":115,"timestamp":"2025-10-22T15:08:43.021Z"}
{"level":"info","message":"⌛ Building environment","timeElapsed":123,"timestamp":"2025-10-22T15:08:44.231Z"}
{"level":"info","message":"⌛ Building environment","timeElapsed":128,"timestamp":"2025-10-22T15:08:44.702Z"}
{"level":"info","message":"⌛ Building environment","timeElapsed":128,"timestamp":"2025-10-22T15:08:45.308Z"}
{"level":"info","message":"⌛ Building environment","timeElapsed":120,"timestamp":"2025-10-22T15:08:48.876Z"}
{"level":"info","message":"⌛ Building environment","timeElapsed":125,"timestamp":"2025-10-22T15:08:51.770Z"}
{"level":"error","message":"✘ Completions for node If ([27:9, 29:10] - src/personas.wlk) failed: Error: [If]{2f17b9} at src/personas.wlk:27 exhausted all cases without a match [If]{2f17b9} at src/personas.wlk:27 exhausted all cases without a match","stack":"Error: [If]{2f17b9} at src/personas.wlk:27 exhausted all cases without a match\n    at /home/publico/.var/app/com.visualstudio.code/data/vscode/extensions/uqbar.wollok-lsp-ide-0.5.3/out/server/src/server.js:38:6142\n    at D2 (/home/publico/.var/app/com.visualstudio.code/data/vscode/extensions/uqbar.wollok-lsp-ide-0.5.3/out/server/src/server.js:2384:42)\n    at Qh (/home/publico/.var/app/com.visualstudio.code/data/vscode/extensions/uqbar.wollok-lsp-ide-0.5.3/out/server/src/server.js:2384:1092)\n    at v6n (/home/publico/.var/app/com.visualstudio.code/data/vscode/extensions/uqbar.wollok-lsp-ide-0.5.3/out/server/src/server.js:2384:818)\n    at /home/publico/.var/app/com.visualstudio.code/data/vscode/extensions/uqbar.wollok-lsp-ide-0.5.3/out/server/src/server.js:38:6131\n    at D2 (/home/publico/.var/app/com.visualstudio.code/data/vscode/extensions/uqbar.wollok-lsp-ide-0.5.3/out/server/src/server.js:2384:42)\n    at Qh (/home/publico/.var/app/com.visualstudio.code/data/vscode/extensions/uqbar.wollok-lsp-ide-0.5.3/out/server/src/server.js:2384:1092)\n    at k6n (/home/publico/.var/app/com.visualstudio.code/data/vscode/extensions/uqbar.wollok-lsp-ide-0.5.3/out/server/src/server.js:2384:1248)\n    at /home/publico/.var/app/com.visualstudio.code/data/vscode/extensions/uqbar.wollok-lsp-ide-0.5.3/out/server/src/server.js:38:6131\n    at D2 (/home/publico/.var/app/com.visualstudio.code/data/vscode/extensions/uqbar.wollok-lsp-ide-0.5.3/out/server/src/server.js:2384:42)","timestamp":"2025-10-22T15:08:51.825Z"}
{"level":"info","message":"⌛ Building environment","timeElapsed":140,"timestamp":"2025-10-22T15:08:51.970Z"}
{"level":"info","message":"⌛ Validating src/personas.wlk","timeElapsed":101,"timestamp":"2025-10-22T15:08:52.071Z"}
{"level":"info","message":"⌛ Building environment","timeElapsed":129,"timestamp":"2025-10-22T15:08:52.202Z"}
{"level":"info","message":"⌛ Building environment","timeElapsed":194,"timestamp":"2025-10-22T15:08:52.510Z"}
{"level":"info","message":"⌛ Validating src/personas.wlk","timeElapsed":110,"timestamp":"2025-10-22T15:08:52.620Z"}
{"level":"info","message":"⌛ Building environment","timeElapsed":104,"timestamp":"2025-10-22T15:08:55.435Z"}
{"level":"info","message":"⌛ Building environment","timeElapsed":125,"timestamp":"2025-10-22T15:08:55.691Z"}
{"level":"info","message":"⌛ Building environment","timeElapsed":136,"timestamp":"2025-10-22T15:08:56.978Z"}
{"level":"info","message":"⌛ Building environment","timeElapsed":104,"timestamp":"2025-10-22T15:08:57.514Z"}
{"level":"info","message":"⌛ Building environment","timeElapsed":118,"timestamp":"2025-10-22T15:09:02.549Z"}
{"level":"error","message":"✘ Completions for node Send (undefined - src/personas.wlk) failed: Error: [Send]{18aecf} at src/personas.wlk:-- exhausted all cases without a match [Send]{18aecf} at src/personas.wlk:-- exhausted all cases without a match","stack":"Error: [Send]{18aecf} at src/personas.wlk:-- exhausted all cases without a match\n    at /home/publico/.var/app/com.visualstudio.code/data/vscode/extensions/uqbar.wollok-lsp-ide-0.5.3/out/server/src/server.js:38:6142\n    at D2 (/home/publico/.var/app/com.visualstudio.code/data/vscode/extensions/uqbar.wollok-lsp-ide-0.5.3/out/server/src/server.js:2384:42)\n    at Qh (/home/publico/.var/app/com.visualstudio.code/data/vscode/extensions/uqbar.wollok-lsp-ide-0.5.3/out/server/src/server.js:2384:1092)\n    at k6n (/home/publico/.var/app/com.visualstudio.code/data/vscode/extensions/uqbar.wollok-lsp-ide-0.5.3/out/server/src/server.js:2384:1248)\n    at /home/publico/.var/app/com.visualstudio.code/data/vscode/extensions/uqbar.wollok-lsp-ide-0.5.3/out/server/src/server.js:38:6131\n    at D2 (/home/publico/.var/app/com.visualstudio.code/data/vscode/extensions/uqbar.wollok-lsp-ide-0.5.3/out/server/src/server.js:2384:42)\n    at /home/publico/.var/app/com.visualstudio.code/data/vscode/extensions/uqbar.wollok-lsp-ide-0.5.3/out/server/src/server.js:2384:2988\n    at /home/publico/.var/app/com.visualstudio.code/data/vscode/extensions/uqbar.wollok-lsp-ide-0.5.3/out/server/src/server.js:2393:8440\n    at /home/publico/.var/app/com.visualstudio.code/data/vscode/extensions/uqbar.wollok-lsp-ide-0.5.3/out/server/src/server.js:37:74872\n    at Ye (/home/publico/.var/app/com.visualstudio.code/data/vscode/extensions/uqbar.wollok-lsp-ide-0.5.3/out/server/src/server.js:7:8527)","timestamp":"2025-10-22T15:09:02.588Z"}
{"level":"error","message":"✘ Completions for node Assignment ([28:13, 28:22] - src/personas.wlk) failed: Error: [Assignment]{2acf1e} at src/personas.wlk:28 exhausted all cases without a match [Assignment]{2acf1e} at src/personas.wlk:28 exhausted all cases without a match","stack":"Error: [Assignment]{2acf1e} at src/personas.wlk:28 exhausted all cases without a match\n    at /home/publico/.var/app/com.visualstudio.code/data/vscode/extensions/uqbar.wollok-lsp-ide-0.5.3/out/server/src/server.js:38:6142\n    at D2 (/home/publico/.var/app/com.visualstudio.code/data/vscode/extensions/uqbar.wollok-lsp-ide-0.5.3/out/server/src/server.js:2384:42)\n    at Qh (/home/publico/.var/app/com.visualstudio.code/data/vscode/extensions/uqbar.wollok-lsp-ide-0.5.3/out/server/src/server.js:2384:1092)\n    at D2 (/home/publico/.var/app/com.visualstudio.code/data/vscode/extensions/uqbar.wollok-lsp-ide-0.5.3/out/server/src/server.js:2384:544)\n    at Qh (/home/publico/.var/app/com.visualstudio.code/data/vscode/extensions/uqbar.wollok-lsp-ide-0.5.3/out/server/src/server.js:2384:1092)\n    at k6n (/home/publico/.var/app/com.visualstudio.code/data/vscode/extensions/uqbar.wollok-lsp-ide-0.5.3/out/server/src/server.js:2384:1248)\n    at /home/publico/.var/app/com.visualstudio.code/data/vscode/extensions/uqbar.wollok-lsp-ide-0.5.3/out/server/src/server.js:38:6131\n    at D2 (/home/publico/.var/app/com.visualstudio.code/data/vscode/extensions/uqbar.wollok-lsp-ide-0.5.3/out/server/src/server.js:2384:42)\n    at /home/publico/.var/app/com.visualstudio.code/data/vscode/extensions/uqbar.wollok-lsp-ide-0.5.3/out/server/src/server.js:2384:2988\n    at /home/publico/.var/app/com.visualstudio.code/data/vscode/extensions/uqbar.wollok-lsp-ide-0.5.3/out/server/src/server.js:2393:8440","timestamp":"2025-10-22T15:09:02.588Z"}
{"level":"error","message":"✘ Completions for node If ([27:9, 29:10] - src/personas.wlk) failed: Error: [If]{0986a4} at src/personas.wlk:27 exhausted all cases without a match [If]{0986a4} at src/personas.wlk:27 exhausted all cases without a match","stack":"Error: [If]{0986a4} at src/personas.wlk:27 exhausted all cases without a match\n    at /home/publico/.var/app/com.visualstudio.code/data/vscode/extensions/uqbar.wollok-lsp-ide-0.5.3/out/server/src/server.js:38:6142\n    at D2 (/home/publico/.var/app/com.visualstudio.code/data/vscode/extensions/uqbar.wollok-lsp-ide-0.5.3/out/server/src/server.js:2384:42)\n    at Qh (/home/publico/.var/app/com.visualstudio.code/data/vscode/extensions/uqbar.wollok-lsp-ide-0.5.3/out/server/src/server.js:2384:1092)\n    at v6n (/home/publico/.var/app/com.visualstudio.code/data/vscode/extensions/uqbar.wollok-lsp-ide-0.5.3/out/server/src/server.js:2384:818)\n    at /home/publico/.var/app/com.visualstudio.code/data/vscode/extensions/uqbar.wollok-lsp-ide-0.5.3/out/server/src/server.js:38:6131\n    at D2 (/home/publico/.var/app/com.visualstudio.code/data/vscode/extensions/uqbar.wollok-lsp-ide-0.5.3/out/server/src/server.js:2384:42)\n    at Qh (/home/publico/.var/app/com.visualstudio.code/data/vscode/extensions/uqbar.wollok-lsp-ide-0.5.3/out/server/src/server.js:2384:1092)\n    at D2 (/home/publico/.var/app/com.visualstudio.code/data/vscode/extensions/uqbar.wollok-lsp-ide-0.5.3/out/server/src/server.js:2384:544)\n    at Qh (/home/publico/.var/app/com.visualstudio.code/data/vscode/extensions/uqbar.wollok-lsp-ide-0.5.3/out/server/src/server.js:2384:1092)\n    at D2 (/home/publico/.var/app/com.visualstudio.code/data/vscode/extensions/uqbar.wollok-lsp-ide-0.5.3/out/server/src/server.js:2384:544)","timestamp":"2025-10-22T15:09:02.588Z"}
{"level":"info","message":"⌛ Building environment","timeElapsed":139,"timestamp":"2025-10-22T15:09:02.730Z"}
{"level":"info","message":"⌛ Validating src/personas.wlk","timeElapsed":133,"timestamp":"2025-10-22T15:09:02.864Z"}
{"level":"info","message":"⌛ Building environment","timeElapsed":147,"timestamp":"2025-10-22T15:09:03.011Z"}
{"level":"info","message":"⌛ Building environment","timeElapsed":137,"timestamp":"2025-10-22T15:09:03.248Z"}
{"level":"info","message":"⌛ Validating src/personas.wlk","timeElapsed":104,"timestamp":"2025-10-22T15:09:03.354Z"}
{"level":"info","message":"⌛ Building environment","timeElapsed":133,"timestamp":"2025-10-22T15:09:04.045Z"}
{"level":"error","message":"✘ Completions for node Send (undefined - src/personas.wlk) failed: Error: [Send]{152f3d} at src/personas.wlk:-- exhausted all cases without a match [Send]{152f3d} at src/personas.wlk:-- exhausted all cases without a match","stack":"Error: [Send]{152f3d} at src/personas.wlk:-- exhausted all cases without a match\n    at /home/publico/.var/app/com.visualstudio.code/data/vscode/extensions/uqbar.wollok-lsp-ide-0.5.3/out/server/src/server.js:38:6142\n    at D2 (/home/publico/.var/app/com.visualstudio.code/data/vscode/extensions/uqbar.wollok-lsp-ide-0.5.3/out/server/src/server.js:2384:42)\n    at Qh (/home/publico/.var/app/com.visualstudio.code/data/vscode/extensions/uqbar.wollok-lsp-ide-0.5.3/out/server/src/server.js:2384:1092)\n    at k6n (/home/publico/.var/app/com.visualstudio.code/data/vscode/extensions/uqbar.wollok-lsp-ide-0.5.3/out/server/src/server.js:2384:1248)\n    at /home/publico/.var/app/com.visualstudio.code/data/vscode/extensions/uqbar.wollok-lsp-ide-0.5.3/out/server/src/server.js:38:6131\n    at D2 (/home/publico/.var/app/com.visualstudio.code/data/vscode/extensions/uqbar.wollok-lsp-ide-0.5.3/out/server/src/server.js:2384:42)\n    at /home/publico/.var/app/com.visualstudio.code/data/vscode/extensions/uqbar.wollok-lsp-ide-0.5.3/out/server/src/server.js:2384:2988\n    at /home/publico/.var/app/com.visualstudio.code/data/vscode/extensions/uqbar.wollok-lsp-ide-0.5.3/out/server/src/server.js:2393:8440\n    at /home/publico/.var/app/com.visualstudio.code/data/vscode/extensions/uqbar.wollok-lsp-ide-0.5.3/out/server/src/server.js:37:74872\n    at Ye (/home/publico/.var/app/com.visualstudio.code/data/vscode/extensions/uqbar.wollok-lsp-ide-0.5.3/out/server/src/server.js:7:8527)","timestamp":"2025-10-22T15:09:04.110Z"}
{"level":"error","message":"✘ Completions for node Assignment ([28:13, 28:26] - src/personas.wlk) failed: Error: [Assignment]{c3da98} at src/personas.wlk:28 exhausted all cases without a match [Assignment]{c3da98} at src/personas.wlk:28 exhausted all cases without a match","stack":"Error: [Assignment]{c3da98} at src/personas.wlk:28 exhausted all cases without a match\n    at /home/publico/.var/app/com.visualstudio.code/data/vscode/extensions/uqbar.wollok-lsp-ide-0.5.3/out/server/src/server.js:38:6142\n    at D2 (/home/publico/.var/app/com.visualstudio.code/data/vscode/extensions/uqbar.wollok-lsp-ide-0.5.3/out/server/src/server.js:2384:42)\n    at Qh (/home/publico/.var/app/com.visualstudio.code/data/vscode/extensions/uqbar.wollok-lsp-ide-0.5.3/out/server/src/server.js:2384:1092)\n    at D2 (/home/publico/.var/app/com.visualstudio.code/data/vscode/extensions/uqbar.wollok-lsp-ide-0.5.3/out/server/src/server.js:2384:544)\n    at Qh (/home/publico/.var/app/com.visualstudio.code/data/vscode/extensions/uqbar.wollok-lsp-ide-0.5.3/out/server/src/server.js:2384:1092)\n    at k6n (/home/publico/.var/app/com.visualstudio.code/data/vscode/extensions/uqbar.wollok-lsp-ide-0.5.3/out/server/src/server.js:2384:1248)\n    at /home/publico/.var/app/com.visualstudio.code/data/vscode/extensions/uqbar.wollok-lsp-ide-0.5.3/out/server/src/server.js:38:6131\n    at D2 (/home/publico/.var/app/com.visualstudio.code/data/vscode/extensions/uqbar.wollok-lsp-ide-0.5.3/out/server/src/server.js:2384:42)\n    at /home/publico/.var/app/com.visualstudio.code/data/vscode/extensions/uqbar.wollok-lsp-ide-0.5.3/out/server/src/server.js:2384:2988\n    at /home/publico/.var/app/com.visualstudio.code/data/vscode/extensions/uqbar.wollok-lsp-ide-0.5.3/out/server/src/server.js:2393:8440","timestamp":"2025-10-22T15:09:04.110Z"}
{"level":"error","message":"✘ Completions for node If ([27:9, 29:10] - src/personas.wlk) failed: Error: [If]{ce51d8} at src/personas.wlk:27 exhausted all cases without a match [If]{ce51d8} at src/personas.wlk:27 exhausted all cases without a match","stack":"Error: [If]{ce51d8} at src/personas.wlk:27 exhausted all cases without a match\n    at /home/publico/.var/app/com.visualstudio.code/data/vscode/extensions/uqbar.wollok-lsp-ide-0.5.3/out/server/src/server.js:38:6142\n    at D2 (/home/publico/.var/app/com.visualstudio.code/data/vscode/extensions/uqbar.wollok-lsp-ide-0.5.3/out/server/src/server.js:2384:42)\n    at Qh (/home/publico/.var/app/com.visualstudio.code/data/vscode/extensions/uqbar.wollok-lsp-ide-0.5.3/out/server/src/server.js:2384:1092)\n    at v6n (/home/publico/.var/app/com.visualstudio.code/data/vscode/extensions/uqbar.wollok-lsp-ide-0.5.3/out/server/src/server.js:2384:818)\n    at /home/publico/.var/app/com.visualstudio.code/data/vscode/extensions/uqbar.wollok-lsp-ide-0.5.3/out/server/src/server.js:38:6131\n    at D2 (/home/publico/.var/app/com.visualstudio.code/data/vscode/extensions/uqbar.wollok-lsp-ide-0.5.3/out/server/src/server.js:2384:42)\n    at Qh (/home/publico/.var/app/com.visualstudio.code/data/vscode/extensions/uqbar.wollok-lsp-ide-0.5.3/out/server/src/server.js:2384:1092)\n    at D2 (/home/publico/.var/app/com.visualstudio.code/data/vscode/extensions/uqbar.wollok-lsp-ide-0.5.3/out/server/src/server.js:2384:544)\n    at Qh (/home/publico/.var/app/com.visualstudio.code/data/vscode/extensions/uqbar.wollok-lsp-ide-0.5.3/out/server/src/server.js:2384:1092)\n    at D2 (/home/publico/.var/app/com.visualstudio.code/data/vscode/extensions/uqbar.wollok-lsp-ide-0.5.3/out/server/src/server.js:2384:544)","timestamp":"2025-10-22T15:09:04.110Z"}
{"level":"info","message":"⌛ Building environment","timeElapsed":101,"timestamp":"2025-10-22T15:09:04.285Z"}
{"level":"info","message":"⌛ Validating src/personas.wlk","timeElapsed":101,"timestamp":"2025-10-22T15:09:04.387Z"}
{"level":"info","message":"⌛ Building environment","timeElapsed":138,"timestamp":"2025-10-22T15:09:04.558Z"}
{"level":"info","message":"⌛ Validating src/personas.wlk","timeElapsed":106,"timestamp":"2025-10-22T15:09:04.675Z"}
{"level":"info","message":"⌛ Building environment","timeElapsed":131,"timestamp":"2025-10-22T15:09:04.807Z"}
{"level":"info","message":"⌛ Building environment","timeElapsed":134,"timestamp":"2025-10-22T15:09:04.943Z"}
{"level":"error","message":"✘ Completions for node Send (undefined - src/personas.wlk) failed: Error: [Send]{85972a} at src/personas.wlk:-- exhausted all cases without a match [Send]{85972a} at src/personas.wlk:-- exhausted all cases without a match","stack":"Error: [Send]{85972a} at src/personas.wlk:-- exhausted all cases without a match\n    at /home/publico/.var/app/com.visualstudio.code/data/vscode/extensions/uqbar.wollok-lsp-ide-0.5.3/out/server/src/server.js:38:6142\n    at D2 (/home/publico/.var/app/com.visualstudio.code/data/vscode/extensions/uqbar.wollok-lsp-ide-0.5.3/out/server/src/server.js:2384:42)\n    at Qh (/home/publico/.var/app/com.visualstudio.code/data/vscode/extensions/uqbar.wollok-lsp-ide-0.5.3/out/server/src/server.js:2384:1092)\n    at k6n (/home/publico/.var/app/com.visualstudio.code/data/vscode/extensions/uqbar.wollok-lsp-ide-0.5.3/out/server/src/server.js:2384:1248)\n    at /home/publico/.var/app/com.visualstudio.code/data/vscode/extensions/uqbar.wollok-lsp-ide-0.5.3/out/server/src/server.js:38:6131\n    at D2 (/home/publico/.var/app/com.visualstudio.code/data/vscode/extensions/uqbar.wollok-lsp-ide-0.5.3/out/server/src/server.js:2384:42)\n    at /home/publico/.var/app/com.visualstudio.code/data/vscode/extensions/uqbar.wollok-lsp-ide-0.5.3/out/server/src/server.js:2384:2988\n    at /home/publico/.var/app/com.visualstudio.code/data/vscode/extensions/uqbar.wollok-lsp-ide-0.5.3/out/server/src/server.js:2393:8440\n    at /home/publico/.var/app/com.visualstudio.code/data/vscode/extensions/uqbar.wollok-lsp-ide-0.5.3/out/server/src/server.js:37:74872\n    at Ye (/home/publico/.var/app/com.visualstudio.code/data/vscode/extensions/uqbar.wollok-lsp-ide-0.5.3/out/server/src/server.js:7:8527)","timestamp":"2025-10-22T15:09:05.110Z"}
{"level":"error","message":"✘ Completions for node Assignment ([28:13, 28:26] - src/personas.wlk) failed: Error: [Assignment]{230525} at src/personas.wlk:28 exhausted all cases without a match [Assignment]{230525} at src/personas.wlk:28 exhausted all cases without a match","stack":"Error: [Assignment]{230525} at src/personas.wlk:28 exhausted all cases without a match\n    at /home/publico/.var/app/com.visualstudio.code/data/vscode/extensions/uqbar.wollok-lsp-ide-0.5.3/out/server/src/server.js:38:6142\n    at D2 (/home/publico/.var/app/com.visualstudio.code/data/vscode/extensions/uqbar.wollok-lsp-ide-0.5.3/out/server/src/server.js:2384:42)\n    at Qh (/home/publico/.var/app/com.visualstudio.code/data/vscode/extensions/uqbar.wollok-lsp-ide-0.5.3/out/server/src/server.js:2384:1092)\n    at D2 (/home/publico/.var/app/com.visualstudio.code/data/vscode/extensions/uqbar.wollok-lsp-ide-0.5.3/out/server/src/server.js:2384:544)\n    at Qh (/home/publico/.var/app/com.visualstudio.code/data/vscode/extensions/uqbar.wollok-lsp-ide-0.5.3/out/server/src/server.js:2384:1092)\n    at k6n (/home/publico/.var/app/com.visualstudio.code/data/vscode/extensions/uqbar.wollok-lsp-ide-0.5.3/out/server/src/server.js:2384:1248)\n    at /home/publico/.var/app/com.visualstudio.code/data/vscode/extensions/uqbar.wollok-lsp-ide-0.5.3/out/server/src/server.js:38:6131\n    at D2 (/home/publico/.var/app/com.visualstudio.code/data/vscode/extensions/uqbar.wollok-lsp-ide-0.5.3/out/server/src/server.js:2384:42)\n    at /home/publico/.var/app/com.visualstudio.code/data/vscode/extensions/uqbar.wollok-lsp-ide-0.5.3/out/server/src/server.js:2384:2988\n    at /home/publico/.var/app/com.visualstudio.code/data/vscode/extensions/uqbar.wollok-lsp-ide-0.5.3/out/server/src/server.js:2393:8440","timestamp":"2025-10-22T15:09:05.110Z"}
{"level":"error","message":"✘ Completions for node If ([27:9, 29:10] - src/personas.wlk) failed: Error: [If]{e67d80} at src/personas.wlk:27 exhausted all cases without a match [If]{e67d80} at src/personas.wlk:27 exhausted all cases without a match","stack":"Error: [If]{e67d80} at src/personas.wlk:27 exhausted all cases without a match\n    at /home/publico/.var/app/com.visualstudio.code/data/vscode/extensions/uqbar.wollok-lsp-ide-0.5.3/out/server/src/server.js:38:6142\n    at D2 (/home/publico/.var/app/com.visualstudio.code/data/vscode/extensions/uqbar.wollok-lsp-ide-0.5.3/out/server/src/server.js:2384:42)\n    at Qh (/home/publico/.var/app/com.visualstudio.code/data/vscode/extensions/uqbar.wollok-lsp-ide-0.5.3/out/server/src/server.js:2384:1092)\n    at v6n (/home/publico/.var/app/com.visualstudio.code/data/vscode/extensions/uqbar.wollok-lsp-ide-0.5.3/out/server/src/server.js:2384:818)\n    at /home/publico/.var/app/com.visualstudio.code/data/vscode/extensions/uqbar.wollok-lsp-ide-0.5.3/out/server/src/server.js:38:6131\n    at D2 (/home/publico/.var/app/com.visualstudio.code/data/vscode/extensions/uqbar.wollok-lsp-ide-0.5.3/out/server/src/server.js:2384:42)\n    at Qh (/home/publico/.var/app/com.visualstudio.code/data/vscode/extensions/uqbar.wollok-lsp-ide-0.5.3/out/server/src/server.js:2384:1092)\n    at D2 (/home/publico/.var/app/com.visualstudio.code/data/vscode/extensions/uqbar.wollok-lsp-ide-0.5.3/out/server/src/server.js:2384:544)\n    at Qh (/home/publico/.var/app/com.visualstudio.code/data/vscode/extensions/uqbar.wollok-lsp-ide-0.5.3/out/server/src/server.js:2384:1092)\n    at D2 (/home/publico/.var/app/com.visualstudio.code/data/vscode/extensions/uqbar.wollok-lsp-ide-0.5.3/out/server/src/server.js:2384:544)","timestamp":"2025-10-22T15:09:05.110Z"}
{"level":"info","message":"⌛ Building environment","timeElapsed":114,"timestamp":"2025-10-22T15:09:05.237Z"}
{"level":"info","message":"⌛ Validating src/personas.wlk","timeElapsed":112,"timestamp":"2025-10-22T15:09:05.350Z"}
{"level":"info","message":"⌛ Building environment","timeElapsed":131,"timestamp":"2025-10-22T15:09:05.482Z"}
{"level":"info","message":"⌛ Validating src/personas.wlk","timeElapsed":102,"timestamp":"2025-10-22T15:09:05.584Z"}
{"level":"info","message":"⌛ Building environment","timeElapsed":131,"timestamp":"2025-10-22T15:09:05.717Z"}
{"level":"error","message":"✘ Completions for node Send (undefined - src/personas.wlk) failed: Error: [Send]{3ffb6c} at src/personas.wlk:-- exhausted all cases without a match [Send]{3ffb6c} at src/personas.wlk:-- exhausted all cases without a match","stack":"Error: [Send]{3ffb6c} at src/personas.wlk:-- exhausted all cases without a match\n    at /home/publico/.var/app/com.visualstudio.code/data/vscode/extensions/uqbar.wollok-lsp-ide-0.5.3/out/server/src/server.js:38:6142\n    at D2 (/home/publico/.var/app/com.visualstudio.code/data/vscode/extensions/uqbar.wollok-lsp-ide-0.5.3/out/server/src/server.js:2384:42)\n    at Qh (/home/publico/.var/app/com.visualstudio.code/data/vscode/extensions/uqbar.wollok-lsp-ide-0.5.3/out/server/src/server.js:2384:1092)\n    at k6n (/home/publico/.var/app/com.visualstudio.code/data/vscode/extensions/uqbar.wollok-lsp-ide-0.5.3/out/server/src/server.js:2384:1248)\n    at /home/publico/.var/app/com.visualstudio.code/data/vscode/extensions/uqbar.wollok-lsp-ide-0.5.3/out/server/src/server.js:38:6131\n    at D2 (/home/publico/.var/app/com.visualstudio.code/data/vscode/extensions/uqbar.wollok-lsp-ide-0.5.3/out/server/src/server.js:2384:42)\n    at /home/publico/.var/app/com.visualstudio.code/data/vscode/extensions/uqbar.wollok-lsp-ide-0.5.3/out/server/src/server.js:2384:2988\n    at /home/publico/.var/app/com.visualstudio.code/data/vscode/extensions/uqbar.wollok-lsp-ide-0.5.3/out/server/src/server.js:2393:8440\n    at /home/publico/.var/app/com.visualstudio.code/data/vscode/extensions/uqbar.wollok-lsp-ide-0.5.3/out/server/src/server.js:37:74872\n    at Ye (/home/publico/.var/app/com.visualstudio.code/data/vscode/extensions/uqbar.wollok-lsp-ide-0.5.3/out/server/src/server.js:7:8527)","timestamp":"2025-10-22T15:09:05.767Z"}
{"level":"error","message":"✘ Completions for node Assignment ([28:13, 28:29] - src/personas.wlk) failed: Error: [Assignment]{40c557} at src/personas.wlk:28 exhausted all cases without a match [Assignment]{40c557} at src/personas.wlk:28 exhausted all cases without a match","stack":"Error: [Assignment]{40c557} at src/personas.wlk:28 exhausted all cases without a match\n    at /home/publico/.var/app/com.visualstudio.code/data/vscode/extensions/uqbar.wollok-lsp-ide-0.5.3/out/server/src/server.js:38:6142\n    at D2 (/home/publico/.var/app/com.visualstudio.code/data/vscode/extensions/uqbar.wollok-lsp-ide-0.5.3/out/server/src/server.js:2384:42)\n    at Qh (/home/publico/.var/app/com.visualstudio.code/data/vscode/extensions/uqbar.wollok-lsp-ide-0.5.3/out/server/src/server.js:2384:1092)\n    at D2 (/home/publico/.var/app/com.visualstudio.code/data/vscode/extensions/uqbar.wollok-lsp-ide-0.5.3/out/server/src/server.js:2384:544)\n    at Qh (/home/publico/.var/app/com.visualstudio.code/data/vscode/extensions/uqbar.wollok-lsp-ide-0.5.3/out/server/src/server.js:2384:1092)\n    at k6n (/home/publico/.var/app/com.visualstudio.code/data/vscode/extensions/uqbar.wollok-lsp-ide-0.5.3/out/server/src/server.js:2384:1248)\n    at /home/publico/.var/app/com.visualstudio.code/data/vscode/extensions/uqbar.wollok-lsp-ide-0.5.3/out/server/src/server.js:38:6131\n    at D2 (/home/publico/.var/app/com.visualstudio.code/data/vscode/extensions/uqbar.wollok-lsp-ide-0.5.3/out/server/src/server.js:2384:42)\n    at /home/publico/.var/app/com.visualstudio.code/data/vscode/extensions/uqbar.wollok-lsp-ide-0.5.3/out/server/src/server.js:2384:2988\n    at /home/publico/.var/app/com.visualstudio.code/data/vscode/extensions/uqbar.wollok-lsp-ide-0.5.3/out/server/src/server.js:2393:8440","timestamp":"2025-10-22T15:09:05.767Z"}
{"level":"error","message":"✘ Completions for node If ([27:9, 29:10] - src/personas.wlk) failed: Error: [If]{4786ce} at src/personas.wlk:27 exhausted all cases without a match [If]{4786ce} at src/personas.wlk:27 exhausted all cases without a match","stack":"Error: [If]{4786ce} at src/personas.wlk:27 exhausted all cases without a match\n    at /home/publico/.var/app/com.visualstudio.code/data/vscode/extensions/uqbar.wollok-lsp-ide-0.5.3/out/server/src/server.js:38:6142\n    at D2 (/home/publico/.var/app/com.visualstudio.code/data/vscode/extensions/uqbar.wollok-lsp-ide-0.5.3/out/server/src/server.js:2384:42)\n    at Qh (/home/publico/.var/app/com.visualstudio.code/data/vscode/extensions/uqbar.wollok-lsp-ide-0.5.3/out/server/src/server.js:2384:1092)\n    at v6n (/home/publico/.var/app/com.visualstudio.code/data/vscode/extensions/uqbar.wollok-lsp-ide-0.5.3/out/server/src/server.js:2384:818)\n    at /home/publico/.var/app/com.visualstudio.code/data/vscode/extensions/uqbar.wollok-lsp-ide-0.5.3/out/server/src/server.js:38:6131\n    at D2 (/home/publico/.var/app/com.visualstudio.code/data/vscode/extensions/uqbar.wollok-lsp-ide-0.5.3/out/server/src/server.js:2384:42)\n    at Qh (/home/publico/.var/app/com.visualstudio.code/data/vscode/extensions/uqbar.wollok-lsp-ide-0.5.3/out/server/src/server.js:2384:1092)\n    at D2 (/home/publico/.var/app/com.visualstudio.code/data/vscode/extensions/uqbar.wollok-lsp-ide-0.5.3/out/server/src/server.js:2384:544)\n    at Qh (/home/publico/.var/app/com.visualstudio.code/data/vscode/extensions/uqbar.wollok-lsp-ide-0.5.3/out/server/src/server.js:2384:1092)\n    at D2 (/home/publico/.var/app/com.visualstudio.code/data/vscode/extensions/uqbar.wollok-lsp-ide-0.5.3/out/server/src/server.js:2384:544)","timestamp":"2025-10-22T15:09:05.767Z"}
{"level":"info","message":"⌛ Building environment","timeElapsed":113,"timestamp":"2025-10-22T15:09:05.882Z"}
{"level":"info","message":"⌛ Building environment","timeElapsed":106,"timestamp":"2025-10-22T15:09:06.591Z"}
{"level":"error","message":"✘ Completions for node Send (undefined - src/personas.wlk) failed: Error: [Send]{a5ad5f} at src/personas.wlk:-- exhausted all cases without a match [Send]{a5ad5f} at src/personas.wlk:-- exhausted all cases without a match","stack":"Error: [Send]{a5ad5f} at src/personas.wlk:-- exhausted all cases without a match\n    at /home/publico/.var/app/com.visualstudio.code/data/vscode/extensions/uqbar.wollok-lsp-ide-0.5.3/out/server/src/server.js:38:6142\n    at D2 (/home/publico/.var/app/com.visualstudio.code/data/vscode/extensions/uqbar.wollok-lsp-ide-0.5.3/out/server/src/server.js:2384:42)\n    at Qh (/home/publico/.var/app/com.visualstudio.code/data/vscode/extensions/uqbar.wollok-lsp-ide-0.5.3/out/server/src/server.js:2384:1092)\n    at k6n (/home/publico/.var/app/com.visualstudio.code/data/vscode/extensions/uqbar.wollok-lsp-ide-0.5.3/out/server/src/server.js:2384:1248)\n    at /home/publico/.var/app/com.visualstudio.code/data/vscode/extensions/uqbar.wollok-lsp-ide-0.5.3/out/server/src/server.js:38:6131\n    at D2 (/home/publico/.var/app/com.visualstudio.code/data/vscode/extensions/uqbar.wollok-lsp-ide-0.5.3/out/server/src/server.js:2384:42)\n    at /home/publico/.var/app/com.visualstudio.code/data/vscode/extensions/uqbar.wollok-lsp-ide-0.5.3/out/server/src/server.js:2384:2988\n    at /home/publico/.var/app/com.visualstudio.code/data/vscode/extensions/uqbar.wollok-lsp-ide-0.5.3/out/server/src/server.js:2393:8440\n    at /home/publico/.var/app/com.visualstudio.code/data/vscode/extensions/uqbar.wollok-lsp-ide-0.5.3/out/server/src/server.js:37:74872\n    at Ye (/home/publico/.var/app/com.visualstudio.code/data/vscode/extensions/uqbar.wollok-lsp-ide-0.5.3/out/server/src/server.js:7:8527)","timestamp":"2025-10-22T15:09:06.622Z"}
{"level":"error","message":"✘ Completions for node Assignment ([28:13, 28:33] - src/personas.wlk) failed: Error: [Assignment]{2fde7b} at src/personas.wlk:28 exhausted all cases without a match [Assignment]{2fde7b} at src/personas.wlk:28 exhausted all cases without a match","stack":"Error: [Assignment]{2fde7b} at src/personas.wlk:28 exhausted all cases without a match\n    at /home/publico/.var/app/com.visualstudio.code/data/vscode/extensions/uqbar.wollok-lsp-ide-0.5.3/out/server/src/server.js:38:6142\n    at D2 (/home/publico/.var/app/com.visualstudio.code/data/vscode/extensions/uqbar.wollok-lsp-ide-0.5.3/out/server/src/server.js:2384:42)\n    at Qh (/home/publico/.var/app/com.visualstudio.code/data/vscode/extensions/uqbar.wollok-lsp-ide-0.5.3/out/server/src/server.js:2384:1092)\n    at D2 (/home/publico/.var/app/com.visualstudio.code/data/vscode/extensions/uqbar.wollok-lsp-ide-0.5.3/out/server/src/server.js:2384:544)\n    at Qh (/home/publico/.var/app/com.visualstudio.code/data/vscode/extensions/uqbar.wollok-lsp-ide-0.5.3/out/server/src/server.js:2384:1092)\n    at k6n (/home/publico/.var/app/com.visualstudio.code/data/vscode/extensions/uqbar.wollok-lsp-ide-0.5.3/out/server/src/server.js:2384:1248)\n    at /home/publico/.var/app/com.visualstudio.code/data/vscode/extensions/uqbar.wollok-lsp-ide-0.5.3/out/server/src/server.js:38:6131\n    at D2 (/home/publico/.var/app/com.visualstudio.code/data/vscode/extensions/uqbar.wollok-lsp-ide-0.5.3/out/server/src/server.js:2384:42)\n    at /home/publico/.var/app/com.visualstudio.code/data/vscode/extensions/uqbar.wollok-lsp-ide-0.5.3/out/server/src/server.js:2384:2988\n    at /home/publico/.var/app/com.visualstudio.code/data/vscode/extensions/uqbar.wollok-lsp-ide-0.5.3/out/server/src/server.js:2393:8440","timestamp":"2025-10-22T15:09:06.622Z"}
{"level":"error","message":"✘ Completions for node If ([27:9, 29:10] - src/personas.wlk) failed: Error: [If]{3f9feb} at src/personas.wlk:27 exhausted all cases without a match [If]{3f9feb} at src/personas.wlk:27 exhausted all cases without a match","stack":"Error: [If]{3f9feb} at src/personas.wlk:27 exhausted all cases without a match\n    at /home/publico/.var/app/com.visualstudio.code/data/vscode/extensions/uqbar.wollok-lsp-ide-0.5.3/out/server/src/server.js:38:6142\n    at D2 (/home/publico/.var/app/com.visualstudio.code/data/vscode/extensions/uqbar.wollok-lsp-ide-0.5.3/out/server/src/server.js:2384:42)\n    at Qh (/home/publico/.var/app/com.visualstudio.code/data/vscode/extensions/uqbar.wollok-lsp-ide-0.5.3/out/server/src/server.js:2384:1092)\n    at v6n (/home/publico/.var/app/com.visualstudio.code/data/vscode/extensions/uqbar.wollok-lsp-ide-0.5.3/out/server/src/server.js:2384:818)\n    at /home/publico/.var/app/com.visualstudio.code/data/vscode/extensions/uqbar.wollok-lsp-ide-0.5.3/out/server/src/server.js:38:6131\n    at D2 (/home/publico/.var/app/com.visualstudio.code/data/vscode/extensions/uqbar.wollok-lsp-ide-0.5.3/out/server/src/server.js:2384:42)\n    at Qh (/home/publico/.var/app/com.visualstudio.code/data/vscode/extensions/uqbar.wollok-lsp-ide-0.5.3/out/server/src/server.js:2384:1092)\n    at D2 (/home/publico/.var/app/com.visualstudio.code/data/vscode/extensions/uqbar.wollok-lsp-ide-0.5.3/out/server/src/server.js:2384:544)\n    at Qh (/home/publico/.var/app/com.visualstudio.code/data/vscode/extensions/uqbar.wollok-lsp-ide-0.5.3/out/server/src/server.js:2384:1092)\n    at D2 (/home/publico/.var/app/com.visualstudio.code/data/vscode/extensions/uqbar.wollok-lsp-ide-0.5.3/out/server/src/server.js:2384:544)","timestamp":"2025-10-22T15:09:06.622Z"}
{"level":"info","message":"⌛ Building environment","timeElapsed":102,"timestamp":"2025-10-22T15:09:06.725Z"}
{"level":"info","message":"⌛ Building environment","timeElapsed":141,"timestamp":"2025-10-22T15:09:06.867Z"}
{"level":"error","message":"✘ Completions for node Send (undefined - src/personas.wlk) failed: Error: [Send]{a8d678} at src/personas.wlk:-- exhausted all cases without a match [Send]{a8d678} at src/personas.wlk:-- exhausted all cases without a match","stack":"Error: [Send]{a8d678} at src/personas.wlk:-- exhausted all cases without a match\n    at /home/publico/.var/app/com.visualstudio.code/data/vscode/extensions/uqbar.wollok-lsp-ide-0.5.3/out/server/src/server.js:38:6142\n    at D2 (/home/publico/.var/app/com.visualstudio.code/data/vscode/extensions/uqbar.wollok-lsp-ide-0.5.3/out/server/src/server.js:2384:42)\n    at Qh (/home/publico/.var/app/com.visualstudio.code/data/vscode/extensions/uqbar.wollok-lsp-ide-0.5.3/out/server/src/server.js:2384:1092)\n    at k6n (/home/publico/.var/app/com.visualstudio.code/data/vscode/extensions/uqbar.wollok-lsp-ide-0.5.3/out/server/src/server.js:2384:1248)\n    at /home/publico/.var/app/com.visualstudio.code/data/vscode/extensions/uqbar.wollok-lsp-ide-0.5.3/out/server/src/server.js:38:6131\n    at D2 (/home/publico/.var/app/com.visualstudio.code/data/vscode/extensions/uqbar.wollok-lsp-ide-0.5.3/out/server/src/server.js:2384:42)\n    at /home/publico/.var/app/com.visualstudio.code/data/vscode/extensions/uqbar.wollok-lsp-ide-0.5.3/out/server/src/server.js:2384:2988\n    at /home/publico/.var/app/com.visualstudio.code/data/vscode/extensions/uqbar.wollok-lsp-ide-0.5.3/out/server/src/server.js:2393:8440\n    at /home/publico/.var/app/com.visualstudio.code/data/vscode/extensions/uqbar.wollok-lsp-ide-0.5.3/out/server/src/server.js:37:74872\n    at Ye (/home/publico/.var/app/com.visualstudio.code/data/vscode/extensions/uqbar.wollok-lsp-ide-0.5.3/out/server/src/server.js:7:8527)","timestamp":"2025-10-22T15:09:07.257Z"}
{"level":"error","message":"✘ Completions for node Assignment ([28:13, 28:36] - src/personas.wlk) failed: Error: [Assignment]{b7b04d} at src/personas.wlk:28 exhausted all cases without a match [Assignment]{b7b04d} at src/personas.wlk:28 exhausted all cases without a match","stack":"Error: [Assignment]{b7b04d} at src/personas.wlk:28 exhausted all cases without a match\n    at /home/publico/.var/app/com.visualstudio.code/data/vscode/extensions/uqbar.wollok-lsp-ide-0.5.3/out/server/src/server.js:38:6142\n    at D2 (/home/publico/.var/app/com.visualstudio.code/data/vscode/extensions/uqbar.wollok-lsp-ide-0.5.3/out/server/src/server.js:2384:42)\n    at Qh (/home/publico/.var/app/com.visualstudio.code/data/vscode/extensions/uqbar.wollok-lsp-ide-0.5.3/out/server/src/server.js:2384:1092)\n    at D2 (/home/publico/.var/app/com.visualstudio.code/data/vscode/extensions/uqbar.wollok-lsp-ide-0.5.3/out/server/src/server.js:2384:544)\n    at Qh (/home/publico/.var/app/com.visualstudio.code/data/vscode/extensions/uqbar.wollok-lsp-ide-0.5.3/out/server/src/server.js:2384:1092)\n    at k6n (/home/publico/.var/app/com.visualstudio.code/data/vscode/extensions/uqbar.wollok-lsp-ide-0.5.3/out/server/src/server.js:2384:1248)\n    at /home/publico/.var/app/com.visualstudio.code/data/vscode/extensions/uqbar.wollok-lsp-ide-0.5.3/out/server/src/server.js:38:6131\n    at D2 (/home/publico/.var/app/com.visualstudio.code/data/vscode/extensions/uqbar.wollok-lsp-ide-0.5.3/out/server/src/server.js:2384:42)\n    at /home/publico/.var/app/com.visualstudio.code/data/vscode/extensions/uqbar.wollok-lsp-ide-0.5.3/out/server/src/server.js:2384:2988\n    at /home/publico/.var/app/com.visualstudio.code/data/vscode/extensions/uqbar.wollok-lsp-ide-0.5.3/out/server/src/server.js:2393:8440","timestamp":"2025-10-22T15:09:07.257Z"}
{"level":"error","message":"✘ Completions for node If ([27:9, 29:10] - src/personas.wlk) failed: Error: [If]{02991f} at src/personas.wlk:27 exhausted all cases without a match [If]{02991f} at src/personas.wlk:27 exhausted all cases without a match","stack":"Error: [If]{02991f} at src/personas.wlk:27 exhausted all cases without a match\n    at /home/publico/.var/app/com.visualstudio.code/data/vscode/extensions/uqbar.wollok-lsp-ide-0.5.3/out/server/src/server.js:38:6142\n    at D2 (/home/publico/.var/app/com.visualstudio.code/data/vscode/extensions/uqbar.wollok-lsp-ide-0.5.3/out/server/src/server.js:2384:42)\n    at Qh (/home/publico/.var/app/com.visualstudio.code/data/vscode/extensions/uqbar.wollok-lsp-ide-0.5.3/out/server/src/server.js:2384:1092)\n    at v6n (/home/publico/.var/app/com.visualstudio.code/data/vscode/extensions/uqbar.wollok-lsp-ide-0.5.3/out/server/src/server.js:2384:818)\n    at /home/publico/.var/app/com.visualstudio.code/data/vscode/extensions/uqbar.wollok-lsp-ide-0.5.3/out/server/src/server.js:38:6131\n    at D2 (/home/publico/.var/app/com.visualstudio.code/data/vscode/extensions/uqbar.wollok-lsp-ide-0.5.3/out/server/src/server.js:2384:42)\n    at Qh (/home/publico/.var/app/com.visualstudio.code/data/vscode/extensions/uqbar.wollok-lsp-ide-0.5.3/out/server/src/server.js:2384:1092)\n    at D2 (/home/publico/.var/app/com.visualstudio.code/data/vscode/extensions/uqbar.wollok-lsp-ide-0.5.3/out/server/src/server.js:2384:544)\n    at Qh (/home/publico/.var/app/com.visualstudio.code/data/vscode/extensions/uqbar.wollok-lsp-ide-0.5.3/out/server/src/server.js:2384:1092)\n    at D2 (/home/publico/.var/app/com.visualstudio.code/data/vscode/extensions/uqbar.wollok-lsp-ide-0.5.3/out/server/src/server.js:2384:544)","timestamp":"2025-10-22T15:09:07.258Z"}
{"level":"info","message":"⌛ Building environment","timeElapsed":101,"timestamp":"2025-10-22T15:09:07.518Z"}
{"level":"error","message":"✘ Completions for node Send (undefined - src/personas.wlk) failed: Error: [Send]{b2827f} at src/personas.wlk:-- exhausted all cases without a match [Send]{b2827f} at src/personas.wlk:-- exhausted all cases without a match","stack":"Error: [Send]{b2827f} at src/personas.wlk:-- exhausted all cases without a match\n    at /home/publico/.var/app/com.visualstudio.code/data/vscode/extensions/uqbar.wollok-lsp-ide-0.5.3/out/server/src/server.js:38:6142\n    at D2 (/home/publico/.var/app/com.visualstudio.code/data/vscode/extensions/uqbar.wollok-lsp-ide-0.5.3/out/server/src/server.js:2384:42)\n    at Qh (/home/publico/.var/app/com.visualstudio.code/data/vscode/extensions/uqbar.wollok-lsp-ide-0.5.3/out/server/src/server.js:2384:1092)\n    at k6n (/home/publico/.var/app/com.visualstudio.code/data/vscode/extensions/uqbar.wollok-lsp-ide-0.5.3/out/server/src/server.js:2384:1248)\n    at /home/publico/.var/app/com.visualstudio.code/data/vscode/extensions/uqbar.wollok-lsp-ide-0.5.3/out/server/src/server.js:38:6131\n    at D2 (/home/publico/.var/app/com.visualstudio.code/data/vscode/extensions/uqbar.wollok-lsp-ide-0.5.3/out/server/src/server.js:2384:42)\n    at /home/publico/.var/app/com.visualstudio.code/data/vscode/extensions/uqbar.wollok-lsp-ide-0.5.3/out/server/src/server.js:2384:2988\n    at /home/publico/.var/app/com.visualstudio.code/data/vscode/extensions/uqbar.wollok-lsp-ide-0.5.3/out/server/src/server.js:2393:8440\n    at /home/publico/.var/app/com.visualstudio.code/data/vscode/extensions/uqbar.wollok-lsp-ide-0.5.3/out/server/src/server.js:37:74872\n    at Ye (/home/publico/.var/app/com.visualstudio.code/data/vscode/extensions/uqbar.wollok-lsp-ide-0.5.3/out/server/src/server.js:7:8527)","timestamp":"2025-10-22T15:09:07.564Z"}
{"level":"error","message":"✘ Completions for node Assignment ([28:13, 28:38] - src/personas.wlk) failed: Error: [Assignment]{0adaf2} at src/personas.wlk:28 exhausted all cases without a match [Assignment]{0adaf2} at src/personas.wlk:28 exhausted all cases without a match","stack":"Error: [Assignment]{0adaf2} at src/personas.wlk:28 exhausted all cases without a match\n    at /home/publico/.var/app/com.visualstudio.code/data/vscode/extensions/uqbar.wollok-lsp-ide-0.5.3/out/server/src/server.js:38:6142\n    at D2 (/home/publico/.var/app/com.visualstudio.code/data/vscode/extensions/uqbar.wollok-lsp-ide-0.5.3/out/server/src/server.js:2384:42)\n    at Qh (/home/publico/.var/app/com.visualstudio.code/data/vscode/extensions/uqbar.wollok-lsp-ide-0.5.3/out/server/src/server.js:2384:1092)\n    at D2 (/home/publico/.var/app/com.visualstudio.code/data/vscode/extensions/uqbar.wollok-lsp-ide-0.5.3/out/server/src/server.js:2384:544)\n    at Qh (/home/publico/.var/app/com.visualstudio.code/data/vscode/extensions/uqbar.wollok-lsp-ide-0.5.3/out/server/src/server.js:2384:1092)\n    at k6n (/home/publico/.var/app/com.visualstudio.code/data/vscode/extensions/uqbar.wollok-lsp-ide-0.5.3/out/server/src/server.js:2384:1248)\n    at /home/publico/.var/app/com.visualstudio.code/data/vscode/extensions/uqbar.wollok-lsp-ide-0.5.3/out/server/src/server.js:38:6131\n    at D2 (/home/publico/.var/app/com.visualstudio.code/data/vscode/extensions/uqbar.wollok-lsp-ide-0.5.3/out/server/src/server.js:2384:42)\n    at /home/publico/.var/app/com.visualstudio.code/data/vscode/extensions/uqbar.wollok-lsp-ide-0.5.3/out/server/src/server.js:2384:2988\n    at /home/publico/.var/app/com.visualstudio.code/data/vscode/extensions/uqbar.wollok-lsp-ide-0.5.3/out/server/src/server.js:2393:8440","timestamp":"2025-10-22T15:09:07.565Z"}
{"level":"error","message":"✘ Completions for node If ([27:9, 29:10] - src/personas.wlk) failed: Error: [If]{d87219} at src/personas.wlk:27 exhausted all cases without a match [If]{d87219} at src/personas.wlk:27 exhausted all cases without a match","stack":"Error: [If]{d87219} at src/personas.wlk:27 exhausted all cases without a match\n    at /home/publico/.var/app/com.visualstudio.code/data/vscode/extensions/uqbar.wollok-lsp-ide-0.5.3/out/server/src/server.js:38:6142\n    at D2 (/home/publico/.var/app/com.visualstudio.code/data/vscode/extensions/uqbar.wollok-lsp-ide-0.5.3/out/server/src/server.js:2384:42)\n    at Qh (/home/publico/.var/app/com.visualstudio.code/data/vscode/extensions/uqbar.wollok-lsp-ide-0.5.3/out/server/src/server.js:2384:1092)\n    at v6n (/home/publico/.var/app/com.visualstudio.code/data/vscode/extensions/uqbar.wollok-lsp-ide-0.5.3/out/server/src/server.js:2384:818)\n    at /home/publico/.var/app/com.visualstudio.code/data/vscode/extensions/uqbar.wollok-lsp-ide-0.5.3/out/server/src/server.js:38:6131\n    at D2 (/home/publico/.var/app/com.visualstudio.code/data/vscode/extensions/uqbar.wollok-lsp-ide-0.5.3/out/server/src/server.js:2384:42)\n    at Qh (/home/publico/.var/app/com.visualstudio.code/data/vscode/extensions/uqbar.wollok-lsp-ide-0.5.3/out/server/src/server.js:2384:1092)\n    at D2 (/home/publico/.var/app/com.visualstudio.code/data/vscode/extensions/uqbar.wollok-lsp-ide-0.5.3/out/server/src/server.js:2384:544)\n    at Qh (/home/publico/.var/app/com.visualstudio.code/data/vscode/extensions/uqbar.wollok-lsp-ide-0.5.3/out/server/src/server.js:2384:1092)\n    at D2 (/home/publico/.var/app/com.visualstudio.code/data/vscode/extensions/uqbar.wollok-lsp-ide-0.5.3/out/server/src/server.js:2384:544)","timestamp":"2025-10-22T15:09:07.567Z"}
{"level":"info","message":"⌛ Building environment","timeElapsed":107,"timestamp":"2025-10-22T15:09:07.745Z"}
{"level":"info","message":"⌛ Building environment","timeElapsed":133,"timestamp":"2025-10-22T15:09:08.040Z"}
{"level":"error","message":"✘ Completions for node Send (undefined - src/personas.wlk) failed: Error: [Send]{b97e1e} at src/personas.wlk:-- exhausted all cases without a match [Send]{b97e1e} at src/personas.wlk:-- exhausted all cases without a match","stack":"Error: [Send]{b97e1e} at src/personas.wlk:-- exhausted all cases without a match\n    at /home/publico/.var/app/com.visualstudio.code/data/vscode/extensions/uqbar.wollok-lsp-ide-0.5.3/out/server/src/server.js:38:6142\n    at D2 (/home/publico/.var/app/com.visualstudio.code/data/vscode/extensions/uqbar.wollok-lsp-ide-0.5.3/out/server/src/server.js:2384:42)\n    at Qh (/home/publico/.var/app/com.visualstudio.code/data/vscode/extensions/uqbar.wollok-lsp-ide-0.5.3/out/server/src/server.js:2384:1092)\n    at k6n (/home/publico/.var/app/com.visualstudio.code/data/vscode/extensions/uqbar.wollok-lsp-ide-0.5.3/out/server/src/server.js:2384:1248)\n    at /home/publico/.var/app/com.visualstudio.code/data/vscode/extensions/uqbar.wollok-lsp-ide-0.5.3/out/server/src/server.js:38:6131\n    at D2 (/home/publico/.var/app/com.visualstudio.code/data/vscode/extensions/uqbar.wollok-lsp-ide-0.5.3/out/server/src/server.js:2384:42)\n    at /home/publico/.var/app/com.visualstudio.code/data/vscode/extensions/uqbar.wollok-lsp-ide-0.5.3/out/server/src/server.js:2384:2988\n    at /home/publico/.var/app/com.visualstudio.code/data/vscode/extensions/uqbar.wollok-lsp-ide-0.5.3/out/server/src/server.js:2393:8440\n    at /home/publico/.var/app/com.visualstudio.code/data/vscode/extensions/uqbar.wollok-lsp-ide-0.5.3/out/server/src/server.js:37:74872\n    at Ye (/home/publico/.var/app/com.visualstudio.code/data/vscode/extensions/uqbar.wollok-lsp-ide-0.5.3/out/server/src/server.js:7:8527)","timestamp":"2025-10-22T15:09:08.077Z"}
{"level":"error","message":"✘ Completions for node Assignment ([28:13, 28:41] - src/personas.wlk) failed: Error: [Assignment]{aecbe5} at src/personas.wlk:28 exhausted all cases without a match [Assignment]{aecbe5} at src/personas.wlk:28 exhausted all cases without a match","stack":"Error: [Assignment]{aecbe5} at src/personas.wlk:28 exhausted all cases without a match\n    at /home/publico/.var/app/com.visualstudio.code/data/vscode/extensions/uqbar.wollok-lsp-ide-0.5.3/out/server/src/server.js:38:6142\n    at D2 (/home/publico/.var/app/com.visualstudio.code/data/vscode/extensions/uqbar.wollok-lsp-ide-0.5.3/out/server/src/server.js:2384:42)\n    at Qh (/home/publico/.var/app/com.visualstudio.code/data/vscode/extensions/uqbar.wollok-lsp-ide-0.5.3/out/server/src/server.js:2384:1092)\n    at D2 (/home/publico/.var/app/com.visualstudio.code/data/vscode/extensions/uqbar.wollok-lsp-ide-0.5.3/out/server/src/server.js:2384:544)\n    at Qh (/home/publico/.var/app/com.visualstudio.code/data/vscode/extensions/uqbar.wollok-lsp-ide-0.5.3/out/server/src/server.js:2384:1092)\n    at k6n (/home/publico/.var/app/com.visualstudio.code/data/vscode/extensions/uqbar.wollok-lsp-ide-0.5.3/out/server/src/server.js:2384:1248)\n    at /home/publico/.var/app/com.visualstudio.code/data/vscode/extensions/uqbar.wollok-lsp-ide-0.5.3/out/server/src/server.js:38:6131\n    at D2 (/home/publico/.var/app/com.visualstudio.code/data/vscode/extensions/uqbar.wollok-lsp-ide-0.5.3/out/server/src/server.js:2384:42)\n    at /home/publico/.var/app/com.visualstudio.code/data/vscode/extensions/uqbar.wollok-lsp-ide-0.5.3/out/server/src/server.js:2384:2988\n    at /home/publico/.var/app/com.visualstudio.code/data/vscode/extensions/uqbar.wollok-lsp-ide-0.5.3/out/server/src/server.js:2393:8440","timestamp":"2025-10-22T15:09:08.077Z"}
{"level":"error","message":"✘ Completions for node If ([27:9, 29:10] - src/personas.wlk) failed: Error: [If]{7ae291} at src/personas.wlk:27 exhausted all cases without a match [If]{7ae291} at src/personas.wlk:27 exhausted all cases without a match","stack":"Error: [If]{7ae291} at src/personas.wlk:27 exhausted all cases without a match\n    at /home/publico/.var/app/com.visualstudio.code/data/vscode/extensions/uqbar.wollok-lsp-ide-0.5.3/out/server/src/server.js:38:6142\n    at D2 (/home/publico/.var/app/com.visualstudio.code/data/vscode/extensions/uqbar.wollok-lsp-ide-0.5.3/out/server/src/server.js:2384:42)\n    at Qh (/home/publico/.var/app/com.visualstudio.code/data/vscode/extensions/uqbar.wollok-lsp-ide-0.5.3/out/server/src/server.js:2384:1092)\n    at v6n (/home/publico/.var/app/com.visualstudio.code/data/vscode/extensions/uqbar.wollok-lsp-ide-0.5.3/out/server/src/server.js:2384:818)\n    at /home/publico/.var/app/com.visualstudio.code/data/vscode/extensions/uqbar.wollok-lsp-ide-0.5.3/out/server/src/server.js:38:6131\n    at D2 (/home/publico/.var/app/com.visualstudio.code/data/vscode/extensions/uqbar.wollok-lsp-ide-0.5.3/out/server/src/server.js:2384:42)\n    at Qh (/home/publico/.var/app/com.visualstudio.code/data/vscode/extensions/uqbar.wollok-lsp-ide-0.5.3/out/server/src/server.js:2384:1092)\n    at D2 (/home/publico/.var/app/com.visualstudio.code/data/vscode/extensions/uqbar.wollok-lsp-ide-0.5.3/out/server/src/server.js:2384:544)\n    at Qh (/home/publico/.var/app/com.visualstudio.code/data/vscode/extensions/uqbar.wollok-lsp-ide-0.5.3/out/server/src/server.js:2384:1092)\n    at D2 (/home/publico/.var/app/com.visualstudio.code/data/vscode/extensions/uqbar.wollok-lsp-ide-0.5.3/out/server/src/server.js:2384:544)","timestamp":"2025-10-22T15:09:08.077Z"}
{"level":"info","message":"⌛ Building environment","timeElapsed":110,"timestamp":"2025-10-22T15:09:08.837Z"}
{"level":"error","message":"✘ Completions for node Send ([28:21, 28:44] - src/personas.wlk) failed: Error: [Send]{42c4ac} at src/personas.wlk:28 exhausted all cases without a match [Send]{42c4ac} at src/personas.wlk:28 exhausted all cases without a match","stack":"Error: [Send]{42c4ac} at src/personas.wlk:28 exhausted all cases without a match\n    at /home/publico/.var/app/com.visualstudio.code/data/vscode/extensions/uqbar.wollok-lsp-ide-0.5.3/out/server/src/server.js:38:6142\n    at D2 (/home/publico/.var/app/com.visualstudio.code/data/vscode/extensions/uqbar.wollok-lsp-ide-0.5.3/out/server/src/server.js:2384:42)\n    at Qh (/home/publico/.var/app/com.visualstudio.code/data/vscode/extensions/uqbar.wollok-lsp-ide-0.5.3/out/server/src/server.js:2384:1092)\n    at k6n (/home/publico/.var/app/com.visualstudio.code/data/vscode/extensions/uqbar.wollok-lsp-ide-0.5.3/out/server/src/server.js:2384:1248)\n    at /home/publico/.var/app/com.visualstudio.code/data/vscode/extensions/uqbar.wollok-lsp-ide-0.5.3/out/server/src/server.js:38:6131\n    at D2 (/home/publico/.var/app/com.visualstudio.code/data/vscode/extensions/uqbar.wollok-lsp-ide-0.5.3/out/server/src/server.js:2384:42)\n    at /home/publico/.var/app/com.visualstudio.code/data/vscode/extensions/uqbar.wollok-lsp-ide-0.5.3/out/server/src/server.js:2384:2988\n    at /home/publico/.var/app/com.visualstudio.code/data/vscode/extensions/uqbar.wollok-lsp-ide-0.5.3/out/server/src/server.js:2393:8440\n    at /home/publico/.var/app/com.visualstudio.code/data/vscode/extensions/uqbar.wollok-lsp-ide-0.5.3/out/server/src/server.js:37:74872\n    at Ye (/home/publico/.var/app/com.visualstudio.code/data/vscode/extensions/uqbar.wollok-lsp-ide-0.5.3/out/server/src/server.js:7:8527)","timestamp":"2025-10-22T15:09:08.866Z"}
{"level":"error","message":"✘ Completions for node Send (undefined - src/personas.wlk) failed: Error: [Send]{77bb1d} at src/personas.wlk:-- exhausted all cases without a match [Send]{77bb1d} at src/personas.wlk:-- exhausted all cases without a match","stack":"Error: [Send]{77bb1d} at src/personas.wlk:-- exhausted all cases without a match\n    at /home/publico/.var/app/com.visualstudio.code/data/vscode/extensions/uqbar.wollok-lsp-ide-0.5.3/out/server/src/server.js:38:6142\n    at D2 (/home/publico/.var/app/com.visualstudio.code/data/vscode/extensions/uqbar.wollok-lsp-ide-0.5.3/out/server/src/server.js:2384:42)\n    at Qh (/home/publico/.var/app/com.visualstudio.code/data/vscode/extensions/uqbar.wollok-lsp-ide-0.5.3/out/server/src/server.js:2384:1092)\n    at D2 (/home/publico/.var/app/com.visualstudio.code/data/vscode/extensions/uqbar.wollok-lsp-ide-0.5.3/out/server/src/server.js:2384:544)\n    at Qh (/home/publico/.var/app/com.visualstudio.code/data/vscode/extensions/uqbar.wollok-lsp-ide-0.5.3/out/server/src/server.js:2384:1092)\n    at k6n (/home/publico/.var/app/com.visualstudio.code/data/vscode/extensions/uqbar.wollok-lsp-ide-0.5.3/out/server/src/server.js:2384:1248)\n    at /home/publico/.var/app/com.visualstudio.code/data/vscode/extensions/uqbar.wollok-lsp-ide-0.5.3/out/server/src/server.js:38:6131\n    at D2 (/home/publico/.var/app/com.visualstudio.code/data/vscode/extensions/uqbar.wollok-lsp-ide-0.5.3/out/server/src/server.js:2384:42)\n    at /home/publico/.var/app/com.visualstudio.code/data/vscode/extensions/uqbar.wollok-lsp-ide-0.5.3/out/server/src/server.js:2384:2988\n    at /home/publico/.var/app/com.visualstudio.code/data/vscode/extensions/uqbar.wollok-lsp-ide-0.5.3/out/server/src/server.js:2393:8440","timestamp":"2025-10-22T15:09:08.866Z"}
{"level":"error","message":"✘ Completions for node Assignment ([28:13, 28:44] - src/personas.wlk) failed: Error: [Assignment]{6aedcc} at src/personas.wlk:28 exhausted all cases without a match [Assignment]{6aedcc} at src/personas.wlk:28 exhausted all cases without a match","stack":"Error: [Assignment]{6aedcc} at src/personas.wlk:28 exhausted all cases without a match\n    at /home/publico/.var/app/com.visualstudio.code/data/vscode/extensions/uqbar.wollok-lsp-ide-0.5.3/out/server/src/server.js:38:6142\n    at D2 (/home/publico/.var/app/com.visualstudio.code/data/vscode/extensions/uqbar.wollok-lsp-ide-0.5.3/out/server/src/server.js:2384:42)\n    at Qh (/home/publico/.var/app/com.visualstudio.code/data/vscode/extensions/uqbar.wollok-lsp-ide-0.5.3/out/server/src/server.js:2384:1092)\n    at D2 (/home/publico/.var/app/com.visualstudio.code/data/vscode/extensions/uqbar.wollok-lsp-ide-0.5.3/out/server/src/server.js:2384:544)\n    at Qh (/home/publico/.var/app/com.visualstudio.code/data/vscode/extensions/uqbar.wollok-lsp-ide-0.5.3/out/server/src/server.js:2384:1092)\n    at D2 (/home/publico/.var/app/com.visualstudio.code/data/vscode/extensions/uqbar.wollok-lsp-ide-0.5.3/out/server/src/server.js:2384:544)\n    at Qh (/home/publico/.var/app/com.visualstudio.code/data/vscode/extensions/uqbar.wollok-lsp-ide-0.5.3/out/server/src/server.js:2384:1092)\n    at k6n (/home/publico/.var/app/com.visualstudio.code/data/vscode/extensions/uqbar.wollok-lsp-ide-0.5.3/out/server/src/server.js:2384:1248)\n    at /home/publico/.var/app/com.visualstudio.code/data/vscode/extensions/uqbar.wollok-lsp-ide-0.5.3/out/server/src/server.js:38:6131\n    at D2 (/home/publico/.var/app/com.visualstudio.code/data/vscode/extensions/uqbar.wollok-lsp-ide-0.5.3/out/server/src/server.js:2384:42)","timestamp":"2025-10-22T15:09:08.866Z"}
{"level":"error","message":"✘ Completions for node If ([27:9, 29:10] - src/personas.wlk) failed: Error: [If]{fce87c} at src/personas.wlk:27 exhausted all cases without a match [If]{fce87c} at src/personas.wlk:27 exhausted all cases without a match","stack":"Error: [If]{fce87c} at src/personas.wlk:27 exhausted all cases without a match\n    at /home/publico/.var/app/com.visualstudio.code/data/vscode/extensions/uqbar.wollok-lsp-ide-0.5.3/out/server/src/server.js:38:6142\n    at D2 (/home/publico/.var/app/com.visualstudio.code/data/vscode/extensions/uqbar.wollok-lsp-ide-0.5.3/out/server/src/server.js:2384:42)\n    at Qh (/home/publico/.var/app/com.visualstudio.code/data/vscode/extensions/uqbar.wollok-lsp-ide-0.5.3/out/server/src/server.js:2384:1092)\n    at v6n (/home/publico/.var/app/com.visualstudio.code/data/vscode/extensions/uqbar.wollok-lsp-ide-0.5.3/out/server/src/server.js:2384:818)\n    at /home/publico/.var/app/com.visualstudio.code/data/vscode/extensions/uqbar.wollok-lsp-ide-0.5.3/out/server/src/server.js:38:6131\n    at D2 (/home/publico/.var/app/com.visualstudio.code/data/vscode/extensions/uqbar.wollok-lsp-ide-0.5.3/out/server/src/server.js:2384:42)\n    at Qh (/home/publico/.var/app/com.visualstudio.code/data/vscode/extensions/uqbar.wollok-lsp-ide-0.5.3/out/server/src/server.js:2384:1092)\n    at D2 (/home/publico/.var/app/com.visualstudio.code/data/vscode/extensions/uqbar.wollok-lsp-ide-0.5.3/out/server/src/server.js:2384:544)\n    at Qh (/home/publico/.var/app/com.visualstudio.code/data/vscode/extensions/uqbar.wollok-lsp-ide-0.5.3/out/server/src/server.js:2384:1092)\n    at D2 (/home/publico/.var/app/com.visualstudio.code/data/vscode/extensions/uqbar.wollok-lsp-ide-0.5.3/out/server/src/server.js:2384:544)","timestamp":"2025-10-22T15:09:08.866Z"}
{"level":"info","message":"⌛ Building environment","timeElapsed":115,"timestamp":"2025-10-22T15:09:09.057Z"}
{"level":"info","message":"⌛ Building environment","timeElapsed":116,"timestamp":"2025-10-22T15:09:09.692Z"}
{"level":"error","message":"✘ Completions for node Send ([28:21, 28:50] - src/personas.wlk) failed: Error: [Send]{dc4922} at src/personas.wlk:28 exhausted all cases without a match [Send]{dc4922} at src/personas.wlk:28 exhausted all cases without a match","stack":"Error: [Send]{dc4922} at src/personas.wlk:28 exhausted all cases without a match\n    at /home/publico/.var/app/com.visualstudio.code/data/vscode/extensions/uqbar.wollok-lsp-ide-0.5.3/out/server/src/server.js:38:6142\n    at D2 (/home/publico/.var/app/com.visualstudio.code/data/vscode/extensions/uqbar.wollok-lsp-ide-0.5.3/out/server/src/server.js:2384:42)\n    at /home/publico/.var/app/com.visualstudio.code/data/vscode/extensions/uqbar.wollok-lsp-ide-0.5.3/out/server/src/server.js:2384:2988\n    at /home/publico/.var/app/com.visualstudio.code/data/vscode/extensions/uqbar.wollok-lsp-ide-0.5.3/out/server/src/server.js:2393:8440\n    at /home/publico/.var/app/com.visualstudio.code/data/vscode/extensions/uqbar.wollok-lsp-ide-0.5.3/out/server/src/server.js:37:74872\n    at Ye (/home/publico/.var/app/com.visualstudio.code/data/vscode/extensions/uqbar.wollok-lsp-ide-0.5.3/out/server/src/server.js:7:8527)\n    at qt (/home/publico/.var/app/com.visualstudio.code/data/vscode/extensions/uqbar.wollok-lsp-ide-0.5.3/out/server/src/server.js:7:6189)\n    at ot (/home/publico/.var/app/com.visualstudio.code/data/vscode/extensions/uqbar.wollok-lsp-ide-0.5.3/out/server/src/server.js:7:6378)\n    at Immediate._onImmediate (/home/publico/.var/app/com.visualstudio.code/data/vscode/extensions/uqbar.wollok-lsp-ide-0.5.3/out/server/src/server.js:7:6142)\n    at process.processImmediate (node:internal/timers:485:21)","timestamp":"2025-10-22T15:09:13.434Z"}
{"level":"error","message":"✘ Completions for node Send (undefined - src/personas.wlk) failed: Error: [Send]{6bbf44} at src/personas.wlk:-- exhausted all cases without a match [Send]{6bbf44} at src/personas.wlk:-- exhausted all cases without a match","stack":"Error: [Send]{6bbf44} at src/personas.wlk:-- exhausted all cases without a match\n    at /home/publico/.var/app/com.visualstudio.code/data/vscode/extensions/uqbar.wollok-lsp-ide-0.5.3/out/server/src/server.js:38:6142\n    at D2 (/home/publico/.var/app/com.visualstudio.code/data/vscode/extensions/uqbar.wollok-lsp-ide-0.5.3/out/server/src/server.js:2384:42)\n    at Qh (/home/publico/.var/app/com.visualstudio.code/data/vscode/extensions/uqbar.wollok-lsp-ide-0.5.3/out/server/src/server.js:2384:1092)\n    at D2 (/home/publico/.var/app/com.visualstudio.code/data/vscode/extensions/uqbar.wollok-lsp-ide-0.5.3/out/server/src/server.js:2384:544)\n    at /home/publico/.var/app/com.visualstudio.code/data/vscode/extensions/uqbar.wollok-lsp-ide-0.5.3/out/server/src/server.js:2384:2988\n    at /home/publico/.var/app/com.visualstudio.code/data/vscode/extensions/uqbar.wollok-lsp-ide-0.5.3/out/server/src/server.js:2393:8440\n    at /home/publico/.var/app/com.visualstudio.code/data/vscode/extensions/uqbar.wollok-lsp-ide-0.5.3/out/server/src/server.js:37:74872\n    at Ye (/home/publico/.var/app/com.visualstudio.code/data/vscode/extensions/uqbar.wollok-lsp-ide-0.5.3/out/server/src/server.js:7:8527)\n    at qt (/home/publico/.var/app/com.visualstudio.code/data/vscode/extensions/uqbar.wollok-lsp-ide-0.5.3/out/server/src/server.js:7:6189)\n    at ot (/home/publico/.var/app/com.visualstudio.code/data/vscode/extensions/uqbar.wollok-lsp-ide-0.5.3/out/server/src/server.js:7:6378)","timestamp":"2025-10-22T15:09:13.434Z"}
{"level":"error","message":"✘ Completions for node Assignment ([28:13, 28:50] - src/personas.wlk) failed: Error: [Assignment]{20c9dd} at src/personas.wlk:28 exhausted all cases without a match [Assignment]{20c9dd} at src/personas.wlk:28 exhausted all cases without a match","stack":"Error: [Assignment]{20c9dd} at src/personas.wlk:28 exhausted all cases without a match\n    at /home/publico/.var/app/com.visualstudio.code/data/vscode/extensions/uqbar.wollok-lsp-ide-0.5.3/out/server/src/server.js:38:6142\n    at D2 (/home/publico/.var/app/com.visualstudio.code/data/vscode/extensions/uqbar.wollok-lsp-ide-0.5.3/out/server/src/server.js:2384:42)\n    at Qh (/home/publico/.var/app/com.visualstudio.code/data/vscode/extensions/uqbar.wollok-lsp-ide-0.5.3/out/server/src/server.js:2384:1092)\n    at D2 (/home/publico/.var/app/com.visualstudio.code/data/vscode/extensions/uqbar.wollok-lsp-ide-0.5.3/out/server/src/server.js:2384:544)\n    at Qh (/home/publico/.var/app/com.visualstudio.code/data/vscode/extensions/uqbar.wollok-lsp-ide-0.5.3/out/server/src/server.js:2384:1092)\n    at D2 (/home/publico/.var/app/com.visualstudio.code/data/vscode/extensions/uqbar.wollok-lsp-ide-0.5.3/out/server/src/server.js:2384:544)\n    at /home/publico/.var/app/com.visualstudio.code/data/vscode/extensions/uqbar.wollok-lsp-ide-0.5.3/out/server/src/server.js:2384:2988\n    at /home/publico/.var/app/com.visualstudio.code/data/vscode/extensions/uqbar.wollok-lsp-ide-0.5.3/out/server/src/server.js:2393:8440\n    at /home/publico/.var/app/com.visualstudio.code/data/vscode/extensions/uqbar.wollok-lsp-ide-0.5.3/out/server/src/server.js:37:74872\n    at Ye (/home/publico/.var/app/com.visualstudio.code/data/vscode/extensions/uqbar.wollok-lsp-ide-0.5.3/out/server/src/server.js:7:8527)","timestamp":"2025-10-22T15:09:13.434Z"}
{"level":"error","message":"✘ Completions for node If ([27:9, 29:10] - src/personas.wlk) failed: Error: [If]{dfd59b} at src/personas.wlk:27 exhausted all cases without a match [If]{dfd59b} at src/personas.wlk:27 exhausted all cases without a match","stack":"Error: [If]{dfd59b} at src/personas.wlk:27 exhausted all cases without a match\n    at /home/publico/.var/app/com.visualstudio.code/data/vscode/extensions/uqbar.wollok-lsp-ide-0.5.3/out/server/src/server.js:38:6142\n    at D2 (/home/publico/.var/app/com.visualstudio.code/data/vscode/extensions/uqbar.wollok-lsp-ide-0.5.3/out/server/src/server.js:2384:42)\n    at Qh (/home/publico/.var/app/com.visualstudio.code/data/vscode/extensions/uqbar.wollok-lsp-ide-0.5.3/out/server/src/server.js:2384:1092)\n    at v6n (/home/publico/.var/app/com.visualstudio.code/data/vscode/extensions/uqbar.wollok-lsp-ide-0.5.3/out/server/src/server.js:2384:818)\n    at /home/publico/.var/app/com.visualstudio.code/data/vscode/extensions/uqbar.wollok-lsp-ide-0.5.3/out/server/src/server.js:38:6131\n    at D2 (/home/publico/.var/app/com.visualstudio.code/data/vscode/extensions/uqbar.wollok-lsp-ide-0.5.3/out/server/src/server.js:2384:42)\n    at Qh (/home/publico/.var/app/com.visualstudio.code/data/vscode/extensions/uqbar.wollok-lsp-ide-0.5.3/out/server/src/server.js:2384:1092)\n    at D2 (/home/publico/.var/app/com.visualstudio.code/data/vscode/extensions/uqbar.wollok-lsp-ide-0.5.3/out/server/src/server.js:2384:544)\n    at Qh (/home/publico/.var/app/com.visualstudio.code/data/vscode/extensions/uqbar.wollok-lsp-ide-0.5.3/out/server/src/server.js:2384:1092)\n    at D2 (/home/publico/.var/app/com.visualstudio.code/data/vscode/extensions/uqbar.wollok-lsp-ide-0.5.3/out/server/src/server.js:2384:544)","timestamp":"2025-10-22T15:09:13.434Z"}
{"level":"info","message":"⌛ Building environment","timeElapsed":204,"timestamp":"2025-10-22T15:09:13.729Z"}
{"level":"info","message":"⌛ Building environment","timeElapsed":124,"timestamp":"2025-10-22T15:09:13.853Z"}
{"level":"info","message":"⌛ Validating src/personas.wlk","timeElapsed":112,"timestamp":"2025-10-22T15:09:14.177Z"}
{"level":"info","message":"⌛ Building environment","timeElapsed":109,"timestamp":"2025-10-22T15:09:14.287Z"}
{"level":"info","message":"⌛ Building environment","timeElapsed":163,"timestamp":"2025-10-22T15:09:14.570Z"}
{"level":"info","message":"⌛ Building environment","timeElapsed":119,"timestamp":"2025-10-22T15:09:22.253Z"}
{"level":"info","message":"⌛ Building environment","timeElapsed":139,"timestamp":"2025-10-22T15:11:07.606Z"}
{"level":"info","message":"⌛ Building environment","timeElapsed":156,"timestamp":"2025-10-22T15:11:46.035Z"}
{"level":"info","message":"⌛ Building environment","timeElapsed":135,"timestamp":"2025-10-22T15:11:46.720Z"}
{"level":"info","message":"⌛ Building environment","timeElapsed":158,"timestamp":"2025-10-22T15:11:47.010Z"}
{"level":"info","message":"⌛ Building environment","timeElapsed":112,"timestamp":"2025-10-22T15:11:47.168Z"}
{"level":"info","message":"⌛ Validating src/personas.wlk","timeElapsed":128,"timestamp":"2025-10-22T15:11:47.300Z"}
{"level":"info","message":"⌛ Building environment","timeElapsed":123,"timestamp":"2025-10-22T15:11:47.424Z"}
{"level":"info","message":"⌛ Validating src/personas.wlk","timeElapsed":117,"timestamp":"2025-10-22T15:11:47.541Z"}
{"level":"info","message":"⌛ Building environment","timeElapsed":114,"timestamp":"2025-10-22T15:11:47.794Z"}
{"level":"info","message":"⌛ Validating src/personas.wlk","timeElapsed":104,"timestamp":"2025-10-22T15:11:47.898Z"}
{"level":"info","message":"⌛ Building environment","timeElapsed":147,"timestamp":"2025-10-22T15:11:48.048Z"}
{"level":"info","message":"⌛ Building environment","timeElapsed":133,"timestamp":"2025-10-22T15:11:48.273Z"}
{"level":"info","message":"⌛ Building environment","timeElapsed":101,"timestamp":"2025-10-22T15:11:48.688Z"}
{"level":"info","message":"⌛ Building environment","timeElapsed":166,"timestamp":"2025-10-22T15:11:48.858Z"}
{"level":"info","message":"⌛ Building environment","timeElapsed":137,"timestamp":"2025-10-22T15:11:49.025Z"}
{"level":"info","message":"⌛ Building environment","timeElapsed":102,"timestamp":"2025-10-22T15:11:49.588Z"}
{"level":"info","message":"⌛ Building environment","timeElapsed":105,"timestamp":"2025-10-22T15:11:53.775Z"}
{"level":"info","message":"⌛ Building environment","timeElapsed":168,"timestamp":"2025-10-22T15:11:54.064Z"}
{"level":"info","message":"⌛ Building environment","timeElapsed":113,"timestamp":"2025-10-22T15:11:54.178Z"}
{"level":"info","message":"⌛ Building environment","timeElapsed":108,"timestamp":"2025-10-22T15:11:54.346Z"}
{"level":"info","message":"⌛ Validating src/personas.wlk","timeElapsed":116,"timestamp":"2025-10-22T15:11:54.494Z"}
{"level":"info","message":"⌛ Building environment","timeElapsed":128,"timestamp":"2025-10-22T15:11:54.977Z"}
{"level":"info","message":"⌛ Validating src/personas.wlk","timeElapsed":103,"timestamp":"2025-10-22T15:11:55.114Z"}
{"level":"info","message":"⌛ Building environment","timeElapsed":113,"timestamp":"2025-10-22T15:11:55.229Z"}
{"level":"info","message":"⌛ Building environment","timeElapsed":106,"timestamp":"2025-10-22T15:11:55.465Z"}
{"level":"info","message":"⌛ Building environment","timeElapsed":144,"timestamp":"2025-10-22T15:11:55.654Z"}
{"level":"info","message":"⌛ Validating src/personas.wlk","timeElapsed":109,"timestamp":"2025-10-22T15:11:55.768Z"}
{"level":"info","message":"⌛ Building environment","timeElapsed":127,"timestamp":"2025-10-22T15:11:55.982Z"}
{"level":"info","message":"⌛ Building environment","timeElapsed":125,"timestamp":"2025-10-22T15:11:56.236Z"}
{"level":"info","message":"⌛ Building environment","timeElapsed":123,"timestamp":"2025-10-22T15:11:56.359Z"}
{"level":"info","message":"⌛ Building environment","timeElapsed":107,"timestamp":"2025-10-22T15:11:56.717Z"}
{"level":"info","message":"⌛ Building environment","timeElapsed":126,"timestamp":"2025-10-22T15:11:57.344Z"}
{"level":"info","message":"⌛ Building environment","timeElapsed":124,"timestamp":"2025-10-22T15:11:59.072Z"}
{"level":"info","message":"⌛ Validating src/personas.wlk","timeElapsed":109,"timestamp":"2025-10-22T15:11:59.183Z"}
{"level":"info","message":"⌛ Building environment","timeElapsed":127,"timestamp":"2025-10-22T15:11:59.345Z"}
{"level":"info","message":"⌛ Building environment","timeElapsed":132,"timestamp":"2025-10-22T15:11:59.519Z"}
{"level":"info","message":"⌛ Validating src/personas.wlk","timeElapsed":112,"timestamp":"2025-10-22T15:11:59.633Z"}
{"level":"info","message":"⌛ Building environment","timeElapsed":167,"timestamp":"2025-10-22T15:11:59.801Z"}
{"level":"info","message":"⌛ Validating src/personas.wlk","timeElapsed":117,"timestamp":"2025-10-22T15:11:59.919Z"}
{"level":"info","message":"⌛ Building environment","timeElapsed":106,"timestamp":"2025-10-22T15:12:00.026Z"}
{"level":"info","message":"⌛ Building environment","timeElapsed":102,"timestamp":"2025-10-22T15:12:00.164Z"}
{"level":"info","message":"⌛ Building environment","timeElapsed":169,"timestamp":"2025-10-22T15:12:00.518Z"}
{"level":"info","message":"⌛ Building environment","timeElapsed":112,"timestamp":"2025-10-22T15:12:01.020Z"}
{"level":"info","message":"⌛ Building environment","timeElapsed":128,"timestamp":"2025-10-22T15:12:33.016Z"}
{"level":"info","message":"⌛ Building environment","timeElapsed":137,"timestamp":"2025-10-22T15:12:33.406Z"}
{"level":"info","message":"⌛ Validating src/personas.wlk","timeElapsed":110,"timestamp":"2025-10-22T15:12:33.549Z"}
{"level":"info","message":"⌛ Building environment","timeElapsed":118,"timestamp":"2025-10-22T15:12:33.672Z"}
{"level":"info","message":"⌛ Building environment","timeElapsed":136,"timestamp":"2025-10-22T15:12:33.838Z"}
{"level":"info","message":"⌛ Validating src/personas.wlk","timeElapsed":103,"timestamp":"2025-10-22T15:12:33.942Z"}
{"level":"info","message":"⌛ Building environment","timeElapsed":163,"timestamp":"2025-10-22T15:12:34.106Z"}
{"level":"info","message":"⌛ Building environment","timeElapsed":124,"timestamp":"2025-10-22T15:12:34.439Z"}
{"level":"info","message":"⌛ Building environment","timeElapsed":167,"timestamp":"2025-10-22T15:12:34.856Z"}
{"level":"info","message":"⌛ Building environment","timeElapsed":105,"timestamp":"2025-10-22T15:12:35.483Z"}
{"level":"info","message":"⌛ Building environment","timeElapsed":120,"timestamp":"2025-10-22T15:12:36.241Z"}
{"level":"info","message":"⌛ Building environment","timeElapsed":101,"timestamp":"2025-10-22T15:12:38.800Z"}
{"level":"info","message":"⌛ Building environment","timeElapsed":161,"timestamp":"2025-10-22T15:12:39.093Z"}
{"level":"info","message":"⌛ Building environment","timeElapsed":133,"timestamp":"2025-10-22T15:12:39.230Z"}
{"level":"info","message":"⌛ Validating src/personas.wlk","timeElapsed":101,"timestamp":"2025-10-22T15:12:39.362Z"}
{"level":"info","message":"⌛ Building environment","timeElapsed":159,"timestamp":"2025-10-22T15:12:39.735Z"}
{"level":"info","message":"⌛ Validating src/personas.wlk","timeElapsed":110,"timestamp":"2025-10-22T15:12:39.846Z"}
{"level":"info","message":"⌛ Building environment","timeElapsed":105,"timestamp":"2025-10-22T15:12:40.198Z"}
{"level":"info","message":"⌛ Building environment","timeElapsed":135,"timestamp":"2025-10-22T15:12:40.358Z"}
{"level":"info","message":"⌛ Validating src/personas.wlk","timeElapsed":110,"timestamp":"2025-10-22T15:12:40.469Z"}
{"level":"info","message":"⌛ Validating src/personas.wlk","timeElapsed":101,"timestamp":"2025-10-22T15:12:40.570Z"}
{"level":"info","message":"⌛ Building environment","timeElapsed":136,"timestamp":"2025-10-22T15:12:40.712Z"}
{"level":"info","message":"⌛ Building environment","timeElapsed":146,"timestamp":"2025-10-22T15:12:41.042Z"}
{"level":"info","message":"⌛ Building environment","timeElapsed":101,"timestamp":"2025-10-22T15:12:41.758Z"}
{"level":"info","message":"⌛ Building environment","timeElapsed":105,"timestamp":"2025-10-22T15:12:42.140Z"}
{"level":"info","message":"⌛ Building environment","timeElapsed":104,"timestamp":"2025-10-22T15:12:42.346Z"}
{"level":"info","message":"⌛ Building environment","timeElapsed":107,"timestamp":"2025-10-22T15:12:42.690Z"}
{"level":"info","message":"⌛ Building environment","timeElapsed":128,"timestamp":"2025-10-22T15:12:43.037Z"}
{"level":"info","message":"⌛ Building environment","timeElapsed":129,"timestamp":"2025-10-22T15:12:43.333Z"}
{"level":"info","message":"⌛ Building environment","timeElapsed":108,"timestamp":"2025-10-22T15:12:43.471Z"}
{"level":"info","message":"⌛ Building environment","timeElapsed":142,"timestamp":"2025-10-22T15:12:50.206Z"}
{"level":"info","message":"⌛ Validating src/personas.wlk","timeElapsed":107,"timestamp":"2025-10-22T15:12:50.316Z"}
{"level":"info","message":"⌛ Building environment","timeElapsed":114,"timestamp":"2025-10-22T15:12:50.431Z"}
{"level":"info","message":"⌛ Validating src/personas.wlk","timeElapsed":109,"timestamp":"2025-10-22T15:12:50.596Z"}
{"level":"info","message":"⌛ Building environment","timeElapsed":156,"timestamp":"2025-10-22T15:12:50.754Z"}
{"level":"info","message":"⌛ Building environment","timeElapsed":130,"timestamp":"2025-10-22T15:12:50.884Z"}
{"level":"info","message":"⌛ Building environment","timeElapsed":104,"timestamp":"2025-10-22T15:12:51.034Z"}
{"level":"info","message":"⌛ Validating src/personas.wlk","timeElapsed":114,"timestamp":"2025-10-22T15:12:51.148Z"}
{"level":"info","message":"⌛ Building environment","timeElapsed":108,"timestamp":"2025-10-22T15:12:51.287Z"}
{"level":"info","message":"⌛ Validating src/personas.wlk","timeElapsed":102,"timestamp":"2025-10-22T15:12:51.390Z"}
{"level":"info","message":"⌛ Building environment","timeElapsed":193,"timestamp":"2025-10-22T15:12:51.584Z"}
{"level":"info","message":"⌛ Validating src/personas.wlk","timeElapsed":102,"timestamp":"2025-10-22T15:12:51.687Z"}
{"level":"info","message":"⌛ Building environment","timeElapsed":115,"timestamp":"2025-10-22T15:12:51.803Z"}
{"level":"info","message":"⌛ Building environment","timeElapsed":108,"timestamp":"2025-10-22T15:12:52.286Z"}
{"level":"info","message":"⌛ Building environment","timeElapsed":102,"timestamp":"2025-10-22T15:12:52.577Z"}
{"level":"info","message":"⌛ Building environment","timeElapsed":116,"timestamp":"2025-10-22T15:12:52.878Z"}
{"level":"info","message":"⌛ Building environment","timeElapsed":139,"timestamp":"2025-10-22T15:12:58.328Z"}
{"level":"info","message":"⌛ Building environment","timeElapsed":123,"timestamp":"2025-10-22T15:12:58.665Z"}
{"level":"info","message":"⌛ Building environment","timeElapsed":129,"timestamp":"2025-10-22T15:12:58.830Z"}
{"level":"info","message":"⌛ Validating src/personas.wlk","timeElapsed":108,"timestamp":"2025-10-22T15:12:58.938Z"}
{"level":"info","message":"⌛ Building environment","timeElapsed":139,"timestamp":"2025-10-22T15:12:59.077Z"}
{"level":"info","message":"⌛ Building environment","timeElapsed":150,"timestamp":"2025-10-22T15:12:59.356Z"}
{"level":"info","message":"⌛ Building environment","timeElapsed":155,"timestamp":"2025-10-22T15:12:59.512Z"}
{"level":"info","message":"⌛ Validating src/personas.wlk","timeElapsed":106,"timestamp":"2025-10-22T15:12:59.644Z"}
{"level":"info","message":"⌛ Building environment","timeElapsed":103,"timestamp":"2025-10-22T15:12:59.748Z"}
{"level":"info","message":"⌛ Building environment","timeElapsed":103,"timestamp":"2025-10-22T15:12:59.893Z"}
{"level":"info","message":"⌛ Building environment","timeElapsed":138,"timestamp":"2025-10-22T15:13:00.031Z"}
{"level":"info","message":"⌛ Validating src/personas.wlk","timeElapsed":104,"timestamp":"2025-10-22T15:13:00.135Z"}
{"level":"info","message":"⌛ Building environment","timeElapsed":134,"timestamp":"2025-10-22T15:13:00.364Z"}
{"level":"info","message":"⌛ Building environment","timeElapsed":108,"timestamp":"2025-10-22T15:13:00.578Z"}
{"level":"info","message":"⌛ Building environment","timeElapsed":114,"timestamp":"2025-10-22T15:13:01.207Z"}
{"level":"info","message":"⌛ Validating src/personas.wlk","timeElapsed":181,"timestamp":"2025-10-22T15:13:02.659Z"}
{"level":"info","message":"⌛ Building environment","timeElapsed":110,"timestamp":"2025-10-22T15:13:02.769Z"}
{"level":"info","message":"⌛ Building environment","timeElapsed":163,"timestamp":"2025-10-22T15:13:03.139Z"}
{"level":"info","message":"⌛ Validating src/personas.wlk","timeElapsed":107,"timestamp":"2025-10-22T15:13:03.248Z"}
{"level":"info","message":"⌛ Building environment","timeElapsed":149,"timestamp":"2025-10-22T15:13:03.398Z"}
{"level":"info","message":"⌛ Building environment","timeElapsed":109,"timestamp":"2025-10-22T15:13:04.039Z"}
{"level":"info","message":"⌛ Building environment","timeElapsed":101,"timestamp":"2025-10-22T15:13:04.294Z"}
{"level":"info","message":"⌛ Building environment","timeElapsed":131,"timestamp":"2025-10-22T15:13:04.424Z"}
{"level":"info","message":"⌛ Building environment","timeElapsed":171,"timestamp":"2025-10-22T15:13:04.624Z"}
{"level":"info","message":"⌛ Building environment","timeElapsed":141,"timestamp":"2025-10-22T15:13:05.362Z"}
{"level":"error","message":"✘ Completions for node Parameter ([38:33, 38:34] - src/personas.wlk) failed: Error: [Parameter]{e7f3a4} at src/personas.wlk:38 exhausted all cases without a match [Parameter]{e7f3a4} at src/personas.wlk:38 exhausted all cases without a match","stack":"Error: [Parameter]{e7f3a4} at src/personas.wlk:38 exhausted all cases without a match\n    at /home/publico/.var/app/com.visualstudio.code/data/vscode/extensions/uqbar.wollok-lsp-ide-0.5.3/out/server/src/server.js:38:6142\n    at D2 (/home/publico/.var/app/com.visualstudio.code/data/vscode/extensions/uqbar.wollok-lsp-ide-0.5.3/out/server/src/server.js:2384:42)\n    at /home/publico/.var/app/com.visualstudio.code/data/vscode/extensions/uqbar.wollok-lsp-ide-0.5.3/out/server/src/server.js:2384:2988\n    at /home/publico/.var/app/com.visualstudio.code/data/vscode/extensions/uqbar.wollok-lsp-ide-0.5.3/out/server/src/server.js:2393:8440\n    at /home/publico/.var/app/com.visualstudio.code/data/vscode/extensions/uqbar.wollok-lsp-ide-0.5.3/out/server/src/server.js:37:74872\n    at Ye (/home/publico/.var/app/com.visualstudio.code/data/vscode/extensions/uqbar.wollok-lsp-ide-0.5.3/out/server/src/server.js:7:8527)\n    at qt (/home/publico/.var/app/com.visualstudio.code/data/vscode/extensions/uqbar.wollok-lsp-ide-0.5.3/out/server/src/server.js:7:6189)\n    at ot (/home/publico/.var/app/com.visualstudio.code/data/vscode/extensions/uqbar.wollok-lsp-ide-0.5.3/out/server/src/server.js:7:6378)\n    at Immediate._onImmediate (/home/publico/.var/app/com.visualstudio.code/data/vscode/extensions/uqbar.wollok-lsp-ide-0.5.3/out/server/src/server.js:7:6142)\n    at process.processImmediate (node:internal/timers:485:21)","timestamp":"2025-10-22T15:13:05.401Z"}
{"level":"info","message":"⌛ Validating src/personas.wlk","timeElapsed":101,"timestamp":"2025-10-22T15:13:05.771Z"}
{"level":"info","message":"⌛ Building environment","timeElapsed":102,"timestamp":"2025-10-22T15:13:05.956Z"}
{"level":"info","message":"⌛ Building environment","timeElapsed":111,"timestamp":"2025-10-22T15:13:06.069Z"}
{"level":"error","message":"✘ Completions for node Parameter ([38:33, 38:38] - src/personas.wlk) failed: Error: [Parameter]{1ce60e} at src/personas.wlk:38 exhausted all cases without a match [Parameter]{1ce60e} at src/personas.wlk:38 exhausted all cases without a match","stack":"Error: [Parameter]{1ce60e} at src/personas.wlk:38 exhausted all cases without a match\n    at /home/publico/.var/app/com.visualstudio.code/data/vscode/extensions/uqbar.wollok-lsp-ide-0.5.3/out/server/src/server.js:38:6142\n    at D2 (/home/publico/.var/app/com.visualstudio.code/data/vscode/extensions/uqbar.wollok-lsp-ide-0.5.3/out/server/src/server.js:2384:42)\n    at /home/publico/.var/app/com.visualstudio.code/data/vscode/extensions/uqbar.wollok-lsp-ide-0.5.3/out/server/src/server.js:2384:2988\n    at /home/publico/.var/app/com.visualstudio.code/data/vscode/extensions/uqbar.wollok-lsp-ide-0.5.3/out/server/src/server.js:2393:8440\n    at /home/publico/.var/app/com.visualstudio.code/data/vscode/extensions/uqbar.wollok-lsp-ide-0.5.3/out/server/src/server.js:37:74872\n    at Ye (/home/publico/.var/app/com.visualstudio.code/data/vscode/extensions/uqbar.wollok-lsp-ide-0.5.3/out/server/src/server.js:7:8527)\n    at qt (/home/publico/.var/app/com.visualstudio.code/data/vscode/extensions/uqbar.wollok-lsp-ide-0.5.3/out/server/src/server.js:7:6189)\n    at ot (/home/publico/.var/app/com.visualstudio.code/data/vscode/extensions/uqbar.wollok-lsp-ide-0.5.3/out/server/src/server.js:7:6378)\n    at Immediate._onImmediate (/home/publico/.var/app/com.visualstudio.code/data/vscode/extensions/uqbar.wollok-lsp-ide-0.5.3/out/server/src/server.js:7:6142)\n    at process.processImmediate (node:internal/timers:485:21)","timestamp":"2025-10-22T15:13:06.100Z"}
{"level":"info","message":"⌛ Building environment","timeElapsed":115,"timestamp":"2025-10-22T15:13:06.218Z"}
{"level":"info","message":"⌛ Building environment","timeElapsed":157,"timestamp":"2025-10-22T15:13:07.178Z"}
{"level":"info","message":"⌛ Building environment","timeElapsed":102,"timestamp":"2025-10-22T15:13:08.779Z"}
{"level":"info","message":"⌛ Building environment","timeElapsed":188,"timestamp":"2025-10-22T15:13:09.107Z"}
{"level":"info","message":"⌛ Building environment","timeElapsed":118,"timestamp":"2025-10-22T15:13:11.095Z"}
{"level":"info","message":"⌛ Building environment","timeElapsed":102,"timestamp":"2025-10-22T15:13:11.295Z"}
{"level":"info","message":"⌛ Building environment","timeElapsed":121,"timestamp":"2025-10-22T15:13:20.753Z"}
{"level":"error","message":"✘ Completions for node Send ([39:9, 39:15] - src/personas.wlk) failed: Error: [Send]{ebe766} at src/personas.wlk:39 exhausted all cases without a match [Send]{ebe766} at src/personas.wlk:39 exhausted all cases without a match","stack":"Error: [Send]{ebe766} at src/personas.wlk:39 exhausted all cases without a match\n    at /home/publico/.var/app/com.visualstudio.code/data/vscode/extensions/uqbar.wollok-lsp-ide-0.5.3/out/server/src/server.js:38:6142\n    at D2 (/home/publico/.var/app/com.visualstudio.code/data/vscode/extensions/uqbar.wollok-lsp-ide-0.5.3/out/server/src/server.js:2384:42)\n    at Qh (/home/publico/.var/app/com.visualstudio.code/data/vscode/extensions/uqbar.wollok-lsp-ide-0.5.3/out/server/src/server.js:2384:1092)\n    at k6n (/home/publico/.var/app/com.visualstudio.code/data/vscode/extensions/uqbar.wollok-lsp-ide-0.5.3/out/server/src/server.js:2384:1248)\n    at /home/publico/.var/app/com.visualstudio.code/data/vscode/extensions/uqbar.wollok-lsp-ide-0.5.3/out/server/src/server.js:38:6131\n    at D2 (/home/publico/.var/app/com.visualstudio.code/data/vscode/extensions/uqbar.wollok-lsp-ide-0.5.3/out/server/src/server.js:2384:42)\n    at /home/publico/.var/app/com.visualstudio.code/data/vscode/extensions/uqbar.wollok-lsp-ide-0.5.3/out/server/src/server.js:2384:2988\n    at /home/publico/.var/app/com.visualstudio.code/data/vscode/extensions/uqbar.wollok-lsp-ide-0.5.3/out/server/src/server.js:2393:8440\n    at /home/publico/.var/app/com.visualstudio.code/data/vscode/extensions/uqbar.wollok-lsp-ide-0.5.3/out/server/src/server.js:37:74872\n    at Ye (/home/publico/.var/app/com.visualstudio.code/data/vscode/extensions/uqbar.wollok-lsp-ide-0.5.3/out/server/src/server.js:7:8527)","timestamp":"2025-10-22T15:13:20.787Z"}
{"level":"info","message":"⌛ Validating src/personas.wlk","timeElapsed":119,"timestamp":"2025-10-22T15:13:20.908Z"}
{"level":"info","message":"⌛ Building environment","timeElapsed":116,"timestamp":"2025-10-22T15:13:21.029Z"}
{"level":"info","message":"⌛ Validating src/personas.wlk","timeElapsed":120,"timestamp":"2025-10-22T15:13:21.150Z"}
{"level":"info","message":"⌛ Building environment","timeElapsed":105,"timestamp":"2025-10-22T15:13:21.256Z"}
{"level":"info","message":"⌛ Building environment","timeElapsed":159,"timestamp":"2025-10-22T15:13:21.417Z"}
{"level":"info","message":"⌛ Validating src/personas.wlk","timeElapsed":110,"timestamp":"2025-10-22T15:13:21.550Z"}
{"level":"info","message":"⌛ Building environment","timeElapsed":132,"timestamp":"2025-10-22T15:13:21.683Z"}
{"level":"info","message":"⌛ Building environment","timeElapsed":118,"timestamp":"2025-10-22T15:13:21.899Z"}
{"level":"info","message":"⌛ Building environment","timeElapsed":116,"timestamp":"2025-10-22T15:13:22.265Z"}
{"level":"info","message":"⌛ Validating src/personas.wlk","timeElapsed":160,"timestamp":"2025-10-22T15:13:22.483Z"}
{"level":"info","message":"⌛ Building environment","timeElapsed":110,"timestamp":"2025-10-22T15:13:22.597Z"}
{"level":"info","message":"⌛ Building environment","timeElapsed":143,"timestamp":"2025-10-22T15:13:22.742Z"}
{"level":"info","message":"⌛ Building environment","timeElapsed":188,"timestamp":"2025-10-22T15:13:22.931Z"}
{"level":"info","message":"⌛ Validating src/personas.wlk","timeElapsed":151,"timestamp":"2025-10-22T15:13:23.085Z"}
{"level":"info","message":"⌛ Building environment","timeElapsed":108,"timestamp":"2025-10-22T15:13:23.193Z"}
{"level":"info","message":"⌛ Building environment","timeElapsed":108,"timestamp":"2025-10-22T15:13:23.404Z"}
{"level":"info","message":"⌛ Building environment","timeElapsed":104,"timestamp":"2025-10-22T15:13:23.599Z"}
{"level":"info","message":"⌛ Building environment","timeElapsed":146,"timestamp":"2025-10-22T15:13:23.747Z"}
{"level":"info","message":"⌛ Building environment","timeElapsed":108,"timestamp":"2025-10-22T15:13:23.855Z"}
{"level":"info","message":"⌛ Building environment","timeElapsed":117,"timestamp":"2025-10-22T15:13:26.628Z"}
{"level":"info","message":"⌛ Validating src/personas.wlk","timeElapsed":110,"timestamp":"2025-10-22T15:13:26.739Z"}
{"level":"info","message":"⌛ Building environment","timeElapsed":104,"timestamp":"2025-10-22T15:13:29.457Z"}
{"level":"error","message":"✘ Completions for node Send ([39:13, 39:38] - src/personas.wlk) failed: Error: [Send]{2c7aa4} at src/personas.wlk:39 exhausted all cases without a match [Send]{2c7aa4} at src/personas.wlk:39 exhausted all cases without a match","stack":"Error: [Send]{2c7aa4} at src/personas.wlk:39 exhausted all cases without a match\n    at /home/publico/.var/app/com.visualstudio.code/data/vscode/extensions/uqbar.wollok-lsp-ide-0.5.3/out/server/src/server.js:38:6142\n    at D2 (/home/publico/.var/app/com.visualstudio.code/data/vscode/extensions/uqbar.wollok-lsp-ide-0.5.3/out/server/src/server.js:2384:42)\n    at Qh (/home/publico/.var/app/com.visualstudio.code/data/vscode/extensions/uqbar.wollok-lsp-ide-0.5.3/out/server/src/server.js:2384:1092)\n    at k6n (/home/publico/.var/app/com.visualstudio.code/data/vscode/extensions/uqbar.wollok-lsp-ide-0.5.3/out/server/src/server.js:2384:1248)\n    at /home/publico/.var/app/com.visualstudio.code/data/vscode/extensions/uqbar.wollok-lsp-ide-0.5.3/out/server/src/server.js:38:6131\n    at D2 (/home/publico/.var/app/com.visualstudio.code/data/vscode/extensions/uqbar.wollok-lsp-ide-0.5.3/out/server/src/server.js:2384:42)\n    at /home/publico/.var/app/com.visualstudio.code/data/vscode/extensions/uqbar.wollok-lsp-ide-0.5.3/out/server/src/server.js:2384:2988\n    at /home/publico/.var/app/com.visualstudio.code/data/vscode/extensions/uqbar.wollok-lsp-ide-0.5.3/out/server/src/server.js:2393:8440\n    at /home/publico/.var/app/com.visualstudio.code/data/vscode/extensions/uqbar.wollok-lsp-ide-0.5.3/out/server/src/server.js:37:74872\n    at Ye (/home/publico/.var/app/com.visualstudio.code/data/vscode/extensions/uqbar.wollok-lsp-ide-0.5.3/out/server/src/server.js:7:8527)","timestamp":"2025-10-22T15:13:29.500Z"}
{"level":"error","message":"✘ Completions for node Send ([39:9, 39:39] - src/personas.wlk) failed: Error: [Send]{028cf9} at src/personas.wlk:39 exhausted all cases without a match [Send]{028cf9} at src/personas.wlk:39 exhausted all cases without a match","stack":"Error: [Send]{028cf9} at src/personas.wlk:39 exhausted all cases without a match\n    at /home/publico/.var/app/com.visualstudio.code/data/vscode/extensions/uqbar.wollok-lsp-ide-0.5.3/out/server/src/server.js:38:6142\n    at D2 (/home/publico/.var/app/com.visualstudio.code/data/vscode/extensions/uqbar.wollok-lsp-ide-0.5.3/out/server/src/server.js:2384:42)\n    at Qh (/home/publico/.var/app/com.visualstudio.code/data/vscode/extensions/uqbar.wollok-lsp-ide-0.5.3/out/server/src/server.js:2384:1092)\n    at D2 (/home/publico/.var/app/com.visualstudio.code/data/vscode/extensions/uqbar.wollok-lsp-ide-0.5.3/out/server/src/server.js:2384:544)\n    at Qh (/home/publico/.var/app/com.visualstudio.code/data/vscode/extensions/uqbar.wollok-lsp-ide-0.5.3/out/server/src/server.js:2384:1092)\n    at k6n (/home/publico/.var/app/com.visualstudio.code/data/vscode/extensions/uqbar.wollok-lsp-ide-0.5.3/out/server/src/server.js:2384:1248)\n    at /home/publico/.var/app/com.visualstudio.code/data/vscode/extensions/uqbar.wollok-lsp-ide-0.5.3/out/server/src/server.js:38:6131\n    at D2 (/home/publico/.var/app/com.visualstudio.code/data/vscode/extensions/uqbar.wollok-lsp-ide-0.5.3/out/server/src/server.js:2384:42)\n    at /home/publico/.var/app/com.visualstudio.code/data/vscode/extensions/uqbar.wollok-lsp-ide-0.5.3/out/server/src/server.js:2384:2988\n    at /home/publico/.var/app/com.visualstudio.code/data/vscode/extensions/uqbar.wollok-lsp-ide-0.5.3/out/server/src/server.js:2393:8440","timestamp":"2025-10-22T15:13:29.500Z"}
{"level":"info","message":"⌛ Building environment","timeElapsed":133,"timestamp":"2025-10-22T15:13:29.636Z"}
{"level":"info","message":"⌛ Validating src/personas.wlk","timeElapsed":109,"timestamp":"2025-10-22T15:13:29.746Z"}
{"level":"info","message":"⌛ Building environment","timeElapsed":201,"timestamp":"2025-10-22T15:13:29.949Z"}
{"level":"info","message":"⌛ Validating src/personas.wlk","timeElapsed":106,"timestamp":"2025-10-22T15:13:30.056Z"}
{"level":"info","message":"⌛ Building environment","timeElapsed":117,"timestamp":"2025-10-22T15:13:30.174Z"}
{"level":"info","message":"⌛ Validating src/personas.wlk","timeElapsed":120,"timestamp":"2025-10-22T15:13:30.294Z"}
{"level":"info","message":"⌛ Validating src/personas.wlk","timeElapsed":164,"timestamp":"2025-10-22T15:13:31.110Z"}
{"level":"info","message":"⌛ Building environment","timeElapsed":175,"timestamp":"2025-10-22T15:13:31.289Z"}
{"level":"info","message":"⌛ Building environment","timeElapsed":134,"timestamp":"2025-10-22T15:13:31.857Z"}
{"level":"info","message":"⌛ Building environment","timeElapsed":130,"timestamp":"2025-10-22T15:13:31.989Z"}
{"level":"info","message":"⌛ Building environment","timeElapsed":104,"timestamp":"2025-10-22T15:13:32.203Z"}
{"level":"info","message":"⌛ Validating src/personas.wlk","timeElapsed":106,"timestamp":"2025-10-22T15:13:32.311Z"}
{"level":"info","message":"⌛ Building environment","timeElapsed":165,"timestamp":"2025-10-22T15:13:32.478Z"}
{"level":"info","message":"⌛ Validating src/personas.wlk","timeElapsed":103,"timestamp":"2025-10-22T15:13:32.582Z"}
{"level":"info","message":"⌛ Building environment","timeElapsed":120,"timestamp":"2025-10-22T15:13:32.703Z"}
{"level":"info","message":"⌛ Building environment","timeElapsed":124,"timestamp":"2025-10-22T15:13:33.671Z"}
{"level":"info","message":"⌛ Validating src/personas.wlk","timeElapsed":114,"timestamp":"2025-10-22T15:13:38.867Z"}
{"level":"info","message":"⌛ Building environment","timeElapsed":119,"timestamp":"2025-10-22T15:13:38.987Z"}
{"level":"info","message":"⌛ Building environment","timeElapsed":112,"timestamp":"2025-10-22T15:13:39.824Z"}
{"level":"info","message":"⌛ Building environment","timeElapsed":144,"timestamp":"2025-10-22T15:13:40.311Z"}
{"level":"info","message":"⌛ Validating src/personas.wlk","timeElapsed":102,"timestamp":"2025-10-22T15:13:40.414Z"}
{"level":"info","message":"⌛ Building environment","timeElapsed":113,"timestamp":"2025-10-22T15:13:40.799Z"}
{"level":"info","message":"⌛ Building environment","timeElapsed":129,"timestamp":"2025-10-22T15:13:41.561Z"}
{"level":"info","message":"⌛ Validating src/personas.wlk","timeElapsed":103,"timestamp":"2025-10-22T15:13:41.666Z"}
{"level":"info","message":"⌛ Building environment","timeElapsed":125,"timestamp":"2025-10-22T15:13:42.022Z"}
{"level":"info","message":"⌛ Building environment","timeElapsed":111,"timestamp":"2025-10-22T15:13:42.423Z"}
{"level":"info","message":"⌛ Validating src/personas.wlk","timeElapsed":109,"timestamp":"2025-10-22T15:13:42.534Z"}
{"level":"info","message":"⌛ Building environment","timeElapsed":179,"timestamp":"2025-10-22T15:13:42.714Z"}
{"level":"info","message":"⌛ Building environment","timeElapsed":149,"timestamp":"2025-10-22T15:13:42.865Z"}
{"level":"info","message":"⌛ Validating src/personas.wlk","timeElapsed":106,"timestamp":"2025-10-22T15:13:53.586Z"}
{"level":"info","message":"⌛ Building environment","timeElapsed":134,"timestamp":"2025-10-22T15:13:53.721Z"}
{"level":"info","message":"⌛ Building environment","timeElapsed":113,"timestamp":"2025-10-22T15:13:54.391Z"}
{"level":"info","message":"⌛ Building environment","timeElapsed":120,"timestamp":"2025-10-22T15:14:12.175Z"}
{"level":"error","message":"✘ Completions for node If ([39:9, 41:10] - src/personas.wlk) failed: Error: [If]{936102} at src/personas.wlk:39 exhausted all cases without a match [If]{936102} at src/personas.wlk:39 exhausted all cases without a match","stack":"Error: [If]{936102} at src/personas.wlk:39 exhausted all cases without a match\n    at /home/publico/.var/app/com.visualstudio.code/data/vscode/extensions/uqbar.wollok-lsp-ide-0.5.3/out/server/src/server.js:38:6142\n    at D2 (/home/publico/.var/app/com.visualstudio.code/data/vscode/extensions/uqbar.wollok-lsp-ide-0.5.3/out/server/src/server.js:2384:42)\n    at Qh (/home/publico/.var/app/com.visualstudio.code/data/vscode/extensions/uqbar.wollok-lsp-ide-0.5.3/out/server/src/server.js:2384:1092)\n    at v6n (/home/publico/.var/app/com.visualstudio.code/data/vscode/extensions/uqbar.wollok-lsp-ide-0.5.3/out/server/src/server.js:2384:818)\n    at /home/publico/.var/app/com.visualstudio.code/data/vscode/extensions/uqbar.wollok-lsp-ide-0.5.3/out/server/src/server.js:38:6131\n    at D2 (/home/publico/.var/app/com.visualstudio.code/data/vscode/extensions/uqbar.wollok-lsp-ide-0.5.3/out/server/src/server.js:2384:42)\n    at Qh (/home/publico/.var/app/com.visualstudio.code/data/vscode/extensions/uqbar.wollok-lsp-ide-0.5.3/out/server/src/server.js:2384:1092)\n    at k6n (/home/publico/.var/app/com.visualstudio.code/data/vscode/extensions/uqbar.wollok-lsp-ide-0.5.3/out/server/src/server.js:2384:1248)\n    at /home/publico/.var/app/com.visualstudio.code/data/vscode/extensions/uqbar.wollok-lsp-ide-0.5.3/out/server/src/server.js:38:6131\n    at D2 (/home/publico/.var/app/com.visualstudio.code/data/vscode/extensions/uqbar.wollok-lsp-ide-0.5.3/out/server/src/server.js:2384:42)","timestamp":"2025-10-22T15:14:12.223Z"}
{"level":"info","message":"⌛ Building environment","timeElapsed":119,"timestamp":"2025-10-22T15:14:12.446Z"}
{"level":"info","message":"⌛ Building environment","timeElapsed":154,"timestamp":"2025-10-22T15:14:12.602Z"}
{"level":"info","message":"⌛ Validating src/personas.wlk","timeElapsed":116,"timestamp":"2025-10-22T15:14:12.719Z"}
{"level":"info","message":"⌛ Building environment","timeElapsed":186,"timestamp":"2025-10-22T15:14:12.906Z"}
{"level":"error","message":"✘ Completions for node If ([39:9, 41:10] - src/personas.wlk) failed: Error: [If]{dbe199} at src/personas.wlk:39 exhausted all cases without a match [If]{dbe199} at src/personas.wlk:39 exhausted all cases without a match","stack":"Error: [If]{dbe199} at src/personas.wlk:39 exhausted all cases without a match\n    at /home/publico/.var/app/com.visualstudio.code/data/vscode/extensions/uqbar.wollok-lsp-ide-0.5.3/out/server/src/server.js:38:6142\n    at D2 (/home/publico/.var/app/com.visualstudio.code/data/vscode/extensions/uqbar.wollok-lsp-ide-0.5.3/out/server/src/server.js:2384:42)\n    at Qh (/home/publico/.var/app/com.visualstudio.code/data/vscode/extensions/uqbar.wollok-lsp-ide-0.5.3/out/server/src/server.js:2384:1092)\n    at v6n (/home/publico/.var/app/com.visualstudio.code/data/vscode/extensions/uqbar.wollok-lsp-ide-0.5.3/out/server/src/server.js:2384:818)\n    at /home/publico/.var/app/com.visualstudio.code/data/vscode/extensions/uqbar.wollok-lsp-ide-0.5.3/out/server/src/server.js:38:6131\n    at D2 (/home/publico/.var/app/com.visualstudio.code/data/vscode/extensions/uqbar.wollok-lsp-ide-0.5.3/out/server/src/server.js:2384:42)\n    at Qh (/home/publico/.var/app/com.visualstudio.code/data/vscode/extensions/uqbar.wollok-lsp-ide-0.5.3/out/server/src/server.js:2384:1092)\n    at k6n (/home/publico/.var/app/com.visualstudio.code/data/vscode/extensions/uqbar.wollok-lsp-ide-0.5.3/out/server/src/server.js:2384:1248)\n    at /home/publico/.var/app/com.visualstudio.code/data/vscode/extensions/uqbar.wollok-lsp-ide-0.5.3/out/server/src/server.js:38:6131\n    at D2 (/home/publico/.var/app/com.visualstudio.code/data/vscode/extensions/uqbar.wollok-lsp-ide-0.5.3/out/server/src/server.js:2384:42)","timestamp":"2025-10-22T15:14:12.947Z"}
{"level":"info","message":"⌛ Building environment","timeElapsed":133,"timestamp":"2025-10-22T15:14:13.082Z"}
{"level":"info","message":"⌛ Validating src/personas.wlk","timeElapsed":102,"timestamp":"2025-10-22T15:14:13.186Z"}
{"level":"info","message":"⌛ Building environment","timeElapsed":113,"timestamp":"2025-10-22T15:14:13.300Z"}
{"level":"info","message":"⌛ Building environment","timeElapsed":127,"timestamp":"2025-10-22T15:14:13.445Z"}
{"level":"info","message":"⌛ Validating src/personas.wlk","timeElapsed":127,"timestamp":"2025-10-22T15:14:13.690Z"}
{"level":"info","message":"⌛ Validating src/personas.wlk","timeElapsed":101,"timestamp":"2025-10-22T15:14:13.877Z"}
{"level":"info","message":"⌛ Building environment","timeElapsed":132,"timestamp":"2025-10-22T15:14:36.230Z"}
{"level":"info","message":"⌛ Validating src/personas.wlk","timeElapsed":112,"timestamp":"2025-10-22T15:14:36.346Z"}
{"level":"info","message":"⌛ Building environment","timeElapsed":141,"timestamp":"2025-10-22T15:14:36.488Z"}
{"level":"info","message":"⌛ Building environment","timeElapsed":152,"timestamp":"2025-10-22T15:14:36.640Z"}
{"level":"info","message":"⌛ Validating src/personas.wlk","timeElapsed":111,"timestamp":"2025-10-22T15:14:36.753Z"}
{"level":"info","message":"⌛ Building environment","timeElapsed":192,"timestamp":"2025-10-22T15:14:37.117Z"}
{"level":"info","message":"⌛ Building environment","timeElapsed":154,"timestamp":"2025-10-22T15:14:37.374Z"}
{"level":"info","message":"⌛ Validating src/personas.wlk","timeElapsed":106,"timestamp":"2025-10-22T15:14:37.481Z"}
{"level":"info","message":"⌛ Building environment","timeElapsed":111,"timestamp":"2025-10-22T15:14:37.593Z"}
{"level":"info","message":"⌛ Validating src/personas.wlk","timeElapsed":103,"timestamp":"2025-10-22T15:14:37.801Z"}
{"level":"info","message":"⌛ Building environment","timeElapsed":138,"timestamp":"2025-10-22T15:14:37.944Z"}
{"level":"error","message":"✘ Completions for node If ([39:9, 41:10] - src/personas.wlk) failed: Error: [If]{c2bf2e} at src/personas.wlk:39 exhausted all cases without a match [If]{c2bf2e} at src/personas.wlk:39 exhausted all cases without a match","stack":"Error: [If]{c2bf2e} at src/personas.wlk:39 exhausted all cases without a match\n    at /home/publico/.var/app/com.visualstudio.code/data/vscode/extensions/uqbar.wollok-lsp-ide-0.5.3/out/server/src/server.js:38:6142\n    at D2 (/home/publico/.var/app/com.visualstudio.code/data/vscode/extensions/uqbar.wollok-lsp-ide-0.5.3/out/server/src/server.js:2384:42)\n    at Qh (/home/publico/.var/app/com.visualstudio.code/data/vscode/extensions/uqbar.wollok-lsp-ide-0.5.3/out/server/src/server.js:2384:1092)\n    at v6n (/home/publico/.var/app/com.visualstudio.code/data/vscode/extensions/uqbar.wollok-lsp-ide-0.5.3/out/server/src/server.js:2384:818)\n    at /home/publico/.var/app/com.visualstudio.code/data/vscode/extensions/uqbar.wollok-lsp-ide-0.5.3/out/server/src/server.js:38:6131\n    at D2 (/home/publico/.var/app/com.visualstudio.code/data/vscode/extensions/uqbar.wollok-lsp-ide-0.5.3/out/server/src/server.js:2384:42)\n    at Qh (/home/publico/.var/app/com.visualstudio.code/data/vscode/extensions/uqbar.wollok-lsp-ide-0.5.3/out/server/src/server.js:2384:1092)\n    at k6n (/home/publico/.var/app/com.visualstudio.code/data/vscode/extensions/uqbar.wollok-lsp-ide-0.5.3/out/server/src/server.js:2384:1248)\n    at /home/publico/.var/app/com.visualstudio.code/data/vscode/extensions/uqbar.wollok-lsp-ide-0.5.3/out/server/src/server.js:38:6131\n    at D2 (/home/publico/.var/app/com.visualstudio.code/data/vscode/extensions/uqbar.wollok-lsp-ide-0.5.3/out/server/src/server.js:2384:42)","timestamp":"2025-10-22T15:14:37.988Z"}
{"level":"info","message":"⌛ Building environment","timeElapsed":123,"timestamp":"2025-10-22T15:14:38.440Z"}
{"level":"info","message":"⌛ Building environment","timeElapsed":142,"timestamp":"2025-10-22T15:14:39.120Z"}
{"level":"info","message":"⌛ Building environment","timeElapsed":116,"timestamp":"2025-10-22T15:14:39.401Z"}
{"level":"info","message":"⌛ Building environment","timeElapsed":140,"timestamp":"2025-10-22T15:14:39.935Z"}
{"level":"info","message":"⌛ Building environment","timeElapsed":172,"timestamp":"2025-10-22T15:14:40.108Z"}
{"level":"info","message":"⌛ Validating src/personas.wlk","timeElapsed":115,"timestamp":"2025-10-22T15:14:40.224Z"}
{"level":"info","message":"⌛ Building environment","timeElapsed":166,"timestamp":"2025-10-22T15:17:28.527Z"}
{"level":"info","message":"⌛ Building environment","timeElapsed":146,"timestamp":"2025-10-22T15:17:32.100Z"}
{"level":"info","message":"⌛ Validating src/personas.wlk","timeElapsed":118,"timestamp":"2025-10-22T15:17:32.222Z"}
{"level":"info","message":"⌛ Building environment","timeElapsed":137,"timestamp":"2025-10-22T15:17:39.504Z"}
{"level":"info","message":"⌛ Validating src/personas.wlk","timeElapsed":106,"timestamp":"2025-10-22T15:17:39.612Z"}
{"level":"info","message":"⌛ Building environment","timeElapsed":157,"timestamp":"2025-10-22T15:17:39.769Z"}
{"level":"info","message":"⌛ Validating src/personas.wlk","timeElapsed":113,"timestamp":"2025-10-22T15:17:39.884Z"}
{"level":"info","message":"⌛ Building environment","timeElapsed":108,"timestamp":"2025-10-22T15:17:40.093Z"}
{"level":"info","message":"⌛ Building environment","timeElapsed":121,"timestamp":"2025-10-22T15:17:41.316Z"}
{"level":"info","message":"⌛ Building environment","timeElapsed":141,"timestamp":"2025-10-22T15:17:50.965Z"}
{"level":"info","message":"⌛ Validating src/gimnasia.wtest","timeElapsed":103,"timestamp":"2025-10-22T15:17:51.072Z"}
{"level":"info","message":"⌛ Building environment","timeElapsed":147,"timestamp":"2025-10-22T15:17:51.344Z"}
{"level":"info","message":"⌛ Building environment","timeElapsed":137,"timestamp":"2025-10-22T15:17:51.613Z"}
{"level":"info","message":"⌛ Building environment","timeElapsed":217,"timestamp":"2025-10-22T15:17:51.834Z"}
{"level":"info","message":"⌛ Validating src/gimnasia.wtest","timeElapsed":106,"timestamp":"2025-10-22T15:17:51.941Z"}
{"level":"info","message":"⌛ Building environment","timeElapsed":153,"timestamp":"2025-10-22T15:17:52.095Z"}
{"level":"info","message":"⌛ Validating src/gimnasia.wtest","timeElapsed":105,"timestamp":"2025-10-22T15:17:52.202Z"}
{"level":"info","message":"⌛ Building environment","timeElapsed":120,"timestamp":"2025-10-22T15:17:52.323Z"}
{"level":"info","message":"⌛ Validating src/gimnasia.wtest","timeElapsed":117,"timestamp":"2025-10-22T15:17:52.441Z"}
{"level":"error","message":"✘ Failed to rebuild document Failed to parse src/gimnasia.wtest: \n-- PARSING FAILED --------------------------------------------------\n\n  107 | //\t}\n  108 | \t\n> 109 | }\n      | ^\n\nExpected one of the following: \n\n'@', 'class', 'const', 'describe', 'mixin', 'object', 'only', 'package', 'program', 'test', 'var', '{', EOF, comment, not \"}\", whitespace\n","stack":"Error: Failed to parse src/gimnasia.wtest: \n-- PARSING FAILED --------------------------------------------------\n\n  107 | //\t}\n  108 | \t\n> 109 | }\n      | ^\n\nExpected one of the following: \n\n'@', 'class', 'const', 'describe', 'mixin', 'object', 'only', 'package', 'program', 'test', 'var', '{', EOF, comment, not \"}\", whitespace\n\n    at /home/publico/.var/app/com.visualstudio.code/data/vscode/extensions/uqbar.wollok-lsp-ide-0.5.3/out/server/src/server.js:2348:13026\n    at Array.map (<anonymous>)\n    at W1n (/home/publico/.var/app/com.visualstudio.code/data/vscode/extensions/uqbar.wollok-lsp-ide-0.5.3/out/server/src/server.js:2348:12950)\n    at U2.buildEnvironmentFrom (/home/publico/.var/app/com.visualstudio.code/data/vscode/extensions/uqbar.wollok-lsp-ide-0.5.3/out/server/src/server.js:2393:5254)\n    at U2.updateEnvironmentWith (/home/publico/.var/app/com.visualstudio.code/data/vscode/extensions/uqbar.wollok-lsp-ide-0.5.3/out/server/src/server.js:2393:4989)\n    at JF (/home/publico/.var/app/com.visualstudio.code/data/vscode/extensions/uqbar.wollok-lsp-ide-0.5.3/out/server/src/server.js:2393:7383)\n    at F3.invoke (/home/publico/.var/app/com.visualstudio.code/data/vscode/extensions/uqbar.wollok-lsp-ide-0.5.3/out/server/src/server.js:3:157334)\n    at o.fire (/home/publico/.var/app/com.visualstudio.code/data/vscode/extensions/uqbar.wollok-lsp-ide-0.5.3/out/server/src/server.js:3:158104)\n    at /home/publico/.var/app/com.visualstudio.code/data/vscode/extensions/uqbar.wollok-lsp-ide-0.5.3/out/server/src/server.js:37:57871\n    at Zr (/home/publico/.var/app/com.visualstudio.code/data/vscode/extensions/uqbar.wollok-lsp-ide-0.5.3/out/server/src/server.js:8:1561)","timestamp":"2025-10-22T15:17:52.508Z"}
{"level":"info","message":"⌛ Validating src/gimnasia.wtest","timeElapsed":114,"timestamp":"2025-10-22T15:17:52.623Z"}
{"level":"error","message":"✘ Failed to rebuild document Failed to parse src/gimnasia.wtest: \n-- PARSING FAILED --------------------------------------------------\n\n  107 | //\t}\n  108 | \t\n> 109 | }\n      | ^\n\nExpected one of the following: \n\n'@', 'class', 'const', 'describe', 'mixin', 'object', 'only', 'package', 'program', 'test', 'var', '{', EOF, comment, not \"}\", whitespace\n","stack":"Error: Failed to parse src/gimnasia.wtest: \n-- PARSING FAILED --------------------------------------------------\n\n  107 | //\t}\n  108 | \t\n> 109 | }\n      | ^\n\nExpected one of the following: \n\n'@', 'class', 'const', 'describe', 'mixin', 'object', 'only', 'package', 'program', 'test', 'var', '{', EOF, comment, not \"}\", whitespace\n\n    at /home/publico/.var/app/com.visualstudio.code/data/vscode/extensions/uqbar.wollok-lsp-ide-0.5.3/out/server/src/server.js:2348:13026\n    at Array.map (<anonymous>)\n    at W1n (/home/publico/.var/app/com.visualstudio.code/data/vscode/extensions/uqbar.wollok-lsp-ide-0.5.3/out/server/src/server.js:2348:12950)\n    at U2.buildEnvironmentFrom (/home/publico/.var/app/com.visualstudio.code/data/vscode/extensions/uqbar.wollok-lsp-ide-0.5.3/out/server/src/server.js:2393:5254)\n    at U2.updateEnvironmentWith (/home/publico/.var/app/com.visualstudio.code/data/vscode/extensions/uqbar.wollok-lsp-ide-0.5.3/out/server/src/server.js:2393:4989)\n    at JF (/home/publico/.var/app/com.visualstudio.code/data/vscode/extensions/uqbar.wollok-lsp-ide-0.5.3/out/server/src/server.js:2393:7383)\n    at F3.invoke (/home/publico/.var/app/com.visualstudio.code/data/vscode/extensions/uqbar.wollok-lsp-ide-0.5.3/out/server/src/server.js:3:157334)\n    at o.fire (/home/publico/.var/app/com.visualstudio.code/data/vscode/extensions/uqbar.wollok-lsp-ide-0.5.3/out/server/src/server.js:3:158104)\n    at /home/publico/.var/app/com.visualstudio.code/data/vscode/extensions/uqbar.wollok-lsp-ide-0.5.3/out/server/src/server.js:37:57871\n    at Zr (/home/publico/.var/app/com.visualstudio.code/data/vscode/extensions/uqbar.wollok-lsp-ide-0.5.3/out/server/src/server.js:8:1561)","timestamp":"2025-10-22T15:17:52.669Z"}
{"level":"info","message":"⌛ Building environment","timeElapsed":134,"timestamp":"2025-10-22T15:17:53.481Z"}
{"level":"info","message":"⌛ Building environment","timeElapsed":161,"timestamp":"2025-10-22T15:17:53.699Z"}
{"level":"info","message":"⌛ Validating src/gimnasia.wtest","timeElapsed":110,"timestamp":"2025-10-22T15:17:53.811Z"}
{"level":"info","message":"⌛ Building environment","timeElapsed":204,"timestamp":"2025-10-22T15:17:54.016Z"}
{"level":"info","message":"⌛ Validating src/gimnasia.wtest","timeElapsed":107,"timestamp":"2025-10-22T15:17:54.123Z"}
{"level":"info","message":"⌛ Building environment","timeElapsed":128,"timestamp":"2025-10-22T15:17:54.395Z"}
{"level":"info","message":"⌛ Building environment","timeElapsed":129,"timestamp":"2025-10-22T15:17:54.525Z"}
{"level":"info","message":"⌛ Building environment","timeElapsed":165,"timestamp":"2025-10-22T15:17:54.780Z"}
{"level":"info","message":"⌛ Building environment","timeElapsed":141,"timestamp":"2025-10-22T15:17:55.086Z"}
{"level":"error","message":"✘ Failed to rebuild document Failed to parse src/gimnasia.wtest: \n-- PARSING FAILED --------------------------------------------------\n\n  107 | //\t}\n  108 | \t\n> 109 | }\n      | ^\n\nExpected one of the following: \n\n'@', 'class', 'const', 'describe', 'mixin', 'object', 'only', 'package', 'program', 'test', 'var', '{', EOF, comment, not \"}\", whitespace\n","stack":"Error: Failed to parse src/gimnasia.wtest: \n-- PARSING FAILED --------------------------------------------------\n\n  107 | //\t}\n  108 | \t\n> 109 | }\n      | ^\n\nExpected one of the following: \n\n'@', 'class', 'const', 'describe', 'mixin', 'object', 'only', 'package', 'program', 'test', 'var', '{', EOF, comment, not \"}\", whitespace\n\n    at /home/publico/.var/app/com.visualstudio.code/data/vscode/extensions/uqbar.wollok-lsp-ide-0.5.3/out/server/src/server.js:2348:13026\n    at Array.map (<anonymous>)\n    at W1n (/home/publico/.var/app/com.visualstudio.code/data/vscode/extensions/uqbar.wollok-lsp-ide-0.5.3/out/server/src/server.js:2348:12950)\n    at U2.buildEnvironmentFrom (/home/publico/.var/app/com.visualstudio.code/data/vscode/extensions/uqbar.wollok-lsp-ide-0.5.3/out/server/src/server.js:2393:5254)\n    at U2.updateEnvironmentWith (/home/publico/.var/app/com.visualstudio.code/data/vscode/extensions/uqbar.wollok-lsp-ide-0.5.3/out/server/src/server.js:2393:4989)\n    at JF (/home/publico/.var/app/com.visualstudio.code/data/vscode/extensions/uqbar.wollok-lsp-ide-0.5.3/out/server/src/server.js:2393:7383)\n    at F3.invoke (/home/publico/.var/app/com.visualstudio.code/data/vscode/extensions/uqbar.wollok-lsp-ide-0.5.3/out/server/src/server.js:3:157334)\n    at o.fire (/home/publico/.var/app/com.visualstudio.code/data/vscode/extensions/uqbar.wollok-lsp-ide-0.5.3/out/server/src/server.js:3:158104)\n    at /home/publico/.var/app/com.visualstudio.code/data/vscode/extensions/uqbar.wollok-lsp-ide-0.5.3/out/server/src/server.js:37:57871\n    at Zr (/home/publico/.var/app/com.visualstudio.code/data/vscode/extensions/uqbar.wollok-lsp-ide-0.5.3/out/server/src/server.js:8:1561)","timestamp":"2025-10-22T15:17:55.936Z"}
{"level":"info","message":"⌛ Building environment","timeElapsed":157,"timestamp":"2025-10-22T15:17:57.361Z"}
{"level":"info","message":"⌛ Building environment","timeElapsed":132,"timestamp":"2025-10-22T15:18:00.467Z"}
{"level":"info","message":"⌛ Building environment","timeElapsed":102,"timestamp":"2025-10-22T15:18:20.772Z"}
{"level":"info","message":"⌛ Building environment","timeElapsed":252,"timestamp":"2025-10-22T15:18:21.042Z"}
{"level":"info","message":"⌛ Building environment","timeElapsed":200,"timestamp":"2025-10-22T15:18:21.244Z"}
{"level":"info","message":"⌛ Validating src/persona.wlk","timeElapsed":262,"timestamp":"2025-10-22T15:18:21.543Z"}
{"level":"info","message":"Removing diagnostics from /home/publico/Escritorio/obj/2025c2s2-herencia-rutinas-rodriguezlucas763/src/personas.wlk","timestamp":"2025-10-22T15:18:21.544Z"}
{"level":"info","message":"⌛ Building environment","timeElapsed":169,"timestamp":"2025-10-22T15:18:36.751Z"}
{"level":"info","message":"⌛ Validating src/gimnasia.wtest","timeElapsed":109,"timestamp":"2025-10-22T15:18:36.862Z"}
{"level":"error","message":"✘ Failed to rebuild document Failed to parse src/gimnasia.wtest: \n-- PARSING FAILED --------------------------------------------------\n\n  107 | //\t}\n  108 | \t\n> 109 | }\n      | ^\n\nExpected one of the following: \n\n'@', 'class', 'const', 'describe', 'mixin', 'object', 'only', 'package', 'program', 'test', 'var', '{', EOF, comment, not \"}\", whitespace\n","stack":"Error: Failed to parse src/gimnasia.wtest: \n-- PARSING FAILED --------------------------------------------------\n\n  107 | //\t}\n  108 | \t\n> 109 | }\n      | ^\n\nExpected one of the following: \n\n'@', 'class', 'const', 'describe', 'mixin', 'object', 'only', 'package', 'program', 'test', 'var', '{', EOF, comment, not \"}\", whitespace\n\n    at /home/publico/.var/app/com.visualstudio.code/data/vscode/extensions/uqbar.wollok-lsp-ide-0.5.3/out/server/src/server.js:2348:13026\n    at Array.map (<anonymous>)\n    at W1n (/home/publico/.var/app/com.visualstudio.code/data/vscode/extensions/uqbar.wollok-lsp-ide-0.5.3/out/server/src/server.js:2348:12950)\n    at U2.buildEnvironmentFrom (/home/publico/.var/app/com.visualstudio.code/data/vscode/extensions/uqbar.wollok-lsp-ide-0.5.3/out/server/src/server.js:2393:5254)\n    at U2.updateEnvironmentWith (/home/publico/.var/app/com.visualstudio.code/data/vscode/extensions/uqbar.wollok-lsp-ide-0.5.3/out/server/src/server.js:2393:4989)\n    at JF (/home/publico/.var/app/com.visualstudio.code/data/vscode/extensions/uqbar.wollok-lsp-ide-0.5.3/out/server/src/server.js:2393:7383)\n    at F3.invoke (/home/publico/.var/app/com.visualstudio.code/data/vscode/extensions/uqbar.wollok-lsp-ide-0.5.3/out/server/src/server.js:3:157334)\n    at o.fire (/home/publico/.var/app/com.visualstudio.code/data/vscode/extensions/uqbar.wollok-lsp-ide-0.5.3/out/server/src/server.js:3:158104)\n    at /home/publico/.var/app/com.visualstudio.code/data/vscode/extensions/uqbar.wollok-lsp-ide-0.5.3/out/server/src/server.js:37:57871\n    at Zr (/home/publico/.var/app/com.visualstudio.code/data/vscode/extensions/uqbar.wollok-lsp-ide-0.5.3/out/server/src/server.js:8:1561)","timestamp":"2025-10-22T15:18:42.123Z"}
{"level":"error","message":"✘ Failed to rebuild document Failed to parse src/gimnasia.wtest: \n-- PARSING FAILED --------------------------------------------------\n\n  107 | //\t}\n  108 | \t\n> 109 | }\n      | ^\n\nExpected one of the following: \n\n'@', 'class', 'const', 'describe', 'mixin', 'object', 'only', 'package', 'program', 'test', 'var', '{', EOF, comment, not \"}\", whitespace\n","stack":"Error: Failed to parse src/gimnasia.wtest: \n-- PARSING FAILED --------------------------------------------------\n\n  107 | //\t}\n  108 | \t\n> 109 | }\n      | ^\n\nExpected one of the following: \n\n'@', 'class', 'const', 'describe', 'mixin', 'object', 'only', 'package', 'program', 'test', 'var', '{', EOF, comment, not \"}\", whitespace\n\n    at /home/publico/.var/app/com.visualstudio.code/data/vscode/extensions/uqbar.wollok-lsp-ide-0.5.3/out/server/src/server.js:2348:13026\n    at Array.map (<anonymous>)\n    at W1n (/home/publico/.var/app/com.visualstudio.code/data/vscode/extensions/uqbar.wollok-lsp-ide-0.5.3/out/server/src/server.js:2348:12950)\n    at U2.buildEnvironmentFrom (/home/publico/.var/app/com.visualstudio.code/data/vscode/extensions/uqbar.wollok-lsp-ide-0.5.3/out/server/src/server.js:2393:5254)\n    at U2.updateEnvironmentWith (/home/publico/.var/app/com.visualstudio.code/data/vscode/extensions/uqbar.wollok-lsp-ide-0.5.3/out/server/src/server.js:2393:4989)\n    at JF (/home/publico/.var/app/com.visualstudio.code/data/vscode/extensions/uqbar.wollok-lsp-ide-0.5.3/out/server/src/server.js:2393:7383)\n    at F3.invoke (/home/publico/.var/app/com.visualstudio.code/data/vscode/extensions/uqbar.wollok-lsp-ide-0.5.3/out/server/src/server.js:3:157334)\n    at o.fire (/home/publico/.var/app/com.visualstudio.code/data/vscode/extensions/uqbar.wollok-lsp-ide-0.5.3/out/server/src/server.js:3:158104)\n    at /home/publico/.var/app/com.visualstudio.code/data/vscode/extensions/uqbar.wollok-lsp-ide-0.5.3/out/server/src/server.js:37:57871\n    at Zr (/home/publico/.var/app/com.visualstudio.code/data/vscode/extensions/uqbar.wollok-lsp-ide-0.5.3/out/server/src/server.js:8:1561)","timestamp":"2025-10-22T15:18:42.332Z"}
{"level":"error","message":"✘ Failed to rebuild document Failed to parse src/gimnasia.wtest: \n-- PARSING FAILED --------------------------------------------------\n\n  107 | //\t}\n  108 | \t\n> 109 | }\n      | ^\n\nExpected one of the following: \n\n'@', 'class', 'const', 'describe', 'mixin', 'object', 'only', 'package', 'program', 'test', 'var', '{', EOF, comment, not \"}\", whitespace\n","stack":"Error: Failed to parse src/gimnasia.wtest: \n-- PARSING FAILED --------------------------------------------------\n\n  107 | //\t}\n  108 | \t\n> 109 | }\n      | ^\n\nExpected one of the following: \n\n'@', 'class', 'const', 'describe', 'mixin', 'object', 'only', 'package', 'program', 'test', 'var', '{', EOF, comment, not \"}\", whitespace\n\n    at /home/publico/.var/app/com.visualstudio.code/data/vscode/extensions/uqbar.wollok-lsp-ide-0.5.3/out/server/src/server.js:2348:13026\n    at Array.map (<anonymous>)\n    at W1n (/home/publico/.var/app/com.visualstudio.code/data/vscode/extensions/uqbar.wollok-lsp-ide-0.5.3/out/server/src/server.js:2348:12950)\n    at U2.buildEnvironmentFrom (/home/publico/.var/app/com.visualstudio.code/data/vscode/extensions/uqbar.wollok-lsp-ide-0.5.3/out/server/src/server.js:2393:5254)\n    at U2.updateEnvironmentWith (/home/publico/.var/app/com.visualstudio.code/data/vscode/extensions/uqbar.wollok-lsp-ide-0.5.3/out/server/src/server.js:2393:4989)\n    at JF (/home/publico/.var/app/com.visualstudio.code/data/vscode/extensions/uqbar.wollok-lsp-ide-0.5.3/out/server/src/server.js:2393:7383)\n    at F3.invoke (/home/publico/.var/app/com.visualstudio.code/data/vscode/extensions/uqbar.wollok-lsp-ide-0.5.3/out/server/src/server.js:3:157334)\n    at o.fire (/home/publico/.var/app/com.visualstudio.code/data/vscode/extensions/uqbar.wollok-lsp-ide-0.5.3/out/server/src/server.js:3:158104)\n    at /home/publico/.var/app/com.visualstudio.code/data/vscode/extensions/uqbar.wollok-lsp-ide-0.5.3/out/server/src/server.js:37:57871\n    at Zr (/home/publico/.var/app/com.visualstudio.code/data/vscode/extensions/uqbar.wollok-lsp-ide-0.5.3/out/server/src/server.js:8:1561)","timestamp":"2025-10-22T15:18:45.144Z"}
{"level":"info","message":"⌛ Building environment","timeElapsed":121,"timestamp":"2025-10-22T15:18:45.451Z"}
{"level":"error","message":"✘ Failed to get type description: Error: Failed to print, found malformed node Failed to print, found malformed node","node":{"id":"e03af5d6-57d1-47e7-987e-80309b5c5189","members":[{"id":"91a66e5a-0b1c-4d12-b164-15bd3bce0fe3","isConstant":true,"isProperty":false,"metadata":[{"args":{"position":"start","text":"// Punto 1: rutinas"},"name":"comment"}],"name":"correrEnLaPlaya","scope":{"containerScope":{"containerScope":{"containerScope":{"containerScope":{"contributions":{},"includedScopes":[]},"contributions":{},"includedScopes":[]},"contributions":{},"includedScopes":[{"contributions":{},"includedScopes":[]},{"contributions":{},"includedScopes":[]}]},"contributions":{},"includedScopes":[{"containerScope":{"containerScope":{"containerScope":{"contributions":{},"includedScopes":[]},"contributions":{},"includedScopes":[]},"contributions":{},"includedScopes":[]},"contributions":{},"includedScopes":[]}]},"contributions":{},"includedScopes":[]},"sourceMap":{"end":{"column":61,"line":7,"offset":138},"start":{"column":4,"line":7,"offset":81}},"value":{"args":[{"id":"b459e75a-45a7-4ad8-adf3-867cba8a14b5","metadata":[],"name":"intensidad","scope":{"containerScope":{"containerScope":{"containerScope":{"containerScope":{"containerScope":{"containerScope":{"contributions":{},"includedScopes":[]},"contributions":{},"includedScopes":[]},"contributions":{},"includedScopes":[{"contributions":{},"includedScopes":[]},{"contributions":{},"includedScopes":[]}]},"contributions":{},"includedScopes":[{"containerScope":{"containerScope":{"containerScope":{"contributions":{},"includedScopes":[]},"contributions":{},"includedScopes":[]},"contributions":{},"includedScopes":[]},"contributions":{},"includedScopes":[]}]},"contributions":{},"includedScopes":[]},"contributions":{},"includedScopes":[]},"contributions":{},"includedScopes":[]},"sourceMap":{"end":{"column":60,"line":7,"offset":137},"start":{"column":44,"line":7,"offset":121}},"value":{"id":"45e8723d-b495-4ee5-80c0-e76dce2455d7","metadata":[],"scope":{"containerScope":{"containerScope":{"containerScope":{"containerScope":{"containerScope":{"containerScope":{"containerScope":{"contributions":{},"includedScopes":[]},"contributions":{},"includedScopes":[]},"contributions":{},"includedScopes":[{"contributions":{},"includedScopes":[]},{"contributions":{},"includedScopes":[]}]},"contributions":{},"includedScopes":[{"containerScope":{"containerScope":{"containerScope":{"contributions":{},"includedScopes":[]},"contributions":{},"includedScopes":[]},"contributions":{},"includedScopes":[]},"contributions":{},"includedScopes":[]}]},"contributions":{},"includedScopes":[]},"contributions":{},"includedScopes":[]},"contributions":{},"includedScopes":[]},"contributions":{},"includedScopes":[]},"sourceMap":{"end":{"column":60,"line":7,"offset":137},"start":{"column":57,"line":7,"offset":134}},"value":1.2}}],"id":"c40640e9-5341-4764-a4a1-12bfd6ef7702","instantiated":{"id":"17b80462-252c-4af4-b02e-3995852615c9","metadata":[],"name":"Running","scope":{"containerScope":{"containerScope":{"containerScope":{"containerScope":{"containerScope":{"containerScope":{"contributions":{},"includedScopes":[]},"contributions":{},"includedScopes":[]},"contributions":{},"includedScopes":[{"contributions":{},"includedScopes":[]},{"contributions":{},"includedScopes":[]}]},"contributions":{},"includedScopes":[{"containerScope":{"containerScope":{"containerScope":{"contributions":{},"includedScopes":[]},"contributions":{},"includedScopes":[]},"contributions":{},"includedScopes":[]},"contributions":{},"includedScopes":[]}]},"contributions":{},"includedScopes":[]},"contributions":{},"includedScopes":[]},"contributions":{},"includedScopes":[]},"sourceMap":{"end":{"column":43,"line":7,"offset":120},"start":{"column":36,"line":7,"offset":113}}},"metadata":[],"scope":{"containerScope":{"containerScope":{"containerScope":{"containerScope":{"containerScope":{"contributions":{},"includedScopes":[]},"contributions":{},"includedScopes":[]},"contributions":{},"includedScopes":[{"contributions":{},"includedScopes":[]},{"contributions":{},"includedScopes":[]}]},"contributions":{},"includedScopes":[{"containerScope":{"containerScope":{"containerScope":{"contributions":{},"includedScopes":[]},"contributions":{},"includedScopes":[]},"contributions":{},"includedScopes":[]},"contributions":{},"includedScopes":[]}]},"contributions":{},"includedScopes":[]},"contributions":{},"includedScopes":[]},"sourceMap":{"end":{"column":61,"line":7,"offset":138},"start":{"column":32,"line":7,"offset":109}}}},{"id":"b348cb9d-2af1-4d3b-9579-6f5f2986f0d1","isConstant":true,"isProperty":false,"metadata":[],"name":"maratonBA","scope":{"containerScope":{"containerScope":{"containerScope":{"containerScope":{"contributions":{},"includedScopes":[]},"contributions":{},"includedScopes":[]},"contributions":{},"includedScopes":[{"contributions":{},"includedScopes":[]},{"contributions":{},"includedScopes":[]}]},"contributions":{},"includedScopes":[{"containerScope":{"containerScope":{"containerScope":{"contributions":{},"includedScopes":[]},"contributions":{},"includedScopes":[]},"contributions":{},"includedScopes":[]},"contributions":{},"includedScopes":[]}]},"contributions":{},"includedScopes":[]},"sourceMap":{"end":{"column":57,"line":8,"offset":195},"start":{"column":2,"line":8,"offset":140}},"value":{"args":[{"id":"5525c8ef-a619-4665-bb13-644d17a7be57","metadata":[],"name":"intensidad","scope":{"containerScope":{"containerScope":{"containerScope":{"containerScope":{"containerScope":{"containerScope":{"contributions":{},"includedScopes":[]},"contributions":{},"includedScopes":[]},"contributions":{},"includedScopes":[{"contributions":{},"includedScopes":[]},{"contributions":{},"includedScopes":[]}]},"contributions":{},"includedScopes":[{"containerScope":{"containerScope":{"containerScope":{"contributions":{},"includedScopes":[]},"contributions":{},"includedScopes":[]},"contributions":{},"includedScopes":[]},"contributions":{},"includedScopes":[]}]},"contributions":{},"includedScopes":[]},"contributions":{},"includedScopes":[]},"contributions":{},"includedScopes":[]},"sourceMap":{"end":{"column":56,"line":8,"offset":194},"start":{"column":40,"line":8,"offset":178}},"value":{"id":"e81289f9-9b17-41c9-b880-49e36cecdfb5","metadata":[],"scope":{"containerScope":{"containerScope":{"containerScope":{"containerScope":{"containerScope":{"containerScope":{"containerScope":{"contributions":{},"includedScopes":[]},"contributions":{},"includedScopes":[]},"contributions":{},"includedScopes":[{"contributions":{},"includedScopes":[]},{"contributions":{},"includedScopes":[]}]},"contributions":{},"includedScopes":[{"containerScope":{"containerScope":{"containerScope":{"contributions":{},"includedScopes":[]},"contributions":{},"includedScopes":[]},"contributions":{},"includedScopes":[]},"contributions":{},"includedScopes":[]}]},"contributions":{},"includedScopes":[]},"contributions":{},"includedScopes":[]},"contributions":{},"includedScopes":[]},"contributions":{},"includedScopes":[]},"sourceMap":{"end":{"column":56,"line":8,"offset":194},"start":{"column":53,"line":8,"offset":191}},"value":1.5}}],"id":"39e16b03-d2ce-42e6-bf87-df29decee9ad","instantiated":{"id":"fa5ae931-688e-422b-b344-0c03cf00f14a","metadata":[],"name":"Maraton","scope":{"containerScope":{"containerScope":{"containerScope":{"containerScope":{"containerScope":{"containerScope":{"contributions":{},"includedScopes":[]},"contributions":{},"includedScopes":[]},"contributions":{},"includedScopes":[{"contributions":{},"includedScopes":[]},{"contributions":{},"includedScopes":[]}]},"contributions":{},"includedScopes":[{"containerScope":{"containerScope":{"containerScope":{"contributions":{},"includedScopes":[]},"contributions":{},"includedScopes":[]},"contributions":{},"includedScopes":[]},"contributions":{},"includedScopes":[]}]},"contributions":{},"includedScopes":[]},"contributions":{},"includedScopes":[]},"contributions":{},"includedScopes":[]},"sourceMap":{"end":{"column":39,"line":8,"offset":177},"start":{"column":32,"line":8,"offset":170}}},"metadata":[],"scope":{"containerScope":{"containerScope":{"containerScope":{"containerScope":{"containerScope":{"contributions":{},"includedScopes":[]},"contributions":{},"includedScopes":[]},"contributions":{},"includedScopes":[{"contributions":{},"includedScopes":[]},{"contributions":{},"includedScopes":[]}]},"contributions":{},"includedScopes":[{"containerScope":{"containerScope":{"containerScope":{"contributions":{},"includedScopes":[]},"contributions":{},"includedScopes":[]},"contributions":{},"includedScopes":[]},"contributions":{},"includedScopes":[]}]},"contributions":{},"includedScopes":[]},"contributions":{},"includedScopes":[]},"sourceMap":{"end":{"column":57,"line":8,"offset":195},"start":{"column":28,"line":8,"offset":166}}}},{"id":"4d3e2069-817a-474a-af38-b463904fe656","isConstant":true,"isProperty":false,"metadata":[],"name":"remarEnElDelta","scope":{"containerScope":{"containerScope":{"containerScope":{"containerScope":{"contributions":{},"includedScopes":[]},"contributions":{},"includedScopes":[]},"contributions":{},"includedScopes":[{"contributions":{},"includedScopes":[]},{"contributions":{},"includedScopes":[]}]},"contributions":{},"includedScopes":[{"containerScope":{"containerScope":{"containerScope":{"contributions":{},"includedScopes":[]},"contributions":{},"includedScopes":[]},"contributions":{},"includedScopes":[]},"contributions":{},"includedScopes":[]}]},"contributions":{},"includedScopes":[]},"sourceMap":{"end":{"column":41,"line":9,"offset":236},"start":{"column":2,"line":9,"offset":197}},"value":{"args":[],"id":"9e4bbe4b-a7cc-4fa6-b4c5-7507c8c78b2d","instantiated":{"id":"9dc5ed39-9574-44c0-8972-fa4490075b7f","metadata":[],"name":"Remo","scope":{"containerScope":{"containerScope":{"containerScope":{"containerScope":{"containerScope":{"containerScope":{"contributions":{},"includedScopes":[]},"contributions":{},"includedScopes":[]},"contributions":{},"includedScopes":[{"contributions":{},"includedScopes":[]},{"contributions":{},"includedScopes":[]}]},"contributions":{},"includedScopes":[{"containerScope":{"containerScope":{"containerScope":{"contributions":{},"includedScopes":[]},"contributions":{},"includedScopes":[]},"contributions":{},"includedScopes":[]},"contributions":{},"includedScopes":[]}]},"contributions":{},"includedScopes":[]},"contributions":{},"includedScopes":[]},"contributions":{},"includedScopes":[]},"sourceMap":{"end":{"column":39,"line":9,"offset":234},"start":{"column":35,"line":9,"offset":230}}},"metadata":[],"scope":{"containerScope":{"containerScope":{"containerScope":{"containerScope":{"containerScope":{"contributions":{},"includedScopes":[]},"contributions":{},"includedScopes":[]},"contributions":{},"includedScopes":[{"contributions":{},"includedScopes":[]},{"contributions":{},"includedScopes":[]}]},"contributions":{},"includedScopes":[{"containerScope":{"containerScope":{"containerScope":{"contributions":{},"includedScopes":[]},"contributions":{},"includedScopes":[]},"contributions":{},"includedScopes":[]},"contributions":{},"includedScopes":[]}]},"contributions":{},"includedScopes":[]},"contributions":{},"includedScopes":[]},"sourceMap":{"end":{"column":41,"line":9,"offset":236},"start":{"column":31,"line":9,"offset":226}}}},{"id":"04899661-0d6a-4e5f-92bf-5ac2c8dd093e","isConstant":true,"isProperty":false,"metadata":[],"name":"remarEnCaminoRemeros","scope":{"containerScope":{"containerScope":{"containerScope":{"containerScope":{"contributions":{},"includedScopes":[]},"contributions":{},"includedScopes":[]},"contributions":{},"includedScopes":[{"contributions":{},"includedScopes":[]},{"contributions":{},"includedScopes":[]}]},"contributions":{},"includedScopes":[{"containerScope":{"containerScope":{"containerScope":{"contributions":{},"includedScopes":[]},"contributions":{},"includedScopes":[]},"contributions":{},"includedScopes":[]},"contributions":{},"includedScopes":[]}]},"contributions":{},"includedScopes":[]},"sourceMap":{"end":{"column":54,"line":10,"offset":290},"start":{"column":2,"line":10,"offset":238}},"value":{"args":[],"id":"8676e7a3-533a-4b84-9dfa-61b45fd599ee","instantiated":{"id":"9e657700-371e-4d6d-9c5c-7e3cacae059d","metadata":[],"name":"RemoDeCompeticion","scope":{"containerScope":{"containerScope":{"containerScope":{"containerScope":{"containerScope":{"containerScope":{"contributions":{},"includedScopes":[]},"contributions":{},"includedScopes":[]},"contributions":{},"includedScopes":[{"contributions":{},"includedScopes":[]},{"contributions":{},"includedScopes":[]}]},"contributions":{},"includedScopes":[{"containerScope":{"containerScope":{"containerScope":{"contributions":{},"includedScopes":[]},"contributions":{},"includedScopes":[]},"contributions":{},"includedScopes":[]},"contributions":{},"includedScopes":[]}]},"contributions":{},"includedScopes":[]},"contributions":{},"includedScopes":[]},"contributions":{},"includedScopes":[]},"sourceMap":{"end":{"column":52,"line":10,"offset":288},"start":{"column":35,"line":10,"offset":271}}},"metadata":[],"scope":{"containerScope":{"containerScope":{"containerScope":{"containerScope":{"containerScope":{"contributions":{},"includedScopes":[]},"contributions":{},"includedScopes":[]},"contributions":{},"includedScopes":[{"contributions":{},"includedScopes":[]},{"contributions":{},"includedScopes":[]}]},"contributions":{},"includedScopes":[{"containerScope":{"containerScope":{"containerScope":{"contributions":{},"includedScopes":[]},"contributions":{},"includedScopes":[]},"contributions":{},"includedScopes":[]},"contributions":{},"includedScopes":[]}]},"contributions":{},"includedScopes":[]},"contributions":{},"includedScopes":[]},"sourceMap":{"end":{"column":54,"line":10,"offset":290},"start":{"column":31,"line":10,"offset":267}}}},{"id":"d80330c5-7109-49e7-a4e3-b48dfea6ef81","isConstant":true,"isProperty":false,"metadata":[{"args":{"position":"start","text":"//Punto 2: personas"},"name":"comment"}],"name":"calamardo","scope":{"containerScope":{"containerScope":{"containerScope":{"containerScope":{"contributions":{},"includedScopes":[]},"contributions":{},"includedScopes":[]},"contributions":{},"includedScopes":[{"contributions":{},"includedScopes":[]},{"contributions":{},"includedScopes":[]}]},"contributions":{},"includedScopes":[{"containerScope":{"containerScope":{"containerScope":{"contributions":{},"includedScopes":[]},"contributions":{},"includedScopes":[]},"contributions":{},"includedScopes":[]},"contributions":{},"includedScopes":[]}]},"contributions":{},"includedScopes":[]},"sourceMap":{"end":{"column":8,"line":14,"offset":399},"start":{"column":2,"line":13,"offset":313}},"value":{"id":"efe2504c-4c7c-400f-97b3-9b360ffb68e1","metadata":[{"args":{"position":"start","text":"//Una persona Sedentaria con peso 60 y tiempo de ejercicio 5"},"name":"comment"}],"name":"const","scope":{"containerScope":{"containerScope":{"containerScope":{"containerScope":{"containerScope":{"contributions":{},"includedScopes":[]},"contributions":{},"includedScopes":[]},"contributions":{},"includedScopes":[{"contributions":{},"includedScopes":[]},{"contributions":{},"includedScopes":[]}]},"contributions":{},"includedScopes":[{"containerScope":{"containerScope":{"containerScope":{"contributions":{},"includedScopes":[]},"contributions":{},"includedScopes":[]},"contributions":{},"includedScopes":[]},"contributions":{},"includedScopes":[]}]},"contributions":{},"includedScopes":[]},"contributions":{},"includedScopes":[]},"sourceMap":{"end":{"column":8,"line":14,"offset":399},"start":{"column":3,"line":14,"offset":394}}}},{"body":{"id":"58d7eb32-4f94-4264-ae25-5f8c692715b6","metadata":[],"problems":[],"scope":{"containerScope":{"containerScope":{"containerScope":{"containerScope":{"containerScope":{"contributions":{},"includedScopes":[]},"contributions":{},"includedScopes":[]},"contributions":{},"includedScopes":[{"contributions":{},"includedScopes":[]},{"contributions":{},"includedScopes":[]}]},"contributions":{},"includedScopes":[{"containerScope":{"containerScope":{"containerScope":{"contributions":{},"includedScopes":[]},"contributions":{},"includedScopes":[]},"contributions":{},"includedScopes":[]},"contributions":{},"includedScopes":[]}]},"contributions":{},"includedScopes":[]},"contributions":{},"includedScopes":[]},"sentences":[{"args":[{"id":"1d832512-e203-4b72-b0ad-7b9ac785f119","metadata":[],"scope":{"containerScope":{"containerScope":{"containerScope":{"containerScope":{"containerScope":{"containerScope":{"containerScope":{"contributions":{},"includedScopes":[]},"contributions":{},"includedScopes":[]},"contributions":{},"includedScopes":[{"contributions":{},"includedScopes":[]},{"contributions":{},"includedScopes":[]}]},"contributions":{},"includedScopes":[{"containerScope":{"containerScope":{"containerScope":{"contributions":{},"includedScopes":[]},"contributions":{},"includedScopes":[]},"contributions":{},"includedScopes":[]},"contributions":{},"includedScopes":[]}]},"contributions":{},"includedScopes":[]},"contributions":{},"includedScopes":[]},"contributions":{},"includedScopes":[]},"contributions":{},"includedScopes":[]},"sourceMap":{"end":{"column":20,"line":24,"offset":713},"start":{"column":17,"line":24,"offset":710}},"value":360},{"args":[{"id":"403594e1-e1d7-4349-86af-5dd0bac18299","metadata":[],"scope":{"containerScope":{"containerScope":{"containerScope":{"containerScope":{"containerScope":{"containerScope":{"containerScope":{"containerScope":{"contributions":{},"includedScopes":[]},"contributions":{},"includedScopes":[]},"contributions":{},"includedScopes":[{"contributions":{},"includedScopes":[]},{"contributions":{},"includedScopes":[]}]},"contributions":{},"includedScopes":[{"containerScope":{"containerScope":{"containerScope":{"contributions":{},"includedScopes":[]},"contributions":{},"includedScopes":[]},"contributions":{},"includedScopes":[]},"contributions":{},"includedScopes":[]}]},"contributions":{},"includedScopes":[]},"contributions":{},"includedScopes":[]},"contributions":{},"includedScopes":[]},"contributions":{},"includedScopes":[]},"contributions":{},"includedScopes":[]},"sourceMap":{"end":{"column":55,"line":24,"offset":748},"start":{"column":54,"line":24,"offset":747}},"value":5}],"id":"a4ce5608-e101-4478-9ec0-2efa42c41dfd","message":"caloriasAQuemar","metadata":[],"receiver":{"id":"327acd5c-7058-47d2-b8d1-1db0d5c1c371","metadata":[],"name":"correrEnLaPlaya","scope":{"containerScope":{"containerScope":{"containerScope":{"containerScope":{"containerScope":{"containerScope":{"containerScope":{"containerScope":{"contributions":{},"includedScopes":[]},"contributions":{},"includedScopes":[]},"contributions":{},"includedScopes":[{"contributions":{},"includedScopes":[]},{"contributions":{},"includedScopes":[]}]},"contributions":{},"includedScopes":[{"containerScope":{"containerScope":{"containerScope":{"contributions":{},"includedScopes":[]},"contributions":{},"includedScopes":[]},"contributions":{},"includedScopes":[]},"contributions":{},"includedScopes":[]}]},"contributions":{},"includedScopes":[]},"contributions":{},"includedScopes":[]},"contributions":{},"includedScopes":[]},"contributions":{},"includedScopes":[]},"contributions":{},"includedScopes":[]},"sourceMap":{"end":{"column":37,"line":24,"offset":730},"start":{"column":22,"line":24,"offset":715}}},"scope":{"containerScope":{"containerScope":{"containerScope":{"containerScope":{"containerScope":{"containerScope":{"containerScope":{"contributions":{},"includedScopes":[]},"contributions":{},"includedScopes":[]},"contributions":{},"includedScopes":[{"contributions":{},"includedScopes":[]},{"contributions":{},"includedScopes":[]}]},"contributions":{},"includedScopes":[{"containerScope":{"containerScope":{"containerScope":{"contributions":{},"includedScopes":[]},"contributions":{},"includedScopes":[]},"contributions":{},"includedScopes":[]},"contributions":{},"includedScopes":[]}]},"contributions":{},"includedScopes":[]},"contributions":{},"includedScopes":[]},"contributions":{},"includedScopes":[]},"contributions":{},"includedScopes":[]},"sourceMap":{"end":{"column":56,"line":24,"offset":749},"start":{"column":22,"line":24,"offset":715}}}],"id":"0ade34c5-9921-4dc6-aa92-8e123abd3677","message":"equals","metadata":[],"receiver":{"id":"09003ce0-1544-4f86-8e89-1a6b7a951f7e","metadata":[],"name":"assert","scope":{"containerScope":{"containerScope":{"containerScope":{"containerScope":{"containerScope":{"containerScope":{"containerScope":{"contributions":{},"includedScopes":[]},"contributions":{},"includedScopes":[]},"contributions":{},"includedScopes":[{"contributions":{},"includedScopes":[]},{"contributions":{},"includedScopes":[]}]},"contributions":{},"includedScopes":[{"containerScope":{"containerScope":{"containerScope":{"contributions":{},"includedScopes":[]},"contributions":{},"includedScopes":[]},"contributions":{},"includedScopes":[]},"contributions":{},"includedScopes":[]}]},"contributions":{},"includedScopes":[]},"contributions":{},"includedScopes":[]},"contributions":{},"includedScopes":[]},"contributions":{},"includedScopes":[]},"sourceMap":{"end":{"column":9,"line":24,"offset":702},"start":{"column":3,"line":24,"offset":696}}},"scope":{"containerScope":{"containerScope":{"containerScope":{"containerScope":{"containerScope":{"containerScope":{"contributions":{},"includedScopes":[]},"contributions":{},"includedScopes":[]},"contributions":{},"includedScopes":[{"contributions":{},"includedScopes":[]},{"contributions":{},"includedScopes":[]}]},"contributions":{},"includedScopes":[{"containerScope":{"containerScope":{"containerScope":{"contributions":{},"includedScopes":[]},"contributions":{},"includedScopes":[]},"contributions":{},"includedScopes":[]},"contributions":{},"includedScopes":[]}]},"contributions":{},"includedScopes":[]},"contributions":{},"includedScopes":[]},"contributions":{},"includedScopes":[]},"sourceMap":{"end":{"column":57,"line":24,"offset":750},"start":{"column":3,"line":24,"offset":696}}},{"args":[{"id":"eccc32f1-d92e-45ce-a17d-6c1f0f78d66c","metadata":[],"scope":{"containerScope":{"containerScope":{"containerScope":{"containerScope":{"containerScope":{"containerScope":{"containerScope":{"contributions":{},"includedScopes":[]},"contributions":{},"includedScopes":[]},"contributions":{},"includedScopes":[{"contributions":{},"includedScopes":[]},{"contributions":{},"includedScopes":[]}]},"contributions":{},"includedScopes":[{"containerScope":{"containerScope":{"containerScope":{"contributions":{},"includedScopes":[]},"contributions":{},"includedScopes":[]},"contributions":{},"includedScopes":[]},"contributions":{},"includedScopes":[]}]},"contributions":{},"includedScopes":[]},"contributions":{},"includedScopes":[]},"contributions":{},"includedScopes":[]},"contributions":{},"includedScopes":[]},"sourceMap":{"end":{"column":22,"line":25,"offset":772},"start":{"column":17,"line":25,"offset":767}},"value":10200},{"args":[{"id":"b38ecbbd-99a8-4486-8f63-2049072f57de","metadata":[],"scope":{"containerScope":{"containerScope":{"containerScope":{"containerScope":{"containerScope":{"containerScope":{"containerScope":{"containerScope":{"contributions":{},"includedScopes":[]},"contributions":{},"includedScopes":[]},"contributions":{},"includedScopes":[{"contributions":{},"includedScopes":[]},{"contributions":{},"includedScopes":[]}]},"contributions":{},"includedScopes":[{"containerScope":{"containerScope":{"containerScope":{"contributions":{},"includedScopes":[]},"contributions":{},"includedScopes":[]},"contributions":{},"includedScopes":[]},"contributions":{},"includedScopes":[]}]},"contributions":{},"includedScopes":[]},"contributions":{},"includedScopes":[]},"contributions":{},"includedScopes":[]},"contributions":{},"includedScopes":[]},"contributions":{},"includedScopes":[]},"sourceMap":{"end":{"column":58,"line":25,"offset":808},"start":{"column":56,"line":25,"offset":806}},"value":90}],"id":"d78cf5ae-2879-4cb2-b806-9ecf6d737122","message":"caloriasAQuemar","metadata":[],"receiver":{"id":"a8593a10-5012-4f2c-805c-fd2274469b9f","metadata":[],"name":"correrEnLaPlaya","scope":{"containerScope":{"containerScope":{"containerScope":{"containerScope":{"containerScope":{"containerScope":{"containerScope":{"containerScope":{"contributions":{},"includedScopes":[]},"contributions":{},"includedScopes":[]},"contributions":{},"includedScopes":[{"contributions":{},"includedScopes":[]},{"contributions":{},"includedScopes":[]}]},"contributions":{},"includedScopes":[{"containerScope":{"containerScope":{"containerScope":{"contributions":{},"includedScopes":[]},"contributions":{},"includedScopes":[]},"contributions":{},"includedScopes":[]},"contributions":{},"includedScopes":[]}]},"contributions":{},"includedScopes":[]},"contributions":{},"includedScopes":[]},"contributions":{},"includedScopes":[]},"contributions":{},"includedScopes":[]},"contributions":{},"includedScopes":[]},"sourceMap":{"end":{"column":39,"line":25,"offset":789},"start":{"column":24,"line":25,"offset":774}}},"scope":{"containerScope":{"containerScope":{"containerScope":{"containerScope":{"containerScope":{"containerScope":{"containerScope":{"contributions":{},"includedScopes":[]},"contributions":{},"includedScopes":[]},"contributions":{},"includedScopes":[{"contributions":{},"includedScopes":[]},{"contributions":{},"includedScopes":[]}]},"contributions":{},"includedScopes":[{"containerScope":{"containerScope":{"containerScope":{"contributions":{},"includedScopes":[]},"contributions":{},"includedScopes":[]},"contributions":{},"includedScopes":[]},"contributions":{},"includedScopes":[]}]},"contributions":{},"includedScopes":[]},"contributions":{},"includedScopes":[]},"contributions":{},"includedScopes":[]},"contributions":{},"includedScopes":[]},"sourceMap":{"end":{"column":59,"line":25,"offset":809},"start":{"column":24,"line":25,"offset":774}}}],"id":"7cead8be-8858-4c86-865e-041258bf7e44","message":"equals","metadata":[],"receiver":{"id":"8707b4c0-3dbd-40c6-9078-2c6b300641ca","metadata":[],"name":"assert","scope":{"containerScope":{"containerScope":{"containerScope":{"containerScope":{"containerScope":{"containerScope":{"containerScope":{"contributions":{},"includedScopes":[]},"contributions":{},"includedScopes":[]},"contributions":{},"includedScopes":[{"contributions":{},"includedScopes":[]},{"contributions":{},"includedScopes":[]}]},"contributions":{},"includedScopes":[{"containerScope":{"containerScope":{"containerScope":{"contributions":{},"includedScopes":[]},"contributions":{},"includedScopes":[]},"contributions":{},"includedScopes":[]},"contributions":{},"includedScopes":[]}]},"contributions":{},"includedScopes":[]},"contributions":{},"includedScopes":[]},"contributions":{},"includedScopes":[]},"contributions":{},"includedScopes":[]},"sourceMap":{"end":{"column":9,"line":25,"offset":759},"start":{"column":3,"line":25,"offset":753}}},"scope":{"containerScope":{"containerScope":{"containerScope":{"containerScope":{"containerScope":{"containerScope":{"contributions":{},"includedScopes":[]},"contributions":{},"includedScopes":[]},"contributions":{},"includedScopes":[{"contributions":{},"includedScopes":[]},{"contributions":{},"includedScopes":[]}]},"contributions":{},"includedScopes":[{"containerScope":{"containerScope":{"containerScope":{"contributions":{},"includedScopes":[]},"contributions":{},"includedScopes":[]},"contributions":{},"includedScopes":[]},"contributions":{},"includedScopes":[]}]},"contributions":{},"includedScopes":[]},"contributions":{},"includedScopes":[]},"contributions":{},"includedScopes":[]},"sourceMap":{"end":{"column":60,"line":25,"offset":810},"start":{"column":3,"line":25,"offset":753}}}],"sourceMap":{"end":{"column":3,"line":26,"offset":813},"start":{"column":30,"line":23,"offset":692}}},"id":"f240ba84-d0d0-4e02-bb9c-19cbe7b0b1a2","isOnly":false,"metadata":[{"args":{"position":"start","text":"//Punto 3: clubes"},"name":"comment"},{"args":{"position":"start","text":"//const recreo = //un predio con correrEnLaPlaya y maratonBA"},"name":"comment"},{"args":{"position":"start","text":"//const nautico = //un predio con remarEnElDelta y remarEnCaminoRemeros"},"name":"comment"},{"args":{"position":"start","text":"//const clubBarrial = //un club con recreo y nautico"},"name":"comment"},{"args":{"position":"start","text":"// PUNTO 1"},"name":"comment"}],"name":"\"1.1 consulta running\"","scope":{"containerScope":{"containerScope":{"containerScope":{"containerScope":{"contributions":{},"includedScopes":[]},"contributions":{},"includedScopes":[]},"contributions":{},"includedScopes":[{"contributions":{},"includedScopes":[]},{"contributions":{},"includedScopes":[]}]},"contributions":{},"includedScopes":[{"containerScope":{"containerScope":{"containerScope":{"contributions":{},"includedScopes":[]},"contributions":{},"includedScopes":[]},"contributions":{},"includedScopes":[]},"contributions":{},"includedScopes":[]}]},"contributions":{},"includedScopes":[]},"sourceMap":{"end":{"column":3,"line":26,"offset":813},"start":{"column":2,"line":23,"offset":664}}},{"body":{"id":"f38828f6-4af8-4bc6-abce-8f9829d74a62","metadata":[],"problems":[],"scope":{"containerScope":{"containerScope":{"containerScope":{"containerScope":{"containerScope":{"contributions":{},"includedScopes":[]},"contributions":{},"includedScopes":[]},"contributions":{},"includedScopes":[{"contributions":{},"includedScopes":[]},{"contributions":{},"includedScopes":[]}]},"contributions":{},"includedScopes":[{"containerScope":{"containerScope":{"containerScope":{"contributions":{},"includedScopes":[]},"contributions":{},"includedScopes":[]},"contributions":{},"includedScopes":[]},"contributions":{},"includedScopes":[]}]},"contributions":{},"includedScopes":[]},"contributions":{},"includedScopes":[]},"sentences":[{"args":[{"id":"2141318f-2f0a-4904-af32-ed4a7a739bba","metadata":[],"scope":{"containerScope":{"containerScope":{"containerScope":{"containerScope":{"containerScope":{"containerScope":{"containerScope":{"contributions":{},"includedScopes":[]},"contributions":{},"includedScopes":[]},"contributions":{},"includedScopes":[{"contributions":{},"includedScopes":[]},{"contributions":{},"includedScopes":[]}]},"contributions":{},"includedScopes":[{"containerScope":{"containerScope":{"containerScope":{"contributions":{},"includedScopes":[]},"contributions":{},"includedScopes":[]},"contributions":{},"includedScopes":[]},"contributions":{},"includedScopes":[]}]},"contributions":{},"includedScopes":[]},"contributions":{},"includedScopes":[]},"contributions":{},"includedScopes":[]},"contributions":{},"includedScopes":[]},"sourceMap":{"end":{"column":20,"line":29,"offset":865},"start":{"column":17,"line":29,"offset":862}},"value":900},{"args":[{"id":"662f6ecc-5873-4512-ab5c-96c209c5caa4","metadata":[],"scope":{"containerScope":{"containerScope":{"containerScope":{"containerScope":{"containerScope":{"containerScope":{"containerScope":{"containerScope":{"contributions":{},"includedScopes":[]},"contributions":{},"includedScopes":[]},"contributions":{},"includedScopes":[{"contributions":{},"includedScopes":[]},{"contributions":{},"includedScopes":[]}]},"contributions":{},"includedScopes":[{"containerScope":{"containerScope":{"containerScope":{"contributions":{},"includedScopes":[]},"contributions":{},"includedScopes":[]},"contributions":{},"includedScopes":[]},"contributions":{},"includedScopes":[]}]},"contributions":{},"includedScopes":[]},"contributions":{},"includedScopes":[]},"contributions":{},"includedScopes":[]},"contributions":{},"includedScopes":[]},"contributions":{},"includedScopes":[]},"sourceMap":{"end":{"column":49,"line":29,"offset":894},"start":{"column":48,"line":29,"offset":893}},"value":5}],"id":"de61653e-151d-4131-bc7d-ea2bc425ebdd","message":"caloriasAQuemar","metadata":[],"receiver":{"id":"537b7c44-4ff3-4178-ae6f-baae49866a5b","metadata":[],"name":"maratonBA","scope":{"containerScope":{"containerScope":{"containerScope":{"containerScope":{"containerScope":{"containerScope":{"containerScope":{"containerScope":{"contributions":{},"includedScopes":[]},"contributions":{},"includedScopes":[]},"contributions":{},"includedScopes":[{"contributions":{},"includedScopes":[]},{"contributions":{},"includedScopes":[]}]},"contributions":{},"includedScopes":[{"containerScope":{"containerScope":{"containerScope":{"contributions":{},"includedScopes":[]},"contributions":{},"includedScopes":[]},"contributions":{},"includedScopes":[]},"contributions":{},"includedScopes":[]}]},"contributions":{},"includedScopes":[]},"contributions":{},"includedScopes":[]},"contributions":{},"includedScopes":[]},"contributions":{},"includedScopes":[]},"contributions":{},"includedScopes":[]},"sourceMap":{"end":{"column":31,"line":29,"offset":876},"start":{"column":22,"line":29,"offset":867}}},"scope":{"containerScope":{"containerScope":{"containerScope":{"containerScope":{"containerScope":{"containerScope":{"containerScope":{"contributions":{},"includedScopes":[]},"contributions":{},"includedScopes":[]},"contributions":{},"includedScopes":[{"contributions":{},"includedScopes":[]},{"contributions":{},"includedScopes":[]}]},"contributions":{},"includedScopes":[{"containerScope":{"containerScope":{"containerScope":{"contributions":{},"includedScopes":[]},"contributions":{},"includedScopes":[]},"contributions":{},"includedScopes":[]},"contributions":{},"includedScopes":[]}]},"contributions":{},"includedScopes":[]},"contributions":{},"includedScopes":[]},"contributions":{},"includedScopes":[]},"contributions":{},"includedScopes":[]},"sourceMap":{"end":{"column":50,"line":29,"offset":895},"start":{"column":22,"line":29,"offset":867}}}],"id":"6ae98b2a-fdc3-42ea-94f7-21899fb79f67","message":"equals","metadata":[],"receiver":{"id":"24562639-5f53-45d2-ad18-6425b8d745d4","metadata":[],"name":"assert","scope":{"containerScope":{"containerScope":{"containerScope":{"containerScope":{"containerScope":{"containerScope":{"containerScope":{"contributions":{},"includedScopes":[]},"contributions":{},"includedScopes":[]},"contributions":{},"includedScopes":[{"contributions":{},"includedScopes":[]},{"contributions":{},"includedScopes":[]}]},"contributions":{},"includedScopes":[{"containerScope":{"containerScope":{"containerScope":{"contributions":{},"includedScopes":[]},"contributions":{},"includedScopes":[]},"contributions":{},"includedScopes":[]},"contributions":{},"includedScopes":[]}]},"contributions":{},"includedScopes":[]},"contributions":{},"includedScopes":[]},"contributions":{},"includedScopes":[]},"contributions":{},"includedScopes":[]},"sourceMap":{"end":{"column":9,"line":29,"offset":854},"start":{"column":3,"line":29,"offset":848}}},"scope":{"containerScope":{"containerScope":{"containerScope":{"containerScope":{"containerScope":{"containerScope":{"contributions":{},"includedScopes":[]},"contributions":{},"includedScopes":[]},"contributions":{},"includedScopes":[{"contributions":{},"includedScopes":[]},{"contributions":{},"includedScopes":[]}]},"contributions":{},"includedScopes":[{"containerScope":{"containerScope":{"containerScope":{"contributions":{},"includedScopes":[]},"contributions":{},"includedScopes":[]},"contributions":{},"includedScopes":[]},"contributions":{},"includedScopes":[]}]},"contributions":{},"includedScopes":[]},"contributions":{},"includedScopes":[]},"contributions":{},"includedScopes":[]},"sourceMap":{"end":{"column":51,"line":29,"offset":896},"start":{"column":3,"line":29,"offset":848}}},{"args":[{"id":"c8c8e73b-0150-44fa-a18d-431fc374f7ae","metadata":[],"scope":{"containerScope":{"containerScope":{"containerScope":{"containerScope":{"containerScope":{"containerScope":{"containerScope":{"contributions":{},"includedScopes":[]},"contributions":{},"includedScopes":[]},"contributions":{},"includedScopes":[{"contributions":{},"includedScopes":[]},{"contributions":{},"includedScopes":[]}]},"contributions":{},"includedScopes":[{"containerScope":{"containerScope":{"containerScope":{"contributions":{},"includedScopes":[]},"contributions":{},"includedScopes":[]},"contributions":{},"includedScopes":[]},"contributions":{},"includedScopes":[]}]},"contributions":{},"includedScopes":[]},"contributions":{},"includedScopes":[]},"contributions":{},"includedScopes":[]},"contributions":{},"includedScopes":[]},"sourceMap":{"end":{"column":22,"line":30,"offset":918},"start":{"column":17,"line":30,"offset":913}},"value":25500},{"args":[{"id":"5f34cd4c-9fc3-4842-8d99-9fab5c19ca1c","metadata":[],"scope":{"containerScope":{"containerScope":{"containerScope":{"containerScope":{"containerScope":{"containerScope":{"containerScope":{"containerScope":{"contributions":{},"includedScopes":[]},"contributions":{},"includedScopes":[]},"contributions":{},"includedScopes":[{"contributions":{},"includedScopes":[]},{"contributions":{},"includedScopes":[]}]},"contributions":{},"includedScopes":[{"containerScope":{"containerScope":{"containerScope":{"contributions":{},"includedScopes":[]},"contributions":{},"includedScopes":[]},"contributions":{},"includedScopes":[]},"contributions":{},"includedScopes":[]}]},"contributions":{},"includedScopes":[]},"contributions":{},"includedScopes":[]},"contributions":{},"includedScopes":[]},"contributions":{},"includedScopes":[]},"contributions":{},"includedScopes":[]},"sourceMap":{"end":{"column":52,"line":30,"offset":948},"start":{"column":50,"line":30,"offset":946}},"value":90}],"id":"06d121b2-76e9-4b82-a674-d74fa88ef2ba","message":"caloriasAQuemar","metadata":[],"receiver":{"id":"3b4c1276-4ad7-41f4-8a57-f9efb2e2462f","metadata":[],"name":"maratonBA","scope":{"containerScope":{"containerScope":{"containerScope":{"containerScope":{"containerScope":{"containerScope":{"containerScope":{"containerScope":{"contributions":{},"includedScopes":[]},"contributions":{},"includedScopes":[]},"contributions":{},"includedScopes":[{"contributions":{},"includedScopes":[]},{"contributions":{},"includedScopes":[]}]},"contributions":{},"includedScopes":[{"containerScope":{"containerScope":{"containerScope":{"contributions":{},"includedScopes":[]},"contributions":{},"includedScopes":[]},"contributions":{},"includedScopes":[]},"contributions":{},"includedScopes":[]}]},"contributions":{},"includedScopes":[]},"contributions":{},"includedScopes":[]},"contributions":{},"includedScopes":[]},"contributions":{},"includedScopes":[]},"contributions":{},"includedScopes":[]},"sourceMap":{"end":{"column":33,"line":30,"offset":929},"start":{"column":24,"line":30,"offset":920}}},"scope":{"containerScope":{"containerScope":{"containerScope":{"containerScope":{"containerScope":{"containerScope":{"containerScope":{"contributions":{},"includedScopes":[]},"contributions":{},"includedScopes":[]},"contributions":{},"includedScopes":[{"contributions":{},"includedScopes":[]},{"contributions":{},"includedScopes":[]}]},"contributions":{},"includedScopes":[{"containerScope":{"containerScope":{"containerScope":{"contributions":{},"includedScopes":[]},"contributions":{},"includedScopes":[]},"contributions":{},"includedScopes":[]},"contributions":{},"includedScopes":[]}]},"contributions":{},"includedScopes":[]},"contributions":{},"includedScopes":[]},"contributions":{},"includedScopes":[]},"contributions":{},"includedScopes":[]},"sourceMap":{"end":{"column":53,"line":30,"offset":949},"start":{"column":24,"line":30,"offset":920}}}],"id":"26553850-d72c-4fe8-9af1-04c6abe14a5c","message":"equals","metadata":[],"receiver":{"id":"c27899ed-d00e-42bc-8af0-5db9e88d1d46","metadata":[],"name":"assert","scope":{"containerScope":{"containerScope":{"containerScope":{"containerScope":{"containerScope":{"containerScope":{"containerScope":{"contributions":{},"includedScopes":[]},"contributions":{},"includedScopes":[]},"contributions":{},"includedScopes":[{"contributions":{},"includedScopes":[]},{"contributions":{},"includedScopes":[]}]},"contributions":{},"includedScopes":[{"containerScope":{"containerScope":{"containerScope":{"contributions":{},"includedScopes":[]},"contributions":{},"includedScopes":[]},"contributions":{},"includedScopes":[]},"contributions":{},"includedScopes":[]}]},"contributions":{},"includedScopes":[]},"contributions":{},"includedScopes":[]},"contributions":{},"includedScopes":[]},"contributions":{},"includedScopes":[]},"sourceMap":{"end":{"column":9,"line":30,"offset":905},"start":{"column":3,"line":30,"offset":899}}},"scope":{"containerScope":{"containerScope":{"containerScope":{"containerScope":{"containerScope":{"containerScope":{"contributions":{},"includedScopes":[]},"contributions":{},"includedScopes":[]},"contributions":{},"includedScopes":[{"contributions":{},"includedScopes":[]},{"contributions":{},"includedScopes":[]}]},"contributions":{},"includedScopes":[{"containerScope":{"containerScope":{"containerScope":{"contributions":{},"includedScopes":[]},"contributions":{},"includedScopes":[]},"contributions":{},"includedScopes":[]},"contributions":{},"includedScopes":[]}]},"contributions":{},"includedScopes":[]},"contributions":{},"includedScopes":[]},"contributions":{},"includedScopes":[]},"sourceMap":{"end":{"column":54,"line":30,"offset":950},"start":{"column":3,"line":30,"offset":899}}}],"sourceMap":{"end":{"column":3,"line":31,"offset":953},"start":{"column":30,"line":28,"offset":844}}},"id":"6f3c649f-e4ec-4ae0-9891-d3c5e4b26902","isOnly":false,"metadata":[],"name":"\"1.2 consulta maraton\"","scope":{"containerScope":{"containerScope":{"containerScope":{"containerScope":{"contributions":{},"includedScopes":[]},"contributions":{},"includedScopes":[]},"contributions":{},"includedScopes":[{"contributions":{},"includedScopes":[]},{"contributions":{},"includedScopes":[]}]},"contributions":{},"includedScopes":[{"containerScope":{"containerScope":{"containerScope":{"contributions":{},"includedScopes":[]},"contributions":{},"includedScopes":[]},"contributions":{},"includedScopes":[]},"contributions":{},"includedScopes":[]}]},"contributions":{},"includedScopes":[]},"sourceMap":{"end":{"column":3,"line":31,"offset":953},"start":{"column":2,"line":28,"offset":816}}},{"body":{"id":"ddbfc5d8-c8ce-4282-bd4c-7b08d2bb4ac0","metadata":[],"problems":[],"scope":{"containerScope":{"containerScope":{"containerScope":{"containerScope":{"containerScope":{"contributions":{},"includedScopes":[]},"contributions":{},"includedScopes":[]},"contributions":{},"includedScopes":[{"contributions":{},"includedScopes":[]},{"contributions":{},"includedScopes":[]}]},"contributions":{},"includedScopes":[{"containerScope":{"containerScope":{"containerScope":{"contributions":{},"includedScopes":[]},"contributions":{},"includedScopes":[]},"contributions":{},"includedScopes":[]},"contributions":{},"includedScopes":[]}]},"contributions":{},"includedScopes":[]},"contributions":{},"includedScopes":[]},"sentences":[{"args":[{"id":"13382c2f-dd98-4765-9a16-4795a9c99344","metadata":[],"scope":{"containerScope":{"containerScope":{"containerScope":{"containerScope":{"containerScope":{"containerScope":{"containerScope":{"contributions":{},"includedScopes":[]},"contributions":{},"includedScopes":[]},"contributions":{},"includedScopes":[{"contributions":{},"includedScopes":[]},{"contributions":{},"includedScopes":[]}]},"contributions":{},"includedScopes":[{"containerScope":{"containerScope":{"containerScope":{"contributions":{},"includedScopes":[]},"contributions":{},"includedScopes":[]},"contributions":{},"includedScopes":[]},"contributions":{},"includedScopes":[]}]},"contributions":{},"includedScopes":[]},"contributions":{},"includedScopes":[]},"contributions":{},"includedScopes":[]},"contributions":{},"includedScopes":[]},"sourceMap":{"end":{"column":20,"line":34,"offset":1002},"start":{"column":17,"line":34,"offset":999}},"value":520},{"args":[{"id":"e6e0a602-3bfa-43ee-9cfb-6b90cfbacb28","metadata":[],"scope":{"containerScope":{"containerScope":{"containerScope":{"containerScope":{"containerScope":{"containerScope":{"containerScope":{"containerScope":{"contributions":{},"includedScopes":[]},"contributions":{},"includedScopes":[]},"contributions":{},"includedScopes":[{"contributions":{},"includedScopes":[]},{"contributions":{},"includedScopes":[]}]},"contributions":{},"includedScopes":[{"containerScope":{"containerScope":{"containerScope":{"contributions":{},"includedScopes":[]},"contributions":{},"includedScopes":[]},"contributions":{},"includedScopes":[]},"contributions":{},"includedScopes":[]}]},"contributions":{},"includedScopes":[]},"contributions":{},"includedScopes":[]},"contributions":{},"includedScopes":[]},"contributions":{},"includedScopes":[]},"contributions":{},"includedScopes":[]},"sourceMap":{"end":{"column":54,"line":34,"offset":1036},"start":{"column":53,"line":34,"offset":1035}},"value":5}],"id":"2f101cc7-d174-4028-b9e3-565eca425527","message":"caloriasAQuemar","metadata":[],"receiver":{"id":"f2086c24-6521-46e3-a8e2-ed215cc8a788","metadata":[],"name":"remarEnElDelta","scope":{"containerScope":{"containerScope":{"containerScope":{"containerScope":{"containerScope":{"containerScope":{"containerScope":{"containerScope":{"contributions":{},"includedScopes":[]},"contributions":{},"includedScopes":[]},"contributions":{},"includedScopes":[{"contributions":{},"includedScopes":[]},{"contributions":{},"includedScopes":[]}]},"contributions":{},"includedScopes":[{"containerScope":{"containerScope":{"containerScope":{"contributions":{},"includedScopes":[]},"contributions":{},"includedScopes":[]},"contributions":{},"includedScopes":[]},"contributions":{},"includedScopes":[]}]},"contributions":{},"includedScopes":[]},"contributions":{},"includedScopes":[]},"contributions":{},"includedScopes":[]},"contributions":{},"includedScopes":[]},"contributions":{},"includedScopes":[]},"sourceMap":{"end":{"column":36,"line":34,"offset":1018},"start":{"column":22,"line":34,"offset":1004}}},"scope":{"containerScope":{"containerScope":{"containerScope":{"containerScope":{"containerScope":{"containerScope":{"containerScope":{"contributions":{},"includedScopes":[]},"contributions":{},"includedScopes":[]},"contributions":{},"includedScopes":[{"contributions":{},"includedScopes":[]},{"contributions":{},"includedScopes":[]}]},"contributions":{},"includedScopes":[{"containerScope":{"containerScope":{"containerScope":{"contributions":{},"includedScopes":[]},"contributions":{},"includedScopes":[]},"contributions":{},"includedScopes":[]},"contributions":{},"includedScopes":[]}]},"contributions":{},"includedScopes":[]},"contributions":{},"includedScopes":[]},"contributions":{},"includedScopes":[]},"contributions":{},"includedScopes":[]},"sourceMap":{"end":{"column":55,"line":34,"offset":1037},"start":{"column":22,"line":34,"offset":1004}}}],"id":"9bc093c3-0f00-4aa3-91cd-ebf06f9e103f","message":"equals","metadata":[],"receiver":{"id":"52a448e8-8c94-4e7e-bf04-86bc915b83a3","metadata":[],"name":"assert","scope":{"containerScope":{"containerScope":{"containerScope":{"containerScope":{"containerScope":{"containerScope":{"containerScope":{"contributions":{},"includedScopes":[]},"contributions":{},"includedScopes":[]},"contributions":{},"includedScopes":[{"contributions":{},"includedScopes":[]},{"contributions":{},"includedScopes":[]}]},"contributions":{},"includedScopes":[{"containerScope":{"containerScope":{"containerScope":{"contributions":{},"includedScopes":[]},"contributions":{},"includedScopes":[]},"contributions":{},"includedScopes":[]},"contributions":{},"includedScopes":[]}]},"contributions":{},"includedScopes":[]},"contributions":{},"includedScopes":[]},"contributions":{},"includedScopes":[]},"contributions":{},"includedScopes":[]},"sourceMap":{"end":{"column":9,"line":34,"offset":991},"start":{"column":3,"line":34,"offset":985}}},"scope":{"containerScope":{"containerScope":{"containerScope":{"containerScope":{"containerScope":{"containerScope":{"contributions":{},"includedScopes":[]},"contributions":{},"includedScopes":[]},"contributions":{},"includedScopes":[{"contributions":{},"includedScopes":[]},{"contributions":{},"includedScopes":[]}]},"contributions":{},"includedScopes":[{"containerScope":{"containerScope":{"containerScope":{"contributions":{},"includedScopes":[]},"contributions":{},"includedScopes":[]},"contributions":{},"includedScopes":[]},"contributions":{},"includedScopes":[]}]},"contributions":{},"includedScopes":[]},"contributions":{},"includedScopes":[]},"contributions":{},"includedScopes":[]},"sourceMap":{"end":{"column":56,"line":34,"offset":1038},"start":{"column":3,"line":34,"offset":985}}},{"args":[{"id":"b24c8137-43a4-407a-bdfe-70377ef5312e","metadata":[],"scope":{"containerScope":{"containerScope":{"containerScope":{"containerScope":{"containerScope":{"containerScope":{"containerScope":{"contributions":{},"includedScopes":[]},"contributions":{},"includedScopes":[]},"contributions":{},"includedScopes":[{"contributions":{},"includedScopes":[]},{"contributions":{},"includedScopes":[]}]},"contributions":{},"includedScopes":[{"containerScope":{"containerScope":{"containerScope":{"contributions":{},"includedScopes":[]},"contributions":{},"includedScopes":[]},"contributions":{},"includedScopes":[]},"contributions":{},"includedScopes":[]}]},"contributions":{},"includedScopes":[]},"contributions":{},"includedScopes":[]},"contributions":{},"includedScopes":[]},"contributions":{},"includedScopes":[]},"sourceMap":{"end":{"column":21,"line":35,"offset":1059},"start":{"column":17,"line":35,"offset":1055}},"value":9360},{"args":[{"id":"d611992a-a256-4bdc-b489-895ab3296115","metadata":[],"scope":{"containerScope":{"containerScope":{"containerScope":{"containerScope":{"containerScope":{"containerScope":{"containerScope":{"containerScope":{"contributions":{},"includedScopes":[]},"contributions":{},"includedScopes":[]},"contributions":{},"includedScopes":[{"contributions":{},"includedScopes":[]},{"contributions":{},"includedScopes":[]}]},"contributions":{},"includedScopes":[{"containerScope":{"containerScope":{"containerScope":{"contributions":{},"includedScopes":[]},"contributions":{},"includedScopes":[]},"contributions":{},"includedScopes":[]},"contributions":{},"includedScopes":[]}]},"contributions":{},"includedScopes":[]},"contributions":{},"includedScopes":[]},"contributions":{},"includedScopes":[]},"contributions":{},"includedScopes":[]},"contributions":{},"includedScopes":[]},"sourceMap":{"end":{"column":56,"line":35,"offset":1094},"start":{"column":54,"line":35,"offset":1092}},"value":90}],"id":"46840c47-c056-4748-adff-05a6bcff465d","message":"caloriasAQuemar","metadata":[],"receiver":{"id":"2a29df1d-e52a-45d3-9e3f-e782fb974789","metadata":[],"name":"remarEnElDelta","scope":{"containerScope":{"containerScope":{"containerScope":{"containerScope":{"containerScope":{"containerScope":{"containerScope":{"containerScope":{"contributions":{},"includedScopes":[]},"contributions":{},"includedScopes":[]},"contributions":{},"includedScopes":[{"contributions":{},"includedScopes":[]},{"contributions":{},"includedScopes":[]}]},"contributions":{},"includedScopes":[{"containerScope":{"containerScope":{"containerScope":{"contributions":{},"includedScopes":[]},"contributions":{},"includedScopes":[]},"contributions":{},"includedScopes":[]},"contributions":{},"includedScopes":[]}]},"contributions":{},"includedScopes":[]},"contributions":{},"includedScopes":[]},"contributions":{},"includedScopes":[]},"contributions":{},"includedScopes":[]},"contributions":{},"includedScopes":[]},"sourceMap":{"end":{"column":37,"line":35,"offset":1075},"start":{"column":23,"line":35,"offset":1061}}},"scope":{"containerScope":{"containerScope":{"containerScope":{"containerScope":{"containerScope":{"containerScope":{"containerScope":{"contributions":{},"includedScopes":[]},"contributions":{},"includedScopes":[]},"contributions":{},"includedScopes":[{"contributions":{},"includedScopes":[]},{"contributions":{},"includedScopes":[]}]},"contributions":{},"includedScopes":[{"containerScope":{"containerScope":{"containerScope":{"contributions":{},"includedScopes":[]},"contributions":{},"includedScopes":[]},"contributions":{},"includedScopes":[]},"contributions":{},"includedScopes":[]}]},"contributions":{},"includedScopes":[]},"contributions":{},"includedScopes":[]},"contributions":{},"includedScopes":[]},"contributions":{},"includedScopes":[]},"sourceMap":{"end":{"column":57,"line":35,"offset":1095},"start":{"column":23,"line":35,"offset":1061}}}],"id":"aca423d1-8ba1-4b9c-8116-9267d69d6293","message":"equals","metadata":[],"receiver":{"id":"5a134a09-c478-4978-bddd-56fcd09f8891","metadata":[],"name":"assert","scope":{"containerScope":{"containerScope":{"containerScope":{"containerScope":{"containerScope":{"containerScope":{"containerScope":{"contributions":{},"includedScopes":[]},"contributions":{},"includedScopes":[]},"contributions":{},"includedScopes":[{"contributions":{},"includedScopes":[]},{"contributions":{},"includedScopes":[]}]},"contributions":{},"includedScopes":[{"containerScope":{"containerScope":{"containerScope":{"contributions":{},"includedScopes":[]},"contributions":{},"includedScopes":[]},"contributions":{},"includedScopes":[]},"contributions":{},"includedScopes":[]}]},"contributions":{},"includedScopes":[]},"contributions":{},"includedScopes":[]},"contributions":{},"includedScopes":[]},"contributions":{},"includedScopes":[]},"sourceMap":{"end":{"column":9,"line":35,"offset":1047},"start":{"column":3,"line":35,"offset":1041}}},"scope":{"containerScope":{"containerScope":{"containerScope":{"containerScope":{"containerScope":{"containerScope":{"contributions":{},"includedScopes":[]},"contributions":{},"includedScopes":[]},"contributions":{},"includedScopes":[{"contributions":{},"includedScopes":[]},{"contributions":{},"includedScopes":[]}]},"contributions":{},"includedScopes":[{"containerScope":{"containerScope":{"containerScope":{"contributions":{},"includedScopes":[]},"contributions":{},"includedScopes":[]},"contributions":{},"includedScopes":[]},"contributions":{},"includedScopes":[]}]},"contributions":{},"includedScopes":[]},"contributions":{},"includedScopes":[]},"contributions":{},"includedScopes":[]},"sourceMap":{"end":{"column":58,"line":35,"offset":1096},"start":{"column":3,"line":35,"offset":1041}}}],"sourceMap":{"end":{"column":3,"line":36,"offset":1099},"start":{"column":27,"line":33,"offset":981}}},"id":"4ac5e536-3724-40e8-b1b7-12776162499c","isOnly":false,"metadata":[],"name":"\"1.3 consulta remo\"","scope":{"containerScope":{"containerScope":{"containerScope":{"containerScope":{"contributions":{},"includedScopes":[]},"contributions":{},"includedScopes":[]},"contributions":{},"includedScopes":[{"contributions":{},"includedScopes":[]},{"contributions":{},"includedScopes":[]}]},"contributions":{},"includedScopes":[{"containerScope":{"containerScope":{"containerScope":{"contributions":{},"includedScopes":[]},"contributions":{},"includedScopes":[]},"contributions":{},"includedScopes":[]},"contributions":{},"includedScopes":[]}]},"contributions":{},"includedScopes":[]},"sourceMap":{"end":{"column":3,"line":36,"offset":1099},"start":{"column":2,"line":33,"offset":956}}},{"body":{"id":"14c4a848-7fd4-4cb2-9896-d387545f5f79","metadata":[],"problems":[],"scope":{"containerScope":{"containerScope":{"containerScope":{"containerScope":{"containerScope":{"contributions":{},"includedScopes":[]},"contributions":{},"includedScopes":[]},"contributions":{},"includedScopes":[{"contributions":{},"includedScopes":[]},{"contributions":{},"includedScopes":[]}]},"contributions":{},"includedScopes":[{"containerScope":{"containerScope":{"containerScope":{"contributions":{},"includedScopes":[]},"contributions":{},"includedScopes":[]},"contributions":{},"includedScopes":[]},"contributions":{},"includedScopes":[]}]},"contributions":{},"includedScopes":[]},"contributions":{},"includedScopes":[]},"sentences":[{"args":[{"id":"cb5f16f9-21b3-425f-b6ab-9118e2f6b29e","metadata":[],"scope":{"containerScope":{"containerScope":{"containerScope":{"containerScope":{"containerScope":{"containerScope":{"containerScope":{"contributions":{},"includedScopes":[]},"contributions":{},"includedScopes":[]},"contributions":{},"includedScopes":[{"contributions":{},"includedScopes":[]},{"contributions":{},"includedScopes":[]}]},"contributions":{},"includedScopes":[{"containerScope":{"containerScope":{"containerScope":{"contributions":{},"includedScopes":[]},"contributions":{},"includedScopes":[]},"contributions":{},"includedScopes":[]},"contributions":{},"includedScopes":[]}]},"contributions":{},"includedScopes":[]},"contributions":{},"includedScopes":[]},"contributions":{},"includedScopes":[]},"contributions":{},"includedScopes":[]},"sourceMap":{"end":{"column":20,"line":39,"offset":1160},"start":{"column":17,"line":39,"offset":1157}},"value":510},{"args":[{"id":"d9ec86fd-29cb-4427-9ba9-ac369d2a7883","metadata":[],"scope":{"containerScope":{"containerScope":{"containerScope":{"containerScope":{"containerScope":{"containerScope":{"containerScope":{"containerScope":{"contributions":{},"includedScopes":[]},"contributions":{},"includedScopes":[]},"contributions":{},"includedScopes":[{"contributions":{},"includedScopes":[]},{"contributions":{},"includedScopes":[]}]},"contributions":{},"includedScopes":[{"containerScope":{"containerScope":{"containerScope":{"contributions":{},"includedScopes":[]},"contributions":{},"includedScopes":[]},"contributions":{},"includedScopes":[]},"contributions":{},"includedScopes":[]}]},"contributions":{},"includedScopes":[]},"contributions":{},"includedScopes":[]},"contributions":{},"includedScopes":[]},"contributions":{},"includedScopes":[]},"contributions":{},"includedScopes":[]},"sourceMap":{"end":{"column":60,"line":39,"offset":1200},"start":{"column":59,"line":39,"offset":1199}},"value":5}],"id":"c56782ee-c6f5-4478-87d3-ea60215e46fa","message":"caloriasAQuemar","metadata":[],"receiver":{"id":"428093a2-28e3-4795-9743-ba2b41d48640","metadata":[],"name":"remarEnCaminoRemeros","scope":{"containerScope":{"containerScope":{"containerScope":{"containerScope":{"containerScope":{"containerScope":{"containerScope":{"containerScope":{"contributions":{},"includedScopes":[]},"contributions":{},"includedScopes":[]},"contributions":{},"includedScopes":[{"contributions":{},"includedScopes":[]},{"contributions":{},"includedScopes":[]}]},"contributions":{},"includedScopes":[{"containerScope":{"containerScope":{"containerScope":{"contributions":{},"includedScopes":[]},"contributions":{},"includedScopes":[]},"contributions":{},"includedScopes":[]},"contributions":{},"includedScopes":[]}]},"contributions":{},"includedScopes":[]},"contributions":{},"includedScopes":[]},"contributions":{},"includedScopes":[]},"contributions":{},"includedScopes":[]},"contributions":{},"includedScopes":[]},"sourceMap":{"end":{"column":42,"line":39,"offset":1182},"start":{"column":22,"line":39,"offset":1162}}},"scope":{"containerScope":{"containerScope":{"containerScope":{"containerScope":{"containerScope":{"containerScope":{"containerScope":{"contributions":{},"includedScopes":[]},"contributions":{},"includedScopes":[]},"contributions":{},"includedScopes":[{"contributions":{},"includedScopes":[]},{"contributions":{},"includedScopes":[]}]},"contributions":{},"includedScopes":[{"containerScope":{"containerScope":{"containerScope":{"contributions":{},"includedScopes":[]},"contributions":{},"includedScopes":[]},"contributions":{},"includedScopes":[]},"contributions":{},"includedScopes":[]}]},"contributions":{},"includedScopes":[]},"contributions":{},"includedScopes":[]},"contributions":{},"includedScopes":[]},"contributions":{},"includedScopes":[]},"sourceMap":{"end":{"column":61,"line":39,"offset":1201},"start":{"column":22,"line":39,"offset":1162}}}],"id":"b0c95cec-b6e9-49f4-92af-8d993978b956","message":"equals","metadata":[],"receiver":{"id":"c8c6fa2d-9cdc-4d92-9244-6f3c4344cd0d","metadata":[],"name":"assert","scope":{"containerScope":{"containerScope":{"containerScope":{"containerScope":{"containerScope":{"containerScope":{"containerScope":{"contributions":{},"includedScopes":[]},"contributions":{},"includedScopes":[]},"contributions":{},"includedScopes":[{"contributions":{},"includedScopes":[]},{"contributions":{},"includedScopes":[]}]},"contributions":{},"includedScopes":[{"containerScope":{"containerScope":{"containerScope":{"contributions":{},"includedScopes":[]},"contributions":{},"includedScopes":[]},"contributions":{},"includedScopes":[]},"contributions":{},"includedScopes":[]}]},"contributions":{},"includedScopes":[]},"contributions":{},"includedScopes":[]},"contributions":{},"includedScopes":[]},"contributions":{},"includedScopes":[]},"sourceMap":{"end":{"column":9,"line":39,"offset":1149},"start":{"column":3,"line":39,"offset":1143}}},"scope":{"containerScope":{"containerScope":{"containerScope":{"containerScope":{"containerScope":{"containerScope":{"contributions":{},"includedScopes":[]},"contributions":{},"includedScopes":[]},"contributions":{},"includedScopes":[{"contributions":{},"includedScopes":[]},{"contributions":{},"includedScopes":[]}]},"contributions":{},"includedScopes":[{"containerScope":{"containerScope":{"containerScope":{"contributions":{},"includedScopes":[]},"contributions":{},"includedScopes":[]},"contributions":{},"includedScopes":[]},"contributions":{},"includedScopes":[]}]},"contributions":{},"includedScopes":[]},"contributions":{},"includedScopes":[]},"contributions":{},"includedScopes":[]},"sourceMap":{"end":{"column":62,"line":39,"offset":1202},"start":{"column":3,"line":39,"offset":1143}}},{"args":[{"id":"aaa64e29-697b-40aa-990d-b55dc2412bd1","metadata":[],"scope":{"containerScope":{"containerScope":{"containerScope":{"containerScope":{"containerScope":{"containerScope":{"containerScope":{"contributions":{},"includedScopes":[]},"contributions":{},"includedScopes":[]},"contributions":{},"includedScopes":[{"contributions":{},"includedScopes":[]},{"contributions":{},"includedScopes":[]}]},"contributions":{},"includedScopes":[{"containerScope":{"containerScope":{"containerScope":{"contributions":{},"includedScopes":[]},"contributions":{},"includedScopes":[]},"contributions":{},"includedScopes":[]},"contributions":{},"includedScopes":[]}]},"contributions":{},"includedScopes":[]},"contributions":{},"includedScopes":[]},"contributions":{},"includedScopes":[]},"contributions":{},"includedScopes":[]},"sourceMap":{"end":{"column":22,"line":40,"offset":1224},"start":{"column":17,"line":40,"offset":1219}},"value":12750},{"args":[{"id":"aa6e27b3-bfc1-4e4a-ba8d-2f1140cfaa7d","metadata":[],"scope":{"containerScope":{"containerScope":{"containerScope":{"containerScope":{"containerScope":{"containerScope":{"containerScope":{"containerScope":{"contributions":{},"includedScopes":[]},"contributions":{},"includedScopes":[]},"contributions":{},"includedScopes":[{"contributions":{},"includedScopes":[]},{"contributions":{},"includedScopes":[]}]},"contributions":{},"includedScopes":[{"containerScope":{"containerScope":{"containerScope":{"contributions":{},"includedScopes":[]},"contributions":{},"includedScopes":[]},"contributions":{},"includedScopes":[]},"contributions":{},"includedScopes":[]}]},"contributions":{},"includedScopes":[]},"contributions":{},"includedScopes":[]},"contributions":{},"includedScopes":[]},"contributions":{},"includedScopes":[]},"contributions":{},"includedScopes":[]},"sourceMap":{"end":{"column":63,"line":40,"offset":1265},"start":{"column":61,"line":40,"offset":1263}},"value":90}],"id":"75e16ed9-87ba-442d-a918-ca788f5f6876","message":"caloriasAQuemar","metadata":[],"receiver":{"id":"e673eada-0fc8-432d-9aaa-2fe6b4c2ff06","metadata":[],"name":"remarEnCaminoRemeros","scope":{"containerScope":{"containerScope":{"containerScope":{"containerScope":{"containerScope":{"containerScope":{"containerScope":{"containerScope":{"contributions":{},"includedScopes":[]},"contributions":{},"includedScopes":[]},"contributions":{},"includedScopes":[{"contributions":{},"includedScopes":[]},{"contributions":{},"includedScopes":[]}]},"contributions":{},"includedScopes":[{"containerScope":{"containerScope":{"containerScope":{"contributions":{},"includedScopes":[]},"contributions":{},"includedScopes":[]},"contributions":{},"includedScopes":[]},"contributions":{},"includedScopes":[]}]},"contributions":{},"includedScopes":[]},"contributions":{},"includedScopes":[]},"contributions":{},"includedScopes":[]},"contributions":{},"includedScopes":[]},"contributions":{},"includedScopes":[]},"sourceMap":{"end":{"column":44,"line":40,"offset":1246},"start":{"column":24,"line":40,"offset":1226}}},"scope":{"containerScope":{"containerScope":{"containerScope":{"containerScope":{"containerScope":{"containerScope":{"containerScope":{"contributions":{},"includedScopes":[]},"contributions":{},"includedScopes":[]},"contributions":{},"includedScopes":[{"contributions":{},"includedScopes":[]},{"contributions":{},"includedScopes":[]}]},"contributions":{},"includedScopes":[{"containerScope":{"containerScope":{"containerScope":{"contributions":{},"includedScopes":[]},"contributions":{},"includedScopes":[]},"contributions":{},"includedScopes":[]},"contributions":{},"includedScopes":[]}]},"contributions":{},"includedScopes":[]},"contributions":{},"includedScopes":[]},"contributions":{},"includedScopes":[]},"contributions":{},"includedScopes":[]},"sourceMap":{"end":{"column":64,"line":40,"offset":1266},"start":{"column":24,"line":40,"offset":1226}}}],"id":"41a9f5be-8802-464c-930d-c2a70d6fc892","message":"equals","metadata":[],"receiver":{"id":"01380149-753b-49a1-a8c8-879512c0f0ae","metadata":[],"name":"assert","scope":{"containerScope":{"containerScope":{"containerScope":{"containerScope":{"containerScope":{"containerScope":{"containerScope":{"contributions":{},"includedScopes":[]},"contributions":{},"includedScopes":[]},"contributions":{},"includedScopes":[{"contributions":{},"includedScopes":[]},{"contributions":{},"includedScopes":[]}]},"contributions":{},"includedScopes":[{"containerScope":{"containerScope":{"containerScope":{"contributions":{},"includedScopes":[]},"contributions":{},"includedScopes":[]},"contributions":{},"includedScopes":[]},"contributions":{},"includedScopes":[]}]},"contributions":{},"includedScopes":[]},"contributions":{},"includedScopes":[]},"contributions":{},"includedScopes":[]},"contributions":{},"includedScopes":[]},"sourceMap":{"end":{"column":9,"line":40,"offset":1211},"start":{"column":3,"line":40,"offset":1205}}},"scope":{"containerScope":{"containerScope":{"containerScope":{"containerScope":{"containerScope":{"containerScope":{"contributions":{},"includedScopes":[]},"contributions":{},"includedScopes":[]},"contributions":{},"includedScopes":[{"contributions":{},"includedScopes":[]},{"contributions":{},"includedScopes":[]}]},"contributions":{},"includedScopes":[{"containerScope":{"containerScope":{"containerScope":{"contributions":{},"includedScopes":[]},"contributions":{},"includedScopes":[]},"contributions":{},"includedScopes":[]},"contributions":{},"includedScopes":[]}]},"contributions":{},"includedScopes":[]},"contributions":{},"includedScopes":[]},"contributions":{},"includedScopes":[]},"sourceMap":{"end":{"column":65,"line":40,"offset":1267},"start":{"column":3,"line":40,"offset":1205}}}],"sourceMap":{"end":{"column":3,"line":41,"offset":1270},"start":{"column":39,"line":38,"offset":1139}}},"id":"fb13b11a-f1b0-4849-bb89-b6e19d87783f","isOnly":false,"metadata":[],"name":"\"1.4 consulta remo competitivo\"","scope":{"containerScope":{"containerScope":{"containerScope":{"containerScope":{"contributions":{},"includedScopes":[]},"contributions":{},"includedScopes":[]},"contributions":{},"includedScopes":[{"contributions":{},"includedScopes":[]},{"contributions":{},"includedScopes":[]}]},"contributions":{},"includedScopes":[{"containerScope":{"containerScope":{"containerScope":{"contributions":{},"includedScopes":[]},"contributions":{},"includedScopes":[]},"contributions":{},"includedScopes":[]},"contributions":{},"includedScopes":[]}]},"contributions":{},"includedScopes":[]},"sourceMap":{"end":{"column":3,"line":41,"offset":1270},"start":{"column":2,"line":38,"offset":1102}}}],"metadata":[{"args":{"position":"inner","text":"//Punto 2: Personas"},"name":"comment"},{"args":{"position":"inner","text":"//ATENCION: usar el metodo truncate(3) para truncar un numero a 3 decimales"},"name":"comment"},{"args":{"position":"inner","text":"// Ej: 1.2345.truncate(3) -> devuelve 1.234 "},"name":"comment"},{"args":{"position":"inner","text":"//\ttest '2.1.1 test sedentario running' {"},"name":"comment"},{"args":{"position":"inner","text":"//\t\t// hacer que calamardo practique correrEnLaPlaya"},"name":"comment"},{"args":{"position":"inner","text":"//\t\t// el peso de calamardo debería ser 59.948 (truncado a 3 decimales)"},"name":"comment"},{"args":{"position":"inner","text":"//\t} "},"name":"comment"},{"args":{"position":"inner","text":"//\ttest '2.1.2 test sedentario maraton' {"},"name":"comment"},{"args":{"position":"inner","text":"//\t\t// hacer que calamardo practique maratonBA"},"name":"comment"},{"args":{"position":"inner","text":"//\t\t// el peso de calamardo debería ser 59.871 (truncado a 3 decimales)"},"name":"comment"},{"args":{"position":"inner","text":"//\t} "},"name":"comment"},{"args":{"position":"inner","text":"//\ttest '2.1.3 test sedentario remo' {"},"name":"comment"},{"args":{"position":"inner","text":"//\t\t// hacer que calamardo practique remarEnElDelta"},"name":"comment"},{"args":{"position":"inner","text":"//\t\t// el peso de calamardo debería ser 59.925 (truncado a 3 decimales)"},"name":"comment"},{"args":{"position":"inner","text":"//\t} "},"name":"comment"},{"args":{"position":"inner","text":"//\ttest '2.1.3 test sedentario remo competicion' {"},"name":"comment"},{"args":{"position":"inner","text":"//\t\t// hacer que calamardo practique remarEnCaminoRemeros"},"name":"comment"},{"args":{"position":"inner","text":"//\t\t// el peso de calamardo debería ser 59.927 (truncado a 3 decimales)"},"name":"comment"},{"args":{"position":"inner","text":"//\t} "},"name":"comment"},{"args":{"position":"inner","text":"//\ttest '2.1.5 test sedentario no puede practicar' {"},"name":"comment"},{"args":{"position":"inner","text":"//\t\t// Hacer que el peso de calamardo sea 40"},"name":"comment"},{"args":{"position":"inner","text":"//\t\t// hacer que calamardo practique correrEnLaPlaya (NO SE PUEDE!)"},"name":"comment"},{"args":{"position":"inner","text":"//\t\t// el peso de calamardo debería ser 40 "},"name":"comment"},{"args":{"position":"inner","text":"//\t} "},"name":"comment"},{"args":{"position":"inner","text":"//\ttest \"2.2.1 test atleta running\" {"},"name":"comment"},{"args":{"position":"inner","text":"//\t\t// hacer que bob practique correrEnLaPlaya"},"name":"comment"},{"args":{"position":"inner","text":"//\t\t// el peso de bob debería ser 39.725 (truncado a 3 decimales)"},"name":"comment"},{"args":{"position":"inner","text":"//\t }"},"name":"comment"},{"args":{"position":"inner","text":"//\ttest \"2.2.2 test atleta maraton\" {"},"name":"comment"},{"args":{"position":"inner","text":"//\t\t// hacer que bob practique maratonBA"},"name":"comment"},{"args":{"position":"inner","text":"//\t\t// el peso de bob debería ser 37.812 (truncado a 3 decimales)"},"name":"comment"},{"args":{"position":"inner","text":"//\t }"},"name":"comment"},{"args":{"position":"inner","text":"//\ttest \"2.2.3 test atleta remo\" {"},"name":"comment"},{"args":{"position":"inner","text":"//\t\t// hacer que bob practique remarEnElDelta( NO SE PUEDE!)"},"name":"comment"},{"args":{"position":"inner","text":"//\t\t// el peso de bob debería ser 40 "},"name":"comment"},{"args":{"position":"inner","text":"//\t}"},"name":"comment"},{"args":{"position":"inner","text":"//\ttest \"2.2.3 test atleta remo de competición\" {"},"name":"comment"},{"args":{"position":"inner","text":"//\t\t// hacer que bob practique remarEnCaminoRemeros"},"name":"comment"},{"args":{"position":"inner","text":"//\t\t// el peso de bob debería ser 39.406"},"name":"comment"},{"args":{"position":"inner","text":"//\t}"},"name":"comment"},{"args":{"position":"inner","text":"//punto 3: Consultas"},"name":"comment"},{"args":{"position":"inner","text":"//\ttest \"3.1 el mejor predio\" {"},"name":"comment"},{"args":{"position":"inner","text":"//\t\t//El mejor predio del clubBarrial para bob debería ser recreo\t\t"},"name":"comment"},{"args":{"position":"inner","text":"//\t\t//El mejor predio del clubBarrial para calamardo debería ser recreo\t\t"},"name":"comment"},{"args":{"position":"inner","text":"//\t}\t"},"name":"comment"},{"args":{"position":"inner","text":"//\ttest \"3.2 predios tranquis\" {"},"name":"comment"},{"args":{"position":"inner","text":"//\t\t//No debería haber predios tranquis en el clubBarrial para bob"},"name":"comment"},{"args":{"position":"inner","text":"//\t\t//Los predios tranquis del clubBarrial para calamardo solo incluyen a recreo  "},"name":"comment"},{"args":{"position":"inner","text":"//\t}"},"name":"comment"},{"args":{"position":"inner","text":"//\ttest \"3.3 rutinas más exigentes\" {"},"name":"comment"},{"args":{"position":"inner","text":"//\t\t//Las rutinas más exigentes del clubBarrial para bob son maratonBA y remarEnCaminoRemeros"},"name":"comment"},{"args":{"position":"inner","text":"//\t\t//Las rutinas más exigentes del clubBarrial para calamardo son maratonBA y remarEnElDelta"},"name":"comment"},{"args":{"position":"inner","text":"//\t}"},"name":"comment"}],"name":"\"rutinas\"","problems":[{"code":"malformedMember","sourceMap":{"end":{"column":0,"line":15,"offset":441},"start":{"column":9,"line":14,"offset":400}}}],"scope":{"containerScope":{"containerScope":{"containerScope":{"contributions":{},"includedScopes":[]},"contributions":{},"includedScopes":[]},"contributions":{},"includedScopes":[{"contributions":{},"includedScopes":[]},{"contributions":{},"includedScopes":[]}]},"contributions":{},"includedScopes":[{"containerScope":{"containerScope":{"containerScope":{"contributions":{},"includedScopes":[]},"contributions":{},"includedScopes":[]},"contributions":{},"includedScopes":[]},"contributions":{},"includedScopes":[]}]},"sourceMap":{"end":{"column":2,"line":109,"offset":3565},"start":{"column":1,"line":4,"offset":36}},"supertypes":[{"args":[],"metadata":[],"reference":{"metadata":[],"name":"wollok.lang.Object","scope":{"containerScope":{"containerScope":{"containerScope":{"containerScope":{"contributions":{},"includedScopes":[]},"contributions":{},"includedScopes":[]},"contributions":{},"includedScopes":[{"contributions":{},"includedScopes":[]},{"contributions":{},"includedScopes":[]}]},"contributions":{},"includedScopes":[{"containerScope":{"containerScope":{"containerScope":{"contributions":{},"includedScopes":[]},"contributions":{},"includedScopes":[]},"contributions":{},"includedScopes":[]},"contributions":{},"includedScopes":[]}]},"contributions":{},"includedScopes":[]}},"scope":{"containerScope":{"containerScope":{"containerScope":{"containerScope":{"contributions":{},"includedScopes":[]},"contributions":{},"includedScopes":[]},"contributions":{},"includedScopes":[{"contributions":{},"includedScopes":[]},{"contributions":{},"includedScopes":[]}]},"contributions":{},"includedScopes":[{"containerScope":{"containerScope":{"containerScope":{"contributions":{},"includedScopes":[]},"contributions":{},"includedScopes":[]},"contributions":{},"includedScopes":[]},"contributions":{},"includedScopes":[]}]},"contributions":{},"includedScopes":[]}}]},"stack":"Error: Failed to print, found malformed node\n    at /home/publico/.var/app/com.visualstudio.code/data/vscode/extensions/uqbar.wollok-lsp-ide-0.5.3/out/server/src/server.js:68:3585\n    at Gbn (/home/publico/.var/app/com.visualstudio.code/data/vscode/extensions/uqbar.wollok-lsp-ide-0.5.3/out/server/src/server.js:68:3396)\n    at /home/publico/.var/app/com.visualstudio.code/data/vscode/extensions/uqbar.wollok-lsp-ide-0.5.3/out/server/src/server.js:2393:847\n    at /home/publico/.var/app/com.visualstudio.code/data/vscode/extensions/uqbar.wollok-lsp-ide-0.5.3/out/server/src/server.js:2393:8440\n    at /home/publico/.var/app/com.visualstudio.code/data/vscode/extensions/uqbar.wollok-lsp-ide-0.5.3/out/server/src/server.js:37:74770\n    at Ye (/home/publico/.var/app/com.visualstudio.code/data/vscode/extensions/uqbar.wollok-lsp-ide-0.5.3/out/server/src/server.js:7:8527)\n    at qt (/home/publico/.var/app/com.visualstudio.code/data/vscode/extensions/uqbar.wollok-lsp-ide-0.5.3/out/server/src/server.js:7:6189)\n    at ot (/home/publico/.var/app/com.visualstudio.code/data/vscode/extensions/uqbar.wollok-lsp-ide-0.5.3/out/server/src/server.js:7:6378)\n    at Immediate._onImmediate (/home/publico/.var/app/com.visualstudio.code/data/vscode/extensions/uqbar.wollok-lsp-ide-0.5.3/out/server/src/server.js:7:6142)\n    at process.processImmediate (node:internal/timers:485:21)","timestamp":"2025-10-22T15:18:50.454Z"}
{"level":"error","message":"✘ Failed to rebuild document Failed to parse src/gimnasia.wtest: \n-- PARSING FAILED --------------------------------------------------\n\n  107 | //\t}\n  108 | \t\n> 109 | }\n      | ^\n\nExpected one of the following: \n\n'@', 'class', 'const', 'describe', 'mixin', 'object', 'only', 'package', 'program', 'test', 'var', '{', EOF, comment, not \"}\", whitespace\n","stack":"Error: Failed to parse src/gimnasia.wtest: \n-- PARSING FAILED --------------------------------------------------\n\n  107 | //\t}\n  108 | \t\n> 109 | }\n      | ^\n\nExpected one of the following: \n\n'@', 'class', 'const', 'describe', 'mixin', 'object', 'only', 'package', 'program', 'test', 'var', '{', EOF, comment, not \"}\", whitespace\n\n    at /home/publico/.var/app/com.visualstudio.code/data/vscode/extensions/uqbar.wollok-lsp-ide-0.5.3/out/server/src/server.js:2348:13026\n    at Array.map (<anonymous>)\n    at W1n (/home/publico/.var/app/com.visualstudio.code/data/vscode/extensions/uqbar.wollok-lsp-ide-0.5.3/out/server/src/server.js:2348:12950)\n    at U2.buildEnvironmentFrom (/home/publico/.var/app/com.visualstudio.code/data/vscode/extensions/uqbar.wollok-lsp-ide-0.5.3/out/server/src/server.js:2393:5254)\n    at U2.updateEnvironmentWith (/home/publico/.var/app/com.visualstudio.code/data/vscode/extensions/uqbar.wollok-lsp-ide-0.5.3/out/server/src/server.js:2393:4989)\n    at JF (/home/publico/.var/app/com.visualstudio.code/data/vscode/extensions/uqbar.wollok-lsp-ide-0.5.3/out/server/src/server.js:2393:7383)\n    at F3.invoke (/home/publico/.var/app/com.visualstudio.code/data/vscode/extensions/uqbar.wollok-lsp-ide-0.5.3/out/server/src/server.js:3:157334)\n    at o.fire (/home/publico/.var/app/com.visualstudio.code/data/vscode/extensions/uqbar.wollok-lsp-ide-0.5.3/out/server/src/server.js:3:158104)\n    at /home/publico/.var/app/com.visualstudio.code/data/vscode/extensions/uqbar.wollok-lsp-ide-0.5.3/out/server/src/server.js:37:57871\n    at Zr (/home/publico/.var/app/com.visualstudio.code/data/vscode/extensions/uqbar.wollok-lsp-ide-0.5.3/out/server/src/server.js:8:1561)","timestamp":"2025-10-22T15:18:55.233Z"}
{"level":"error","message":"✘ Failed to rebuild document Failed to parse src/gimnasia.wtest: \n-- PARSING FAILED --------------------------------------------------\n\n  107 | //\t}\n  108 | \t\n> 109 | }\n      | ^\n\nExpected one of the following: \n\n'@', 'class', 'const', 'describe', 'mixin', 'object', 'only', 'package', 'program', 'test', 'var', '{', EOF, comment, not \"}\", whitespace\n","stack":"Error: Failed to parse src/gimnasia.wtest: \n-- PARSING FAILED --------------------------------------------------\n\n  107 | //\t}\n  108 | \t\n> 109 | }\n      | ^\n\nExpected one of the following: \n\n'@', 'class', 'const', 'describe', 'mixin', 'object', 'only', 'package', 'program', 'test', 'var', '{', EOF, comment, not \"}\", whitespace\n\n    at /home/publico/.var/app/com.visualstudio.code/data/vscode/extensions/uqbar.wollok-lsp-ide-0.5.3/out/server/src/server.js:2348:13026\n    at Array.map (<anonymous>)\n    at W1n (/home/publico/.var/app/com.visualstudio.code/data/vscode/extensions/uqbar.wollok-lsp-ide-0.5.3/out/server/src/server.js:2348:12950)\n    at U2.buildEnvironmentFrom (/home/publico/.var/app/com.visualstudio.code/data/vscode/extensions/uqbar.wollok-lsp-ide-0.5.3/out/server/src/server.js:2393:5254)\n    at U2.updateEnvironmentWith (/home/publico/.var/app/com.visualstudio.code/data/vscode/extensions/uqbar.wollok-lsp-ide-0.5.3/out/server/src/server.js:2393:4989)\n    at JF (/home/publico/.var/app/com.visualstudio.code/data/vscode/extensions/uqbar.wollok-lsp-ide-0.5.3/out/server/src/server.js:2393:7383)\n    at F3.invoke (/home/publico/.var/app/com.visualstudio.code/data/vscode/extensions/uqbar.wollok-lsp-ide-0.5.3/out/server/src/server.js:3:157334)\n    at o.fire (/home/publico/.var/app/com.visualstudio.code/data/vscode/extensions/uqbar.wollok-lsp-ide-0.5.3/out/server/src/server.js:3:158104)\n    at /home/publico/.var/app/com.visualstudio.code/data/vscode/extensions/uqbar.wollok-lsp-ide-0.5.3/out/server/src/server.js:37:57871\n    at Zr (/home/publico/.var/app/com.visualstudio.code/data/vscode/extensions/uqbar.wollok-lsp-ide-0.5.3/out/server/src/server.js:8:1561)","timestamp":"2025-10-22T15:18:55.368Z"}
{"level":"error","message":"✘ Failed to rebuild document Failed to parse src/gimnasia.wtest: \n-- PARSING FAILED --------------------------------------------------\n\n  107 | //\t}\n  108 | \t\n> 109 | }\n      | ^\n\nExpected one of the following: \n\n'@', 'class', 'const', 'describe', 'mixin', 'object', 'only', 'package', 'program', 'test', 'var', '{', EOF, comment, not \"}\", whitespace\n","stack":"Error: Failed to parse src/gimnasia.wtest: \n-- PARSING FAILED --------------------------------------------------\n\n  107 | //\t}\n  108 | \t\n> 109 | }\n      | ^\n\nExpected one of the following: \n\n'@', 'class', 'const', 'describe', 'mixin', 'object', 'only', 'package', 'program', 'test', 'var', '{', EOF, comment, not \"}\", whitespace\n\n    at /home/publico/.var/app/com.visualstudio.code/data/vscode/extensions/uqbar.wollok-lsp-ide-0.5.3/out/server/src/server.js:2348:13026\n    at Array.map (<anonymous>)\n    at W1n (/home/publico/.var/app/com.visualstudio.code/data/vscode/extensions/uqbar.wollok-lsp-ide-0.5.3/out/server/src/server.js:2348:12950)\n    at U2.buildEnvironmentFrom (/home/publico/.var/app/com.visualstudio.code/data/vscode/extensions/uqbar.wollok-lsp-ide-0.5.3/out/server/src/server.js:2393:5254)\n    at U2.updateEnvironmentWith (/home/publico/.var/app/com.visualstudio.code/data/vscode/extensions/uqbar.wollok-lsp-ide-0.5.3/out/server/src/server.js:2393:4989)\n    at JF (/home/publico/.var/app/com.visualstudio.code/data/vscode/extensions/uqbar.wollok-lsp-ide-0.5.3/out/server/src/server.js:2393:7383)\n    at F3.invoke (/home/publico/.var/app/com.visualstudio.code/data/vscode/extensions/uqbar.wollok-lsp-ide-0.5.3/out/server/src/server.js:3:157334)\n    at o.fire (/home/publico/.var/app/com.visualstudio.code/data/vscode/extensions/uqbar.wollok-lsp-ide-0.5.3/out/server/src/server.js:3:158104)\n    at /home/publico/.var/app/com.visualstudio.code/data/vscode/extensions/uqbar.wollok-lsp-ide-0.5.3/out/server/src/server.js:37:57871\n    at Zr (/home/publico/.var/app/com.visualstudio.code/data/vscode/extensions/uqbar.wollok-lsp-ide-0.5.3/out/server/src/server.js:8:1561)","timestamp":"2025-10-22T15:18:55.567Z"}
{"level":"error","message":"✘ Failed to rebuild document Failed to parse src/gimnasia.wtest: \n-- PARSING FAILED --------------------------------------------------\n\n  107 | //\t}\n  108 | \t\n> 109 | }\n      | ^\n\nExpected one of the following: \n\n'@', 'class', 'const', 'describe', 'mixin', 'object', 'only', 'package', 'program', 'test', 'var', '{', EOF, comment, not \"}\", whitespace\n","stack":"Error: Failed to parse src/gimnasia.wtest: \n-- PARSING FAILED --------------------------------------------------\n\n  107 | //\t}\n  108 | \t\n> 109 | }\n      | ^\n\nExpected one of the following: \n\n'@', 'class', 'const', 'describe', 'mixin', 'object', 'only', 'package', 'program', 'test', 'var', '{', EOF, comment, not \"}\", whitespace\n\n    at /home/publico/.var/app/com.visualstudio.code/data/vscode/extensions/uqbar.wollok-lsp-ide-0.5.3/out/server/src/server.js:2348:13026\n    at Array.map (<anonymous>)\n    at W1n (/home/publico/.var/app/com.visualstudio.code/data/vscode/extensions/uqbar.wollok-lsp-ide-0.5.3/out/server/src/server.js:2348:12950)\n    at U2.buildEnvironmentFrom (/home/publico/.var/app/com.visualstudio.code/data/vscode/extensions/uqbar.wollok-lsp-ide-0.5.3/out/server/src/server.js:2393:5254)\n    at U2.updateEnvironmentWith (/home/publico/.var/app/com.visualstudio.code/data/vscode/extensions/uqbar.wollok-lsp-ide-0.5.3/out/server/src/server.js:2393:4989)\n    at JF (/home/publico/.var/app/com.visualstudio.code/data/vscode/extensions/uqbar.wollok-lsp-ide-0.5.3/out/server/src/server.js:2393:7383)\n    at F3.invoke (/home/publico/.var/app/com.visualstudio.code/data/vscode/extensions/uqbar.wollok-lsp-ide-0.5.3/out/server/src/server.js:3:157334)\n    at o.fire (/home/publico/.var/app/com.visualstudio.code/data/vscode/extensions/uqbar.wollok-lsp-ide-0.5.3/out/server/src/server.js:3:158104)\n    at /home/publico/.var/app/com.visualstudio.code/data/vscode/extensions/uqbar.wollok-lsp-ide-0.5.3/out/server/src/server.js:37:57871\n    at Zr (/home/publico/.var/app/com.visualstudio.code/data/vscode/extensions/uqbar.wollok-lsp-ide-0.5.3/out/server/src/server.js:8:1561)","timestamp":"2025-10-22T15:18:56.042Z"}
{"level":"error","message":"✘ Failed to rebuild document Failed to parse src/gimnasia.wtest: \n-- PARSING FAILED --------------------------------------------------\n\n  107 | //\t}\n  108 | \t\n> 109 | }\n      | ^\n\nExpected one of the following: \n\n'@', 'class', 'const', 'describe', 'mixin', 'object', 'only', 'package', 'program', 'test', 'var', '{', EOF, comment, not \"}\", whitespace\n","stack":"Error: Failed to parse src/gimnasia.wtest: \n-- PARSING FAILED --------------------------------------------------\n\n  107 | //\t}\n  108 | \t\n> 109 | }\n      | ^\n\nExpected one of the following: \n\n'@', 'class', 'const', 'describe', 'mixin', 'object', 'only', 'package', 'program', 'test', 'var', '{', EOF, comment, not \"}\", whitespace\n\n    at /home/publico/.var/app/com.visualstudio.code/data/vscode/extensions/uqbar.wollok-lsp-ide-0.5.3/out/server/src/server.js:2348:13026\n    at Array.map (<anonymous>)\n    at W1n (/home/publico/.var/app/com.visualstudio.code/data/vscode/extensions/uqbar.wollok-lsp-ide-0.5.3/out/server/src/server.js:2348:12950)\n    at U2.buildEnvironmentFrom (/home/publico/.var/app/com.visualstudio.code/data/vscode/extensions/uqbar.wollok-lsp-ide-0.5.3/out/server/src/server.js:2393:5254)\n    at U2.updateEnvironmentWith (/home/publico/.var/app/com.visualstudio.code/data/vscode/extensions/uqbar.wollok-lsp-ide-0.5.3/out/server/src/server.js:2393:4989)\n    at JF (/home/publico/.var/app/com.visualstudio.code/data/vscode/extensions/uqbar.wollok-lsp-ide-0.5.3/out/server/src/server.js:2393:7383)\n    at F3.invoke (/home/publico/.var/app/com.visualstudio.code/data/vscode/extensions/uqbar.wollok-lsp-ide-0.5.3/out/server/src/server.js:3:157334)\n    at o.fire (/home/publico/.var/app/com.visualstudio.code/data/vscode/extensions/uqbar.wollok-lsp-ide-0.5.3/out/server/src/server.js:3:158104)\n    at /home/publico/.var/app/com.visualstudio.code/data/vscode/extensions/uqbar.wollok-lsp-ide-0.5.3/out/server/src/server.js:37:57871\n    at Zr (/home/publico/.var/app/com.visualstudio.code/data/vscode/extensions/uqbar.wollok-lsp-ide-0.5.3/out/server/src/server.js:8:1561)","timestamp":"2025-10-22T15:18:57.287Z"}
{"level":"error","message":"✘ Failed to rebuild document Failed to parse src/gimnasia.wtest: \n-- PARSING FAILED --------------------------------------------------\n\n  107 | //\t}\n  108 | \t\n> 109 | }\n      | ^\n\nExpected one of the following: \n\n'@', 'class', 'const', 'describe', 'mixin', 'object', 'only', 'package', 'program', 'test', 'var', '{', EOF, comment, not \"}\", whitespace\n","stack":"Error: Failed to parse src/gimnasia.wtest: \n-- PARSING FAILED --------------------------------------------------\n\n  107 | //\t}\n  108 | \t\n> 109 | }\n      | ^\n\nExpected one of the following: \n\n'@', 'class', 'const', 'describe', 'mixin', 'object', 'only', 'package', 'program', 'test', 'var', '{', EOF, comment, not \"}\", whitespace\n\n    at /home/publico/.var/app/com.visualstudio.code/data/vscode/extensions/uqbar.wollok-lsp-ide-0.5.3/out/server/src/server.js:2348:13026\n    at Array.map (<anonymous>)\n    at W1n (/home/publico/.var/app/com.visualstudio.code/data/vscode/extensions/uqbar.wollok-lsp-ide-0.5.3/out/server/src/server.js:2348:12950)\n    at U2.buildEnvironmentFrom (/home/publico/.var/app/com.visualstudio.code/data/vscode/extensions/uqbar.wollok-lsp-ide-0.5.3/out/server/src/server.js:2393:5254)\n    at U2.updateEnvironmentWith (/home/publico/.var/app/com.visualstudio.code/data/vscode/extensions/uqbar.wollok-lsp-ide-0.5.3/out/server/src/server.js:2393:4989)\n    at JF (/home/publico/.var/app/com.visualstudio.code/data/vscode/extensions/uqbar.wollok-lsp-ide-0.5.3/out/server/src/server.js:2393:7383)\n    at F3.invoke (/home/publico/.var/app/com.visualstudio.code/data/vscode/extensions/uqbar.wollok-lsp-ide-0.5.3/out/server/src/server.js:3:157334)\n    at o.fire (/home/publico/.var/app/com.visualstudio.code/data/vscode/extensions/uqbar.wollok-lsp-ide-0.5.3/out/server/src/server.js:3:158104)\n    at /home/publico/.var/app/com.visualstudio.code/data/vscode/extensions/uqbar.wollok-lsp-ide-0.5.3/out/server/src/server.js:37:57871\n    at Zr (/home/publico/.var/app/com.visualstudio.code/data/vscode/extensions/uqbar.wollok-lsp-ide-0.5.3/out/server/src/server.js:8:1561)","timestamp":"2025-10-22T15:18:57.433Z"}
{"level":"error","message":"✘ Failed to rebuild document Failed to parse src/gimnasia.wtest: \n-- PARSING FAILED --------------------------------------------------\n\n  107 | //\t}\n  108 | \t\n> 109 | }\n      | ^\n\nExpected one of the following: \n\n'@', 'class', 'const', 'describe', 'mixin', 'object', 'only', 'package', 'program', 'test', 'var', '{', EOF, comment, not \"}\", whitespace\n","stack":"Error: Failed to parse src/gimnasia.wtest: \n-- PARSING FAILED --------------------------------------------------\n\n  107 | //\t}\n  108 | \t\n> 109 | }\n      | ^\n\nExpected one of the following: \n\n'@', 'class', 'const', 'describe', 'mixin', 'object', 'only', 'package', 'program', 'test', 'var', '{', EOF, comment, not \"}\", whitespace\n\n    at /home/publico/.var/app/com.visualstudio.code/data/vscode/extensions/uqbar.wollok-lsp-ide-0.5.3/out/server/src/server.js:2348:13026\n    at Array.map (<anonymous>)\n    at W1n (/home/publico/.var/app/com.visualstudio.code/data/vscode/extensions/uqbar.wollok-lsp-ide-0.5.3/out/server/src/server.js:2348:12950)\n    at U2.buildEnvironmentFrom (/home/publico/.var/app/com.visualstudio.code/data/vscode/extensions/uqbar.wollok-lsp-ide-0.5.3/out/server/src/server.js:2393:5254)\n    at U2.updateEnvironmentWith (/home/publico/.var/app/com.visualstudio.code/data/vscode/extensions/uqbar.wollok-lsp-ide-0.5.3/out/server/src/server.js:2393:4989)\n    at JF (/home/publico/.var/app/com.visualstudio.code/data/vscode/extensions/uqbar.wollok-lsp-ide-0.5.3/out/server/src/server.js:2393:7383)\n    at F3.invoke (/home/publico/.var/app/com.visualstudio.code/data/vscode/extensions/uqbar.wollok-lsp-ide-0.5.3/out/server/src/server.js:3:157334)\n    at o.fire (/home/publico/.var/app/com.visualstudio.code/data/vscode/extensions/uqbar.wollok-lsp-ide-0.5.3/out/server/src/server.js:3:158104)\n    at /home/publico/.var/app/com.visualstudio.code/data/vscode/extensions/uqbar.wollok-lsp-ide-0.5.3/out/server/src/server.js:37:57871\n    at Zr (/home/publico/.var/app/com.visualstudio.code/data/vscode/extensions/uqbar.wollok-lsp-ide-0.5.3/out/server/src/server.js:8:1561)","timestamp":"2025-10-22T15:18:57.574Z"}
{"level":"error","message":"✘ Failed to rebuild document Failed to parse src/gimnasia.wtest: \n-- PARSING FAILED --------------------------------------------------\n\n  107 | //\t}\n  108 | \t\n> 109 | }\n      | ^\n\nExpected one of the following: \n\n'@', 'class', 'const', 'describe', 'mixin', 'object', 'only', 'package', 'program', 'test', 'var', '{', EOF, comment, not \"}\", whitespace\n","stack":"Error: Failed to parse src/gimnasia.wtest: \n-- PARSING FAILED --------------------------------------------------\n\n  107 | //\t}\n  108 | \t\n> 109 | }\n      | ^\n\nExpected one of the following: \n\n'@', 'class', 'const', 'describe', 'mixin', 'object', 'only', 'package', 'program', 'test', 'var', '{', EOF, comment, not \"}\", whitespace\n\n    at /home/publico/.var/app/com.visualstudio.code/data/vscode/extensions/uqbar.wollok-lsp-ide-0.5.3/out/server/src/server.js:2348:13026\n    at Array.map (<anonymous>)\n    at W1n (/home/publico/.var/app/com.visualstudio.code/data/vscode/extensions/uqbar.wollok-lsp-ide-0.5.3/out/server/src/server.js:2348:12950)\n    at U2.buildEnvironmentFrom (/home/publico/.var/app/com.visualstudio.code/data/vscode/extensions/uqbar.wollok-lsp-ide-0.5.3/out/server/src/server.js:2393:5254)\n    at U2.updateEnvironmentWith (/home/publico/.var/app/com.visualstudio.code/data/vscode/extensions/uqbar.wollok-lsp-ide-0.5.3/out/server/src/server.js:2393:4989)\n    at JF (/home/publico/.var/app/com.visualstudio.code/data/vscode/extensions/uqbar.wollok-lsp-ide-0.5.3/out/server/src/server.js:2393:7383)\n    at F3.invoke (/home/publico/.var/app/com.visualstudio.code/data/vscode/extensions/uqbar.wollok-lsp-ide-0.5.3/out/server/src/server.js:3:157334)\n    at o.fire (/home/publico/.var/app/com.visualstudio.code/data/vscode/extensions/uqbar.wollok-lsp-ide-0.5.3/out/server/src/server.js:3:158104)\n    at /home/publico/.var/app/com.visualstudio.code/data/vscode/extensions/uqbar.wollok-lsp-ide-0.5.3/out/server/src/server.js:37:57871\n    at Zr (/home/publico/.var/app/com.visualstudio.code/data/vscode/extensions/uqbar.wollok-lsp-ide-0.5.3/out/server/src/server.js:8:1561)","timestamp":"2025-10-22T15:18:57.769Z"}
{"level":"error","message":"✘ Failed to rebuild document Failed to parse src/gimnasia.wtest: \n-- PARSING FAILED --------------------------------------------------\n\n  107 | //\t}\n  108 | \t\n> 109 | }\n      | ^\n\nExpected one of the following: \n\n'@', 'class', 'const', 'describe', 'mixin', 'object', 'only', 'package', 'program', 'test', 'var', '{', EOF, comment, not \"}\", whitespace\n","stack":"Error: Failed to parse src/gimnasia.wtest: \n-- PARSING FAILED --------------------------------------------------\n\n  107 | //\t}\n  108 | \t\n> 109 | }\n      | ^\n\nExpected one of the following: \n\n'@', 'class', 'const', 'describe', 'mixin', 'object', 'only', 'package', 'program', 'test', 'var', '{', EOF, comment, not \"}\", whitespace\n\n    at /home/publico/.var/app/com.visualstudio.code/data/vscode/extensions/uqbar.wollok-lsp-ide-0.5.3/out/server/src/server.js:2348:13026\n    at Array.map (<anonymous>)\n    at W1n (/home/publico/.var/app/com.visualstudio.code/data/vscode/extensions/uqbar.wollok-lsp-ide-0.5.3/out/server/src/server.js:2348:12950)\n    at U2.buildEnvironmentFrom (/home/publico/.var/app/com.visualstudio.code/data/vscode/extensions/uqbar.wollok-lsp-ide-0.5.3/out/server/src/server.js:2393:5254)\n    at U2.updateEnvironmentWith (/home/publico/.var/app/com.visualstudio.code/data/vscode/extensions/uqbar.wollok-lsp-ide-0.5.3/out/server/src/server.js:2393:4989)\n    at JF (/home/publico/.var/app/com.visualstudio.code/data/vscode/extensions/uqbar.wollok-lsp-ide-0.5.3/out/server/src/server.js:2393:7383)\n    at F3.invoke (/home/publico/.var/app/com.visualstudio.code/data/vscode/extensions/uqbar.wollok-lsp-ide-0.5.3/out/server/src/server.js:3:157334)\n    at o.fire (/home/publico/.var/app/com.visualstudio.code/data/vscode/extensions/uqbar.wollok-lsp-ide-0.5.3/out/server/src/server.js:3:158104)\n    at /home/publico/.var/app/com.visualstudio.code/data/vscode/extensions/uqbar.wollok-lsp-ide-0.5.3/out/server/src/server.js:37:57871\n    at Zr (/home/publico/.var/app/com.visualstudio.code/data/vscode/extensions/uqbar.wollok-lsp-ide-0.5.3/out/server/src/server.js:8:1561)","timestamp":"2025-10-22T15:18:57.964Z"}
{"level":"error","message":"✘ Failed to rebuild document Failed to parse src/gimnasia.wtest: \n-- PARSING FAILED --------------------------------------------------\n\n  107 | //\t}\n  108 | \t\n> 109 | }\n      | ^\n\nExpected one of the following: \n\n'@', 'class', 'const', 'describe', 'mixin', 'object', 'only', 'package', 'program', 'test', 'var', '{', EOF, comment, not \"}\", whitespace\n","stack":"Error: Failed to parse src/gimnasia.wtest: \n-- PARSING FAILED --------------------------------------------------\n\n  107 | //\t}\n  108 | \t\n> 109 | }\n      | ^\n\nExpected one of the following: \n\n'@', 'class', 'const', 'describe', 'mixin', 'object', 'only', 'package', 'program', 'test', 'var', '{', EOF, comment, not \"}\", whitespace\n\n    at /home/publico/.var/app/com.visualstudio.code/data/vscode/extensions/uqbar.wollok-lsp-ide-0.5.3/out/server/src/server.js:2348:13026\n    at Array.map (<anonymous>)\n    at W1n (/home/publico/.var/app/com.visualstudio.code/data/vscode/extensions/uqbar.wollok-lsp-ide-0.5.3/out/server/src/server.js:2348:12950)\n    at U2.buildEnvironmentFrom (/home/publico/.var/app/com.visualstudio.code/data/vscode/extensions/uqbar.wollok-lsp-ide-0.5.3/out/server/src/server.js:2393:5254)\n    at U2.updateEnvironmentWith (/home/publico/.var/app/com.visualstudio.code/data/vscode/extensions/uqbar.wollok-lsp-ide-0.5.3/out/server/src/server.js:2393:4989)\n    at JF (/home/publico/.var/app/com.visualstudio.code/data/vscode/extensions/uqbar.wollok-lsp-ide-0.5.3/out/server/src/server.js:2393:7383)\n    at F3.invoke (/home/publico/.var/app/com.visualstudio.code/data/vscode/extensions/uqbar.wollok-lsp-ide-0.5.3/out/server/src/server.js:3:157334)\n    at o.fire (/home/publico/.var/app/com.visualstudio.code/data/vscode/extensions/uqbar.wollok-lsp-ide-0.5.3/out/server/src/server.js:3:158104)\n    at /home/publico/.var/app/com.visualstudio.code/data/vscode/extensions/uqbar.wollok-lsp-ide-0.5.3/out/server/src/server.js:37:57871\n    at Zr (/home/publico/.var/app/com.visualstudio.code/data/vscode/extensions/uqbar.wollok-lsp-ide-0.5.3/out/server/src/server.js:8:1561)","timestamp":"2025-10-22T15:18:58.464Z"}
{"level":"error","message":"✘ Failed to rebuild document Failed to parse src/gimnasia.wtest: \n-- PARSING FAILED --------------------------------------------------\n\n  107 | //\t}\n  108 | \t\n> 109 | }\n      | ^\n\nExpected one of the following: \n\n'@', 'class', 'const', 'describe', 'mixin', 'object', 'only', 'package', 'program', 'test', 'var', '{', EOF, comment, not \"}\", whitespace\n","stack":"Error: Failed to parse src/gimnasia.wtest: \n-- PARSING FAILED --------------------------------------------------\n\n  107 | //\t}\n  108 | \t\n> 109 | }\n      | ^\n\nExpected one of the following: \n\n'@', 'class', 'const', 'describe', 'mixin', 'object', 'only', 'package', 'program', 'test', 'var', '{', EOF, comment, not \"}\", whitespace\n\n    at /home/publico/.var/app/com.visualstudio.code/data/vscode/extensions/uqbar.wollok-lsp-ide-0.5.3/out/server/src/server.js:2348:13026\n    at Array.map (<anonymous>)\n    at W1n (/home/publico/.var/app/com.visualstudio.code/data/vscode/extensions/uqbar.wollok-lsp-ide-0.5.3/out/server/src/server.js:2348:12950)\n    at U2.buildEnvironmentFrom (/home/publico/.var/app/com.visualstudio.code/data/vscode/extensions/uqbar.wollok-lsp-ide-0.5.3/out/server/src/server.js:2393:5254)\n    at U2.updateEnvironmentWith (/home/publico/.var/app/com.visualstudio.code/data/vscode/extensions/uqbar.wollok-lsp-ide-0.5.3/out/server/src/server.js:2393:4989)\n    at JF (/home/publico/.var/app/com.visualstudio.code/data/vscode/extensions/uqbar.wollok-lsp-ide-0.5.3/out/server/src/server.js:2393:7383)\n    at F3.invoke (/home/publico/.var/app/com.visualstudio.code/data/vscode/extensions/uqbar.wollok-lsp-ide-0.5.3/out/server/src/server.js:3:157334)\n    at o.fire (/home/publico/.var/app/com.visualstudio.code/data/vscode/extensions/uqbar.wollok-lsp-ide-0.5.3/out/server/src/server.js:3:158104)\n    at /home/publico/.var/app/com.visualstudio.code/data/vscode/extensions/uqbar.wollok-lsp-ide-0.5.3/out/server/src/server.js:37:57871\n    at Zr (/home/publico/.var/app/com.visualstudio.code/data/vscode/extensions/uqbar.wollok-lsp-ide-0.5.3/out/server/src/server.js:8:1561)","timestamp":"2025-10-22T15:18:58.643Z"}
{"level":"error","message":"✘ Failed to rebuild document Failed to parse src/gimnasia.wtest: \n-- PARSING FAILED --------------------------------------------------\n\n  107 | //\t}\n  108 | \t\n> 109 | }\n      | ^\n\nExpected one of the following: \n\n'@', 'class', 'const', 'describe', 'mixin', 'object', 'only', 'package', 'program', 'test', 'var', '{', EOF, comment, not \"}\", whitespace\n","stack":"Error: Failed to parse src/gimnasia.wtest: \n-- PARSING FAILED --------------------------------------------------\n\n  107 | //\t}\n  108 | \t\n> 109 | }\n      | ^\n\nExpected one of the following: \n\n'@', 'class', 'const', 'describe', 'mixin', 'object', 'only', 'package', 'program', 'test', 'var', '{', EOF, comment, not \"}\", whitespace\n\n    at /home/publico/.var/app/com.visualstudio.code/data/vscode/extensions/uqbar.wollok-lsp-ide-0.5.3/out/server/src/server.js:2348:13026\n    at Array.map (<anonymous>)\n    at W1n (/home/publico/.var/app/com.visualstudio.code/data/vscode/extensions/uqbar.wollok-lsp-ide-0.5.3/out/server/src/server.js:2348:12950)\n    at U2.buildEnvironmentFrom (/home/publico/.var/app/com.visualstudio.code/data/vscode/extensions/uqbar.wollok-lsp-ide-0.5.3/out/server/src/server.js:2393:5254)\n    at U2.updateEnvironmentWith (/home/publico/.var/app/com.visualstudio.code/data/vscode/extensions/uqbar.wollok-lsp-ide-0.5.3/out/server/src/server.js:2393:4989)\n    at JF (/home/publico/.var/app/com.visualstudio.code/data/vscode/extensions/uqbar.wollok-lsp-ide-0.5.3/out/server/src/server.js:2393:7383)\n    at F3.invoke (/home/publico/.var/app/com.visualstudio.code/data/vscode/extensions/uqbar.wollok-lsp-ide-0.5.3/out/server/src/server.js:3:157334)\n    at o.fire (/home/publico/.var/app/com.visualstudio.code/data/vscode/extensions/uqbar.wollok-lsp-ide-0.5.3/out/server/src/server.js:3:158104)\n    at /home/publico/.var/app/com.visualstudio.code/data/vscode/extensions/uqbar.wollok-lsp-ide-0.5.3/out/server/src/server.js:37:57871\n    at Zr (/home/publico/.var/app/com.visualstudio.code/data/vscode/extensions/uqbar.wollok-lsp-ide-0.5.3/out/server/src/server.js:8:1561)","timestamp":"2025-10-22T15:18:58.736Z"}
{"level":"error","message":"✘ Failed to rebuild document Failed to parse src/gimnasia.wtest: \n-- PARSING FAILED --------------------------------------------------\n\n  107 | //\t}\n  108 | \t\n> 109 | }\n      | ^\n\nExpected one of the following: \n\n'@', 'class', 'const', 'describe', 'mixin', 'object', 'only', 'package', 'program', 'test', 'var', '{', EOF, comment, not \"}\", whitespace\n","stack":"Error: Failed to parse src/gimnasia.wtest: \n-- PARSING FAILED --------------------------------------------------\n\n  107 | //\t}\n  108 | \t\n> 109 | }\n      | ^\n\nExpected one of the following: \n\n'@', 'class', 'const', 'describe', 'mixin', 'object', 'only', 'package', 'program', 'test', 'var', '{', EOF, comment, not \"}\", whitespace\n\n    at /home/publico/.var/app/com.visualstudio.code/data/vscode/extensions/uqbar.wollok-lsp-ide-0.5.3/out/server/src/server.js:2348:13026\n    at Array.map (<anonymous>)\n    at W1n (/home/publico/.var/app/com.visualstudio.code/data/vscode/extensions/uqbar.wollok-lsp-ide-0.5.3/out/server/src/server.js:2348:12950)\n    at U2.buildEnvironmentFrom (/home/publico/.var/app/com.visualstudio.code/data/vscode/extensions/uqbar.wollok-lsp-ide-0.5.3/out/server/src/server.js:2393:5254)\n    at U2.updateEnvironmentWith (/home/publico/.var/app/com.visualstudio.code/data/vscode/extensions/uqbar.wollok-lsp-ide-0.5.3/out/server/src/server.js:2393:4989)\n    at JF (/home/publico/.var/app/com.visualstudio.code/data/vscode/extensions/uqbar.wollok-lsp-ide-0.5.3/out/server/src/server.js:2393:7383)\n    at F3.invoke (/home/publico/.var/app/com.visualstudio.code/data/vscode/extensions/uqbar.wollok-lsp-ide-0.5.3/out/server/src/server.js:3:157334)\n    at o.fire (/home/publico/.var/app/com.visualstudio.code/data/vscode/extensions/uqbar.wollok-lsp-ide-0.5.3/out/server/src/server.js:3:158104)\n    at /home/publico/.var/app/com.visualstudio.code/data/vscode/extensions/uqbar.wollok-lsp-ide-0.5.3/out/server/src/server.js:37:57871\n    at Zr (/home/publico/.var/app/com.visualstudio.code/data/vscode/extensions/uqbar.wollok-lsp-ide-0.5.3/out/server/src/server.js:8:1561)","timestamp":"2025-10-22T15:18:58.865Z"}
{"level":"error","message":"✘ Failed to rebuild document Failed to parse src/gimnasia.wtest: \n-- PARSING FAILED --------------------------------------------------\n\n  107 | //\t}\n  108 | \t\n> 109 | }\n      | ^\n\nExpected one of the following: \n\n'@', 'class', 'const', 'describe', 'mixin', 'object', 'only', 'package', 'program', 'test', 'var', '{', EOF, comment, not \"}\", whitespace\n","stack":"Error: Failed to parse src/gimnasia.wtest: \n-- PARSING FAILED --------------------------------------------------\n\n  107 | //\t}\n  108 | \t\n> 109 | }\n      | ^\n\nExpected one of the following: \n\n'@', 'class', 'const', 'describe', 'mixin', 'object', 'only', 'package', 'program', 'test', 'var', '{', EOF, comment, not \"}\", whitespace\n\n    at /home/publico/.var/app/com.visualstudio.code/data/vscode/extensions/uqbar.wollok-lsp-ide-0.5.3/out/server/src/server.js:2348:13026\n    at Array.map (<anonymous>)\n    at W1n (/home/publico/.var/app/com.visualstudio.code/data/vscode/extensions/uqbar.wollok-lsp-ide-0.5.3/out/server/src/server.js:2348:12950)\n    at U2.buildEnvironmentFrom (/home/publico/.var/app/com.visualstudio.code/data/vscode/extensions/uqbar.wollok-lsp-ide-0.5.3/out/server/src/server.js:2393:5254)\n    at U2.updateEnvironmentWith (/home/publico/.var/app/com.visualstudio.code/data/vscode/extensions/uqbar.wollok-lsp-ide-0.5.3/out/server/src/server.js:2393:4989)\n    at JF (/home/publico/.var/app/com.visualstudio.code/data/vscode/extensions/uqbar.wollok-lsp-ide-0.5.3/out/server/src/server.js:2393:7383)\n    at F3.invoke (/home/publico/.var/app/com.visualstudio.code/data/vscode/extensions/uqbar.wollok-lsp-ide-0.5.3/out/server/src/server.js:3:157334)\n    at o.fire (/home/publico/.var/app/com.visualstudio.code/data/vscode/extensions/uqbar.wollok-lsp-ide-0.5.3/out/server/src/server.js:3:158104)\n    at /home/publico/.var/app/com.visualstudio.code/data/vscode/extensions/uqbar.wollok-lsp-ide-0.5.3/out/server/src/server.js:37:57871\n    at Zr (/home/publico/.var/app/com.visualstudio.code/data/vscode/extensions/uqbar.wollok-lsp-ide-0.5.3/out/server/src/server.js:8:1561)","timestamp":"2025-10-22T15:18:59.074Z"}
{"level":"error","message":"✘ Failed to rebuild document Failed to parse src/gimnasia.wtest: \n-- PARSING FAILED --------------------------------------------------\n\n  107 | //\t}\n  108 | \t\n> 109 | }\n      | ^\n\nExpected one of the following: \n\n'@', 'class', 'const', 'describe', 'mixin', 'object', 'only', 'package', 'program', 'test', 'var', '{', EOF, comment, not \"}\", whitespace\n","stack":"Error: Failed to parse src/gimnasia.wtest: \n-- PARSING FAILED --------------------------------------------------\n\n  107 | //\t}\n  108 | \t\n> 109 | }\n      | ^\n\nExpected one of the following: \n\n'@', 'class', 'const', 'describe', 'mixin', 'object', 'only', 'package', 'program', 'test', 'var', '{', EOF, comment, not \"}\", whitespace\n\n    at /home/publico/.var/app/com.visualstudio.code/data/vscode/extensions/uqbar.wollok-lsp-ide-0.5.3/out/server/src/server.js:2348:13026\n    at Array.map (<anonymous>)\n    at W1n (/home/publico/.var/app/com.visualstudio.code/data/vscode/extensions/uqbar.wollok-lsp-ide-0.5.3/out/server/src/server.js:2348:12950)\n    at U2.buildEnvironmentFrom (/home/publico/.var/app/com.visualstudio.code/data/vscode/extensions/uqbar.wollok-lsp-ide-0.5.3/out/server/src/server.js:2393:5254)\n    at U2.updateEnvironmentWith (/home/publico/.var/app/com.visualstudio.code/data/vscode/extensions/uqbar.wollok-lsp-ide-0.5.3/out/server/src/server.js:2393:4989)\n    at JF (/home/publico/.var/app/com.visualstudio.code/data/vscode/extensions/uqbar.wollok-lsp-ide-0.5.3/out/server/src/server.js:2393:7383)\n    at F3.invoke (/home/publico/.var/app/com.visualstudio.code/data/vscode/extensions/uqbar.wollok-lsp-ide-0.5.3/out/server/src/server.js:3:157334)\n    at o.fire (/home/publico/.var/app/com.visualstudio.code/data/vscode/extensions/uqbar.wollok-lsp-ide-0.5.3/out/server/src/server.js:3:158104)\n    at /home/publico/.var/app/com.visualstudio.code/data/vscode/extensions/uqbar.wollok-lsp-ide-0.5.3/out/server/src/server.js:37:57871\n    at Zr (/home/publico/.var/app/com.visualstudio.code/data/vscode/extensions/uqbar.wollok-lsp-ide-0.5.3/out/server/src/server.js:8:1561)","timestamp":"2025-10-22T15:18:59.183Z"}
{"level":"error","message":"✘ Failed to rebuild document Failed to parse src/gimnasia.wtest: \n-- PARSING FAILED --------------------------------------------------\n\n  107 | //\t}\n  108 | \t\n> 109 | }\n      | ^\n\nExpected one of the following: \n\n'@', 'class', 'const', 'describe', 'mixin', 'object', 'only', 'package', 'program', 'test', 'var', '{', EOF, comment, not \"}\", whitespace\n","stack":"Error: Failed to parse src/gimnasia.wtest: \n-- PARSING FAILED --------------------------------------------------\n\n  107 | //\t}\n  108 | \t\n> 109 | }\n      | ^\n\nExpected one of the following: \n\n'@', 'class', 'const', 'describe', 'mixin', 'object', 'only', 'package', 'program', 'test', 'var', '{', EOF, comment, not \"}\", whitespace\n\n    at /home/publico/.var/app/com.visualstudio.code/data/vscode/extensions/uqbar.wollok-lsp-ide-0.5.3/out/server/src/server.js:2348:13026\n    at Array.map (<anonymous>)\n    at W1n (/home/publico/.var/app/com.visualstudio.code/data/vscode/extensions/uqbar.wollok-lsp-ide-0.5.3/out/server/src/server.js:2348:12950)\n    at U2.buildEnvironmentFrom (/home/publico/.var/app/com.visualstudio.code/data/vscode/extensions/uqbar.wollok-lsp-ide-0.5.3/out/server/src/server.js:2393:5254)\n    at U2.updateEnvironmentWith (/home/publico/.var/app/com.visualstudio.code/data/vscode/extensions/uqbar.wollok-lsp-ide-0.5.3/out/server/src/server.js:2393:4989)\n    at JF (/home/publico/.var/app/com.visualstudio.code/data/vscode/extensions/uqbar.wollok-lsp-ide-0.5.3/out/server/src/server.js:2393:7383)\n    at F3.invoke (/home/publico/.var/app/com.visualstudio.code/data/vscode/extensions/uqbar.wollok-lsp-ide-0.5.3/out/server/src/server.js:3:157334)\n    at o.fire (/home/publico/.var/app/com.visualstudio.code/data/vscode/extensions/uqbar.wollok-lsp-ide-0.5.3/out/server/src/server.js:3:158104)\n    at /home/publico/.var/app/com.visualstudio.code/data/vscode/extensions/uqbar.wollok-lsp-ide-0.5.3/out/server/src/server.js:37:57871\n    at Zr (/home/publico/.var/app/com.visualstudio.code/data/vscode/extensions/uqbar.wollok-lsp-ide-0.5.3/out/server/src/server.js:8:1561)","timestamp":"2025-10-22T15:18:59.569Z"}
{"level":"error","message":"✘ Failed to rebuild document Failed to parse src/gimnasia.wtest: \n-- PARSING FAILED --------------------------------------------------\n\n  107 | //\t}\n  108 | \t\n> 109 | }\n      | ^\n\nExpected one of the following: \n\n'@', 'class', 'const', 'describe', 'mixin', 'object', 'only', 'package', 'program', 'test', 'var', '{', EOF, comment, not \"}\", whitespace\n","stack":"Error: Failed to parse src/gimnasia.wtest: \n-- PARSING FAILED --------------------------------------------------\n\n  107 | //\t}\n  108 | \t\n> 109 | }\n      | ^\n\nExpected one of the following: \n\n'@', 'class', 'const', 'describe', 'mixin', 'object', 'only', 'package', 'program', 'test', 'var', '{', EOF, comment, not \"}\", whitespace\n\n    at /home/publico/.var/app/com.visualstudio.code/data/vscode/extensions/uqbar.wollok-lsp-ide-0.5.3/out/server/src/server.js:2348:13026\n    at Array.map (<anonymous>)\n    at W1n (/home/publico/.var/app/com.visualstudio.code/data/vscode/extensions/uqbar.wollok-lsp-ide-0.5.3/out/server/src/server.js:2348:12950)\n    at U2.buildEnvironmentFrom (/home/publico/.var/app/com.visualstudio.code/data/vscode/extensions/uqbar.wollok-lsp-ide-0.5.3/out/server/src/server.js:2393:5254)\n    at U2.updateEnvironmentWith (/home/publico/.var/app/com.visualstudio.code/data/vscode/extensions/uqbar.wollok-lsp-ide-0.5.3/out/server/src/server.js:2393:4989)\n    at JF (/home/publico/.var/app/com.visualstudio.code/data/vscode/extensions/uqbar.wollok-lsp-ide-0.5.3/out/server/src/server.js:2393:7383)\n    at F3.invoke (/home/publico/.var/app/com.visualstudio.code/data/vscode/extensions/uqbar.wollok-lsp-ide-0.5.3/out/server/src/server.js:3:157334)\n    at o.fire (/home/publico/.var/app/com.visualstudio.code/data/vscode/extensions/uqbar.wollok-lsp-ide-0.5.3/out/server/src/server.js:3:158104)\n    at /home/publico/.var/app/com.visualstudio.code/data/vscode/extensions/uqbar.wollok-lsp-ide-0.5.3/out/server/src/server.js:37:57871\n    at Zr (/home/publico/.var/app/com.visualstudio.code/data/vscode/extensions/uqbar.wollok-lsp-ide-0.5.3/out/server/src/server.js:8:1561)","timestamp":"2025-10-22T15:18:59.751Z"}
{"level":"error","message":"✘ Failed to rebuild document Failed to parse src/gimnasia.wtest: \n-- PARSING FAILED --------------------------------------------------\n\n  107 | //\t}\n  108 | \t\n> 109 | }\n      | ^\n\nExpected one of the following: \n\n'@', 'class', 'const', 'describe', 'mixin', 'object', 'only', 'package', 'program', 'test', 'var', '{', EOF, comment, not \"}\", whitespace\n","stack":"Error: Failed to parse src/gimnasia.wtest: \n-- PARSING FAILED --------------------------------------------------\n\n  107 | //\t}\n  108 | \t\n> 109 | }\n      | ^\n\nExpected one of the following: \n\n'@', 'class', 'const', 'describe', 'mixin', 'object', 'only', 'package', 'program', 'test', 'var', '{', EOF, comment, not \"}\", whitespace\n\n    at /home/publico/.var/app/com.visualstudio.code/data/vscode/extensions/uqbar.wollok-lsp-ide-0.5.3/out/server/src/server.js:2348:13026\n    at Array.map (<anonymous>)\n    at W1n (/home/publico/.var/app/com.visualstudio.code/data/vscode/extensions/uqbar.wollok-lsp-ide-0.5.3/out/server/src/server.js:2348:12950)\n    at U2.buildEnvironmentFrom (/home/publico/.var/app/com.visualstudio.code/data/vscode/extensions/uqbar.wollok-lsp-ide-0.5.3/out/server/src/server.js:2393:5254)\n    at U2.updateEnvironmentWith (/home/publico/.var/app/com.visualstudio.code/data/vscode/extensions/uqbar.wollok-lsp-ide-0.5.3/out/server/src/server.js:2393:4989)\n    at JF (/home/publico/.var/app/com.visualstudio.code/data/vscode/extensions/uqbar.wollok-lsp-ide-0.5.3/out/server/src/server.js:2393:7383)\n    at F3.invoke (/home/publico/.var/app/com.visualstudio.code/data/vscode/extensions/uqbar.wollok-lsp-ide-0.5.3/out/server/src/server.js:3:157334)\n    at o.fire (/home/publico/.var/app/com.visualstudio.code/data/vscode/extensions/uqbar.wollok-lsp-ide-0.5.3/out/server/src/server.js:3:158104)\n    at /home/publico/.var/app/com.visualstudio.code/data/vscode/extensions/uqbar.wollok-lsp-ide-0.5.3/out/server/src/server.js:37:57871\n    at Zr (/home/publico/.var/app/com.visualstudio.code/data/vscode/extensions/uqbar.wollok-lsp-ide-0.5.3/out/server/src/server.js:8:1561)","timestamp":"2025-10-22T15:19:00.009Z"}
{"level":"error","message":"✘ Failed to rebuild document Failed to parse src/gimnasia.wtest: \n-- PARSING FAILED --------------------------------------------------\n\n  107 | //\t}\n  108 | \t\n> 109 | }\n      | ^\n\nExpected one of the following: \n\n'@', 'class', 'const', 'describe', 'mixin', 'object', 'only', 'package', 'program', 'test', 'var', '{', EOF, comment, not \"}\", whitespace\n","stack":"Error: Failed to parse src/gimnasia.wtest: \n-- PARSING FAILED --------------------------------------------------\n\n  107 | //\t}\n  108 | \t\n> 109 | }\n      | ^\n\nExpected one of the following: \n\n'@', 'class', 'const', 'describe', 'mixin', 'object', 'only', 'package', 'program', 'test', 'var', '{', EOF, comment, not \"}\", whitespace\n\n    at /home/publico/.var/app/com.visualstudio.code/data/vscode/extensions/uqbar.wollok-lsp-ide-0.5.3/out/server/src/server.js:2348:13026\n    at Array.map (<anonymous>)\n    at W1n (/home/publico/.var/app/com.visualstudio.code/data/vscode/extensions/uqbar.wollok-lsp-ide-0.5.3/out/server/src/server.js:2348:12950)\n    at U2.buildEnvironmentFrom (/home/publico/.var/app/com.visualstudio.code/data/vscode/extensions/uqbar.wollok-lsp-ide-0.5.3/out/server/src/server.js:2393:5254)\n    at U2.updateEnvironmentWith (/home/publico/.var/app/com.visualstudio.code/data/vscode/extensions/uqbar.wollok-lsp-ide-0.5.3/out/server/src/server.js:2393:4989)\n    at JF (/home/publico/.var/app/com.visualstudio.code/data/vscode/extensions/uqbar.wollok-lsp-ide-0.5.3/out/server/src/server.js:2393:7383)\n    at F3.invoke (/home/publico/.var/app/com.visualstudio.code/data/vscode/extensions/uqbar.wollok-lsp-ide-0.5.3/out/server/src/server.js:3:157334)\n    at o.fire (/home/publico/.var/app/com.visualstudio.code/data/vscode/extensions/uqbar.wollok-lsp-ide-0.5.3/out/server/src/server.js:3:158104)\n    at /home/publico/.var/app/com.visualstudio.code/data/vscode/extensions/uqbar.wollok-lsp-ide-0.5.3/out/server/src/server.js:37:57871\n    at Zr (/home/publico/.var/app/com.visualstudio.code/data/vscode/extensions/uqbar.wollok-lsp-ide-0.5.3/out/server/src/server.js:8:1561)","timestamp":"2025-10-22T15:19:00.176Z"}
{"level":"error","message":"✘ Failed to rebuild document Failed to parse src/gimnasia.wtest: \n-- PARSING FAILED --------------------------------------------------\n\n  107 | //\t}\n  108 | \t\n> 109 | }\n      | ^\n\nExpected one of the following: \n\n'@', 'class', 'const', 'describe', 'mixin', 'object', 'only', 'package', 'program', 'test', 'var', '{', EOF, comment, not \"}\", whitespace\n","stack":"Error: Failed to parse src/gimnasia.wtest: \n-- PARSING FAILED --------------------------------------------------\n\n  107 | //\t}\n  108 | \t\n> 109 | }\n      | ^\n\nExpected one of the following: \n\n'@', 'class', 'const', 'describe', 'mixin', 'object', 'only', 'package', 'program', 'test', 'var', '{', EOF, comment, not \"}\", whitespace\n\n    at /home/publico/.var/app/com.visualstudio.code/data/vscode/extensions/uqbar.wollok-lsp-ide-0.5.3/out/server/src/server.js:2348:13026\n    at Array.map (<anonymous>)\n    at W1n (/home/publico/.var/app/com.visualstudio.code/data/vscode/extensions/uqbar.wollok-lsp-ide-0.5.3/out/server/src/server.js:2348:12950)\n    at U2.buildEnvironmentFrom (/home/publico/.var/app/com.visualstudio.code/data/vscode/extensions/uqbar.wollok-lsp-ide-0.5.3/out/server/src/server.js:2393:5254)\n    at U2.updateEnvironmentWith (/home/publico/.var/app/com.visualstudio.code/data/vscode/extensions/uqbar.wollok-lsp-ide-0.5.3/out/server/src/server.js:2393:4989)\n    at JF (/home/publico/.var/app/com.visualstudio.code/data/vscode/extensions/uqbar.wollok-lsp-ide-0.5.3/out/server/src/server.js:2393:7383)\n    at F3.invoke (/home/publico/.var/app/com.visualstudio.code/data/vscode/extensions/uqbar.wollok-lsp-ide-0.5.3/out/server/src/server.js:3:157334)\n    at o.fire (/home/publico/.var/app/com.visualstudio.code/data/vscode/extensions/uqbar.wollok-lsp-ide-0.5.3/out/server/src/server.js:3:158104)\n    at /home/publico/.var/app/com.visualstudio.code/data/vscode/extensions/uqbar.wollok-lsp-ide-0.5.3/out/server/src/server.js:37:57871\n    at Zr (/home/publico/.var/app/com.visualstudio.code/data/vscode/extensions/uqbar.wollok-lsp-ide-0.5.3/out/server/src/server.js:8:1561)","timestamp":"2025-10-22T15:19:00.343Z"}
{"level":"error","message":"✘ Failed to rebuild document Failed to parse src/gimnasia.wtest: \n-- PARSING FAILED --------------------------------------------------\n\n  107 | //\t}\n  108 | \t\n> 109 | }\n      | ^\n\nExpected one of the following: \n\n'@', 'class', 'const', 'describe', 'mixin', 'object', 'only', 'package', 'program', 'test', 'var', '{', EOF, comment, not \"}\", whitespace\n","stack":"Error: Failed to parse src/gimnasia.wtest: \n-- PARSING FAILED --------------------------------------------------\n\n  107 | //\t}\n  108 | \t\n> 109 | }\n      | ^\n\nExpected one of the following: \n\n'@', 'class', 'const', 'describe', 'mixin', 'object', 'only', 'package', 'program', 'test', 'var', '{', EOF, comment, not \"}\", whitespace\n\n    at /home/publico/.var/app/com.visualstudio.code/data/vscode/extensions/uqbar.wollok-lsp-ide-0.5.3/out/server/src/server.js:2348:13026\n    at Array.map (<anonymous>)\n    at W1n (/home/publico/.var/app/com.visualstudio.code/data/vscode/extensions/uqbar.wollok-lsp-ide-0.5.3/out/server/src/server.js:2348:12950)\n    at U2.buildEnvironmentFrom (/home/publico/.var/app/com.visualstudio.code/data/vscode/extensions/uqbar.wollok-lsp-ide-0.5.3/out/server/src/server.js:2393:5254)\n    at U2.updateEnvironmentWith (/home/publico/.var/app/com.visualstudio.code/data/vscode/extensions/uqbar.wollok-lsp-ide-0.5.3/out/server/src/server.js:2393:4989)\n    at JF (/home/publico/.var/app/com.visualstudio.code/data/vscode/extensions/uqbar.wollok-lsp-ide-0.5.3/out/server/src/server.js:2393:7383)\n    at F3.invoke (/home/publico/.var/app/com.visualstudio.code/data/vscode/extensions/uqbar.wollok-lsp-ide-0.5.3/out/server/src/server.js:3:157334)\n    at o.fire (/home/publico/.var/app/com.visualstudio.code/data/vscode/extensions/uqbar.wollok-lsp-ide-0.5.3/out/server/src/server.js:3:158104)\n    at /home/publico/.var/app/com.visualstudio.code/data/vscode/extensions/uqbar.wollok-lsp-ide-0.5.3/out/server/src/server.js:37:57871\n    at Zr (/home/publico/.var/app/com.visualstudio.code/data/vscode/extensions/uqbar.wollok-lsp-ide-0.5.3/out/server/src/server.js:8:1561)","timestamp":"2025-10-22T15:19:00.455Z"}
{"level":"error","message":"✘ Failed to rebuild document Failed to parse src/gimnasia.wtest: \n-- PARSING FAILED --------------------------------------------------\n\n  107 | //\t}\n  108 | \t\n> 109 | }\n      | ^\n\nExpected one of the following: \n\n'@', 'class', 'const', 'describe', 'mixin', 'object', 'only', 'package', 'program', 'test', 'var', '{', EOF, comment, not \"}\", whitespace\n","stack":"Error: Failed to parse src/gimnasia.wtest: \n-- PARSING FAILED --------------------------------------------------\n\n  107 | //\t}\n  108 | \t\n> 109 | }\n      | ^\n\nExpected one of the following: \n\n'@', 'class', 'const', 'describe', 'mixin', 'object', 'only', 'package', 'program', 'test', 'var', '{', EOF, comment, not \"}\", whitespace\n\n    at /home/publico/.var/app/com.visualstudio.code/data/vscode/extensions/uqbar.wollok-lsp-ide-0.5.3/out/server/src/server.js:2348:13026\n    at Array.map (<anonymous>)\n    at W1n (/home/publico/.var/app/com.visualstudio.code/data/vscode/extensions/uqbar.wollok-lsp-ide-0.5.3/out/server/src/server.js:2348:12950)\n    at U2.buildEnvironmentFrom (/home/publico/.var/app/com.visualstudio.code/data/vscode/extensions/uqbar.wollok-lsp-ide-0.5.3/out/server/src/server.js:2393:5254)\n    at U2.updateEnvironmentWith (/home/publico/.var/app/com.visualstudio.code/data/vscode/extensions/uqbar.wollok-lsp-ide-0.5.3/out/server/src/server.js:2393:4989)\n    at JF (/home/publico/.var/app/com.visualstudio.code/data/vscode/extensions/uqbar.wollok-lsp-ide-0.5.3/out/server/src/server.js:2393:7383)\n    at F3.invoke (/home/publico/.var/app/com.visualstudio.code/data/vscode/extensions/uqbar.wollok-lsp-ide-0.5.3/out/server/src/server.js:3:157334)\n    at o.fire (/home/publico/.var/app/com.visualstudio.code/data/vscode/extensions/uqbar.wollok-lsp-ide-0.5.3/out/server/src/server.js:3:158104)\n    at /home/publico/.var/app/com.visualstudio.code/data/vscode/extensions/uqbar.wollok-lsp-ide-0.5.3/out/server/src/server.js:37:57871\n    at Zr (/home/publico/.var/app/com.visualstudio.code/data/vscode/extensions/uqbar.wollok-lsp-ide-0.5.3/out/server/src/server.js:8:1561)","timestamp":"2025-10-22T15:19:00.596Z"}
{"level":"error","message":"✘ Failed to rebuild document Failed to parse src/gimnasia.wtest: \n-- PARSING FAILED --------------------------------------------------\n\n  107 | //\t}\n  108 | \t\n> 109 | }\n      | ^\n\nExpected one of the following: \n\n'@', 'class', 'const', 'describe', 'mixin', 'object', 'only', 'package', 'program', 'test', 'var', '{', EOF, comment, not \"}\", whitespace\n","stack":"Error: Failed to parse src/gimnasia.wtest: \n-- PARSING FAILED --------------------------------------------------\n\n  107 | //\t}\n  108 | \t\n> 109 | }\n      | ^\n\nExpected one of the following: \n\n'@', 'class', 'const', 'describe', 'mixin', 'object', 'only', 'package', 'program', 'test', 'var', '{', EOF, comment, not \"}\", whitespace\n\n    at /home/publico/.var/app/com.visualstudio.code/data/vscode/extensions/uqbar.wollok-lsp-ide-0.5.3/out/server/src/server.js:2348:13026\n    at Array.map (<anonymous>)\n    at W1n (/home/publico/.var/app/com.visualstudio.code/data/vscode/extensions/uqbar.wollok-lsp-ide-0.5.3/out/server/src/server.js:2348:12950)\n    at U2.buildEnvironmentFrom (/home/publico/.var/app/com.visualstudio.code/data/vscode/extensions/uqbar.wollok-lsp-ide-0.5.3/out/server/src/server.js:2393:5254)\n    at U2.updateEnvironmentWith (/home/publico/.var/app/com.visualstudio.code/data/vscode/extensions/uqbar.wollok-lsp-ide-0.5.3/out/server/src/server.js:2393:4989)\n    at JF (/home/publico/.var/app/com.visualstudio.code/data/vscode/extensions/uqbar.wollok-lsp-ide-0.5.3/out/server/src/server.js:2393:7383)\n    at F3.invoke (/home/publico/.var/app/com.visualstudio.code/data/vscode/extensions/uqbar.wollok-lsp-ide-0.5.3/out/server/src/server.js:3:157334)\n    at o.fire (/home/publico/.var/app/com.visualstudio.code/data/vscode/extensions/uqbar.wollok-lsp-ide-0.5.3/out/server/src/server.js:3:158104)\n    at /home/publico/.var/app/com.visualstudio.code/data/vscode/extensions/uqbar.wollok-lsp-ide-0.5.3/out/server/src/server.js:37:57871\n    at Zr (/home/publico/.var/app/com.visualstudio.code/data/vscode/extensions/uqbar.wollok-lsp-ide-0.5.3/out/server/src/server.js:8:1561)","timestamp":"2025-10-22T15:19:00.722Z"}
{"level":"error","message":"✘ Failed to rebuild document Failed to parse src/gimnasia.wtest: \n-- PARSING FAILED --------------------------------------------------\n\n  107 | //\t}\n  108 | \t\n> 109 | }\n      | ^\n\nExpected one of the following: \n\n'@', 'class', 'const', 'describe', 'mixin', 'object', 'only', 'package', 'program', 'test', 'var', '{', EOF, comment, not \"}\", whitespace\n","stack":"Error: Failed to parse src/gimnasia.wtest: \n-- PARSING FAILED --------------------------------------------------\n\n  107 | //\t}\n  108 | \t\n> 109 | }\n      | ^\n\nExpected one of the following: \n\n'@', 'class', 'const', 'describe', 'mixin', 'object', 'only', 'package', 'program', 'test', 'var', '{', EOF, comment, not \"}\", whitespace\n\n    at /home/publico/.var/app/com.visualstudio.code/data/vscode/extensions/uqbar.wollok-lsp-ide-0.5.3/out/server/src/server.js:2348:13026\n    at Array.map (<anonymous>)\n    at W1n (/home/publico/.var/app/com.visualstudio.code/data/vscode/extensions/uqbar.wollok-lsp-ide-0.5.3/out/server/src/server.js:2348:12950)\n    at U2.buildEnvironmentFrom (/home/publico/.var/app/com.visualstudio.code/data/vscode/extensions/uqbar.wollok-lsp-ide-0.5.3/out/server/src/server.js:2393:5254)\n    at U2.updateEnvironmentWith (/home/publico/.var/app/com.visualstudio.code/data/vscode/extensions/uqbar.wollok-lsp-ide-0.5.3/out/server/src/server.js:2393:4989)\n    at JF (/home/publico/.var/app/com.visualstudio.code/data/vscode/extensions/uqbar.wollok-lsp-ide-0.5.3/out/server/src/server.js:2393:7383)\n    at F3.invoke (/home/publico/.var/app/com.visualstudio.code/data/vscode/extensions/uqbar.wollok-lsp-ide-0.5.3/out/server/src/server.js:3:157334)\n    at o.fire (/home/publico/.var/app/com.visualstudio.code/data/vscode/extensions/uqbar.wollok-lsp-ide-0.5.3/out/server/src/server.js:3:158104)\n    at /home/publico/.var/app/com.visualstudio.code/data/vscode/extensions/uqbar.wollok-lsp-ide-0.5.3/out/server/src/server.js:37:57871\n    at Zr (/home/publico/.var/app/com.visualstudio.code/data/vscode/extensions/uqbar.wollok-lsp-ide-0.5.3/out/server/src/server.js:8:1561)","timestamp":"2025-10-22T15:19:00.851Z"}
{"level":"error","message":"✘ Failed to rebuild document Failed to parse src/gimnasia.wtest: \n-- PARSING FAILED --------------------------------------------------\n\n  107 | //\t}\n  108 | \t\n> 109 | }\n      | ^\n\nExpected one of the following: \n\n'@', 'class', 'const', 'describe', 'mixin', 'object', 'only', 'package', 'program', 'test', 'var', '{', EOF, comment, not \"}\", whitespace\n","stack":"Error: Failed to parse src/gimnasia.wtest: \n-- PARSING FAILED --------------------------------------------------\n\n  107 | //\t}\n  108 | \t\n> 109 | }\n      | ^\n\nExpected one of the following: \n\n'@', 'class', 'const', 'describe', 'mixin', 'object', 'only', 'package', 'program', 'test', 'var', '{', EOF, comment, not \"}\", whitespace\n\n    at /home/publico/.var/app/com.visualstudio.code/data/vscode/extensions/uqbar.wollok-lsp-ide-0.5.3/out/server/src/server.js:2348:13026\n    at Array.map (<anonymous>)\n    at W1n (/home/publico/.var/app/com.visualstudio.code/data/vscode/extensions/uqbar.wollok-lsp-ide-0.5.3/out/server/src/server.js:2348:12950)\n    at U2.buildEnvironmentFrom (/home/publico/.var/app/com.visualstudio.code/data/vscode/extensions/uqbar.wollok-lsp-ide-0.5.3/out/server/src/server.js:2393:5254)\n    at U2.updateEnvironmentWith (/home/publico/.var/app/com.visualstudio.code/data/vscode/extensions/uqbar.wollok-lsp-ide-0.5.3/out/server/src/server.js:2393:4989)\n    at JF (/home/publico/.var/app/com.visualstudio.code/data/vscode/extensions/uqbar.wollok-lsp-ide-0.5.3/out/server/src/server.js:2393:7383)\n    at F3.invoke (/home/publico/.var/app/com.visualstudio.code/data/vscode/extensions/uqbar.wollok-lsp-ide-0.5.3/out/server/src/server.js:3:157334)\n    at o.fire (/home/publico/.var/app/com.visualstudio.code/data/vscode/extensions/uqbar.wollok-lsp-ide-0.5.3/out/server/src/server.js:3:158104)\n    at /home/publico/.var/app/com.visualstudio.code/data/vscode/extensions/uqbar.wollok-lsp-ide-0.5.3/out/server/src/server.js:37:57871\n    at Zr (/home/publico/.var/app/com.visualstudio.code/data/vscode/extensions/uqbar.wollok-lsp-ide-0.5.3/out/server/src/server.js:8:1561)","timestamp":"2025-10-22T15:19:00.981Z"}
{"level":"error","message":"✘ Failed to rebuild document Failed to parse src/gimnasia.wtest: \n-- PARSING FAILED --------------------------------------------------\n\n  107 | //\t}\n  108 | \t\n> 109 | }\n      | ^\n\nExpected one of the following: \n\n'@', 'class', 'const', 'describe', 'mixin', 'object', 'only', 'package', 'program', 'test', 'var', '{', EOF, comment, not \"}\", whitespace\n","stack":"Error: Failed to parse src/gimnasia.wtest: \n-- PARSING FAILED --------------------------------------------------\n\n  107 | //\t}\n  108 | \t\n> 109 | }\n      | ^\n\nExpected one of the following: \n\n'@', 'class', 'const', 'describe', 'mixin', 'object', 'only', 'package', 'program', 'test', 'var', '{', EOF, comment, not \"}\", whitespace\n\n    at /home/publico/.var/app/com.visualstudio.code/data/vscode/extensions/uqbar.wollok-lsp-ide-0.5.3/out/server/src/server.js:2348:13026\n    at Array.map (<anonymous>)\n    at W1n (/home/publico/.var/app/com.visualstudio.code/data/vscode/extensions/uqbar.wollok-lsp-ide-0.5.3/out/server/src/server.js:2348:12950)\n    at U2.buildEnvironmentFrom (/home/publico/.var/app/com.visualstudio.code/data/vscode/extensions/uqbar.wollok-lsp-ide-0.5.3/out/server/src/server.js:2393:5254)\n    at U2.updateEnvironmentWith (/home/publico/.var/app/com.visualstudio.code/data/vscode/extensions/uqbar.wollok-lsp-ide-0.5.3/out/server/src/server.js:2393:4989)\n    at JF (/home/publico/.var/app/com.visualstudio.code/data/vscode/extensions/uqbar.wollok-lsp-ide-0.5.3/out/server/src/server.js:2393:7383)\n    at F3.invoke (/home/publico/.var/app/com.visualstudio.code/data/vscode/extensions/uqbar.wollok-lsp-ide-0.5.3/out/server/src/server.js:3:157334)\n    at o.fire (/home/publico/.var/app/com.visualstudio.code/data/vscode/extensions/uqbar.wollok-lsp-ide-0.5.3/out/server/src/server.js:3:158104)\n    at /home/publico/.var/app/com.visualstudio.code/data/vscode/extensions/uqbar.wollok-lsp-ide-0.5.3/out/server/src/server.js:37:57871\n    at Zr (/home/publico/.var/app/com.visualstudio.code/data/vscode/extensions/uqbar.wollok-lsp-ide-0.5.3/out/server/src/server.js:8:1561)","timestamp":"2025-10-22T15:19:01.850Z"}
{"level":"error","message":"✘ Failed to get type description: Error: Failed to print, found malformed node Failed to print, found malformed node","node":{"id":"e03af5d6-57d1-47e7-987e-80309b5c5189","members":[{"id":"91a66e5a-0b1c-4d12-b164-15bd3bce0fe3","isConstant":true,"isProperty":false,"metadata":[{"args":{"position":"start","text":"// Punto 1: rutinas"},"name":"comment"}],"name":"correrEnLaPlaya","scope":{"containerScope":{"containerScope":{"containerScope":{"containerScope":{"contributions":{},"includedScopes":[]},"contributions":{},"includedScopes":[]},"contributions":{},"includedScopes":[{"contributions":{},"includedScopes":[]},{"contributions":{},"includedScopes":[]}]},"contributions":{},"includedScopes":[{"containerScope":{"containerScope":{"containerScope":{"contributions":{},"includedScopes":[]},"contributions":{},"includedScopes":[]},"contributions":{},"includedScopes":[]},"contributions":{},"includedScopes":[]}]},"contributions":{},"includedScopes":[]},"sourceMap":{"end":{"column":61,"line":7,"offset":138},"start":{"column":4,"line":7,"offset":81}},"value":{"args":[{"id":"b459e75a-45a7-4ad8-adf3-867cba8a14b5","metadata":[],"name":"intensidad","scope":{"containerScope":{"containerScope":{"containerScope":{"containerScope":{"containerScope":{"containerScope":{"contributions":{},"includedScopes":[]},"contributions":{},"includedScopes":[]},"contributions":{},"includedScopes":[{"contributions":{},"includedScopes":[]},{"contributions":{},"includedScopes":[]}]},"contributions":{},"includedScopes":[{"containerScope":{"containerScope":{"containerScope":{"contributions":{},"includedScopes":[]},"contributions":{},"includedScopes":[]},"contributions":{},"includedScopes":[]},"contributions":{},"includedScopes":[]}]},"contributions":{},"includedScopes":[]},"contributions":{},"includedScopes":[]},"contributions":{},"includedScopes":[]},"sourceMap":{"end":{"column":60,"line":7,"offset":137},"start":{"column":44,"line":7,"offset":121}},"value":{"id":"45e8723d-b495-4ee5-80c0-e76dce2455d7","metadata":[],"scope":{"containerScope":{"containerScope":{"containerScope":{"containerScope":{"containerScope":{"containerScope":{"containerScope":{"contributions":{},"includedScopes":[]},"contributions":{},"includedScopes":[]},"contributions":{},"includedScopes":[{"contributions":{},"includedScopes":[]},{"contributions":{},"includedScopes":[]}]},"contributions":{},"includedScopes":[{"containerScope":{"containerScope":{"containerScope":{"contributions":{},"includedScopes":[]},"contributions":{},"includedScopes":[]},"contributions":{},"includedScopes":[]},"contributions":{},"includedScopes":[]}]},"contributions":{},"includedScopes":[]},"contributions":{},"includedScopes":[]},"contributions":{},"includedScopes":[]},"contributions":{},"includedScopes":[]},"sourceMap":{"end":{"column":60,"line":7,"offset":137},"start":{"column":57,"line":7,"offset":134}},"value":1.2}}],"id":"c40640e9-5341-4764-a4a1-12bfd6ef7702","instantiated":{"id":"17b80462-252c-4af4-b02e-3995852615c9","metadata":[],"name":"Running","scope":{"containerScope":{"containerScope":{"containerScope":{"containerScope":{"containerScope":{"containerScope":{"contributions":{},"includedScopes":[]},"contributions":{},"includedScopes":[]},"contributions":{},"includedScopes":[{"contributions":{},"includedScopes":[]},{"contributions":{},"includedScopes":[]}]},"contributions":{},"includedScopes":[{"containerScope":{"containerScope":{"containerScope":{"contributions":{},"includedScopes":[]},"contributions":{},"includedScopes":[]},"contributions":{},"includedScopes":[]},"contributions":{},"includedScopes":[]}]},"contributions":{},"includedScopes":[]},"contributions":{},"includedScopes":[]},"contributions":{},"includedScopes":[]},"sourceMap":{"end":{"column":43,"line":7,"offset":120},"start":{"column":36,"line":7,"offset":113}}},"metadata":[],"scope":{"containerScope":{"containerScope":{"containerScope":{"containerScope":{"containerScope":{"contributions":{},"includedScopes":[]},"contributions":{},"includedScopes":[]},"contributions":{},"includedScopes":[{"contributions":{},"includedScopes":[]},{"contributions":{},"includedScopes":[]}]},"contributions":{},"includedScopes":[{"containerScope":{"containerScope":{"containerScope":{"contributions":{},"includedScopes":[]},"contributions":{},"includedScopes":[]},"contributions":{},"includedScopes":[]},"contributions":{},"includedScopes":[]}]},"contributions":{},"includedScopes":[]},"contributions":{},"includedScopes":[]},"sourceMap":{"end":{"column":61,"line":7,"offset":138},"start":{"column":32,"line":7,"offset":109}}}},{"id":"b348cb9d-2af1-4d3b-9579-6f5f2986f0d1","isConstant":true,"isProperty":false,"metadata":[],"name":"maratonBA","scope":{"containerScope":{"containerScope":{"containerScope":{"containerScope":{"contributions":{},"includedScopes":[]},"contributions":{},"includedScopes":[]},"contributions":{},"includedScopes":[{"contributions":{},"includedScopes":[]},{"contributions":{},"includedScopes":[]}]},"contributions":{},"includedScopes":[{"containerScope":{"containerScope":{"containerScope":{"contributions":{},"includedScopes":[]},"contributions":{},"includedScopes":[]},"contributions":{},"includedScopes":[]},"contributions":{},"includedScopes":[]}]},"contributions":{},"includedScopes":[]},"sourceMap":{"end":{"column":57,"line":8,"offset":195},"start":{"column":2,"line":8,"offset":140}},"value":{"args":[{"id":"5525c8ef-a619-4665-bb13-644d17a7be57","metadata":[],"name":"intensidad","scope":{"containerScope":{"containerScope":{"containerScope":{"containerScope":{"containerScope":{"containerScope":{"contributions":{},"includedScopes":[]},"contributions":{},"includedScopes":[]},"contributions":{},"includedScopes":[{"contributions":{},"includedScopes":[]},{"contributions":{},"includedScopes":[]}]},"contributions":{},"includedScopes":[{"containerScope":{"containerScope":{"containerScope":{"contributions":{},"includedScopes":[]},"contributions":{},"includedScopes":[]},"contributions":{},"includedScopes":[]},"contributions":{},"includedScopes":[]}]},"contributions":{},"includedScopes":[]},"contributions":{},"includedScopes":[]},"contributions":{},"includedScopes":[]},"sourceMap":{"end":{"column":56,"line":8,"offset":194},"start":{"column":40,"line":8,"offset":178}},"value":{"id":"e81289f9-9b17-41c9-b880-49e36cecdfb5","metadata":[],"scope":{"containerScope":{"containerScope":{"containerScope":{"containerScope":{"containerScope":{"containerScope":{"containerScope":{"contributions":{},"includedScopes":[]},"contributions":{},"includedScopes":[]},"contributions":{},"includedScopes":[{"contributions":{},"includedScopes":[]},{"contributions":{},"includedScopes":[]}]},"contributions":{},"includedScopes":[{"containerScope":{"containerScope":{"containerScope":{"contributions":{},"includedScopes":[]},"contributions":{},"includedScopes":[]},"contributions":{},"includedScopes":[]},"contributions":{},"includedScopes":[]}]},"contributions":{},"includedScopes":[]},"contributions":{},"includedScopes":[]},"contributions":{},"includedScopes":[]},"contributions":{},"includedScopes":[]},"sourceMap":{"end":{"column":56,"line":8,"offset":194},"start":{"column":53,"line":8,"offset":191}},"value":1.5}}],"id":"39e16b03-d2ce-42e6-bf87-df29decee9ad","instantiated":{"id":"fa5ae931-688e-422b-b344-0c03cf00f14a","metadata":[],"name":"Maraton","scope":{"containerScope":{"containerScope":{"containerScope":{"containerScope":{"containerScope":{"containerScope":{"contributions":{},"includedScopes":[]},"contributions":{},"includedScopes":[]},"contributions":{},"includedScopes":[{"contributions":{},"includedScopes":[]},{"contributions":{},"includedScopes":[]}]},"contributions":{},"includedScopes":[{"containerScope":{"containerScope":{"containerScope":{"contributions":{},"includedScopes":[]},"contributions":{},"includedScopes":[]},"contributions":{},"includedScopes":[]},"contributions":{},"includedScopes":[]}]},"contributions":{},"includedScopes":[]},"contributions":{},"includedScopes":[]},"contributions":{},"includedScopes":[]},"sourceMap":{"end":{"column":39,"line":8,"offset":177},"start":{"column":32,"line":8,"offset":170}}},"metadata":[],"scope":{"containerScope":{"containerScope":{"containerScope":{"containerScope":{"containerScope":{"contributions":{},"includedScopes":[]},"contributions":{},"includedScopes":[]},"contributions":{},"includedScopes":[{"contributions":{},"includedScopes":[]},{"contributions":{},"includedScopes":[]}]},"contributions":{},"includedScopes":[{"containerScope":{"containerScope":{"containerScope":{"contributions":{},"includedScopes":[]},"contributions":{},"includedScopes":[]},"contributions":{},"includedScopes":[]},"contributions":{},"includedScopes":[]}]},"contributions":{},"includedScopes":[]},"contributions":{},"includedScopes":[]},"sourceMap":{"end":{"column":57,"line":8,"offset":195},"start":{"column":28,"line":8,"offset":166}}}},{"id":"4d3e2069-817a-474a-af38-b463904fe656","isConstant":true,"isProperty":false,"metadata":[],"name":"remarEnElDelta","scope":{"containerScope":{"containerScope":{"containerScope":{"containerScope":{"contributions":{},"includedScopes":[]},"contributions":{},"includedScopes":[]},"contributions":{},"includedScopes":[{"contributions":{},"includedScopes":[]},{"contributions":{},"includedScopes":[]}]},"contributions":{},"includedScopes":[{"containerScope":{"containerScope":{"containerScope":{"contributions":{},"includedScopes":[]},"contributions":{},"includedScopes":[]},"contributions":{},"includedScopes":[]},"contributions":{},"includedScopes":[]}]},"contributions":{},"includedScopes":[]},"sourceMap":{"end":{"column":41,"line":9,"offset":236},"start":{"column":2,"line":9,"offset":197}},"value":{"args":[],"id":"9e4bbe4b-a7cc-4fa6-b4c5-7507c8c78b2d","instantiated":{"id":"9dc5ed39-9574-44c0-8972-fa4490075b7f","metadata":[],"name":"Remo","scope":{"containerScope":{"containerScope":{"containerScope":{"containerScope":{"containerScope":{"containerScope":{"contributions":{},"includedScopes":[]},"contributions":{},"includedScopes":[]},"contributions":{},"includedScopes":[{"contributions":{},"includedScopes":[]},{"contributions":{},"includedScopes":[]}]},"contributions":{},"includedScopes":[{"containerScope":{"containerScope":{"containerScope":{"contributions":{},"includedScopes":[]},"contributions":{},"includedScopes":[]},"contributions":{},"includedScopes":[]},"contributions":{},"includedScopes":[]}]},"contributions":{},"includedScopes":[]},"contributions":{},"includedScopes":[]},"contributions":{},"includedScopes":[]},"sourceMap":{"end":{"column":39,"line":9,"offset":234},"start":{"column":35,"line":9,"offset":230}}},"metadata":[],"scope":{"containerScope":{"containerScope":{"containerScope":{"containerScope":{"containerScope":{"contributions":{},"includedScopes":[]},"contributions":{},"includedScopes":[]},"contributions":{},"includedScopes":[{"contributions":{},"includedScopes":[]},{"contributions":{},"includedScopes":[]}]},"contributions":{},"includedScopes":[{"containerScope":{"containerScope":{"containerScope":{"contributions":{},"includedScopes":[]},"contributions":{},"includedScopes":[]},"contributions":{},"includedScopes":[]},"contributions":{},"includedScopes":[]}]},"contributions":{},"includedScopes":[]},"contributions":{},"includedScopes":[]},"sourceMap":{"end":{"column":41,"line":9,"offset":236},"start":{"column":31,"line":9,"offset":226}}}},{"id":"04899661-0d6a-4e5f-92bf-5ac2c8dd093e","isConstant":true,"isProperty":false,"metadata":[],"name":"remarEnCaminoRemeros","scope":{"containerScope":{"containerScope":{"containerScope":{"containerScope":{"contributions":{},"includedScopes":[]},"contributions":{},"includedScopes":[]},"contributions":{},"includedScopes":[{"contributions":{},"includedScopes":[]},{"contributions":{},"includedScopes":[]}]},"contributions":{},"includedScopes":[{"containerScope":{"containerScope":{"containerScope":{"contributions":{},"includedScopes":[]},"contributions":{},"includedScopes":[]},"contributions":{},"includedScopes":[]},"contributions":{},"includedScopes":[]}]},"contributions":{},"includedScopes":[]},"sourceMap":{"end":{"column":54,"line":10,"offset":290},"start":{"column":2,"line":10,"offset":238}},"value":{"args":[],"id":"8676e7a3-533a-4b84-9dfa-61b45fd599ee","instantiated":{"id":"9e657700-371e-4d6d-9c5c-7e3cacae059d","metadata":[],"name":"RemoDeCompeticion","scope":{"containerScope":{"containerScope":{"containerScope":{"containerScope":{"containerScope":{"containerScope":{"contributions":{},"includedScopes":[]},"contributions":{},"includedScopes":[]},"contributions":{},"includedScopes":[{"contributions":{},"includedScopes":[]},{"contributions":{},"includedScopes":[]}]},"contributions":{},"includedScopes":[{"containerScope":{"containerScope":{"containerScope":{"contributions":{},"includedScopes":[]},"contributions":{},"includedScopes":[]},"contributions":{},"includedScopes":[]},"contributions":{},"includedScopes":[]}]},"contributions":{},"includedScopes":[]},"contributions":{},"includedScopes":[]},"contributions":{},"includedScopes":[]},"sourceMap":{"end":{"column":52,"line":10,"offset":288},"start":{"column":35,"line":10,"offset":271}}},"metadata":[],"scope":{"containerScope":{"containerScope":{"containerScope":{"containerScope":{"containerScope":{"contributions":{},"includedScopes":[]},"contributions":{},"includedScopes":[]},"contributions":{},"includedScopes":[{"contributions":{},"includedScopes":[]},{"contributions":{},"includedScopes":[]}]},"contributions":{},"includedScopes":[{"containerScope":{"containerScope":{"containerScope":{"contributions":{},"includedScopes":[]},"contributions":{},"includedScopes":[]},"contributions":{},"includedScopes":[]},"contributions":{},"includedScopes":[]}]},"contributions":{},"includedScopes":[]},"contributions":{},"includedScopes":[]},"sourceMap":{"end":{"column":54,"line":10,"offset":290},"start":{"column":31,"line":10,"offset":267}}}},{"id":"d80330c5-7109-49e7-a4e3-b48dfea6ef81","isConstant":true,"isProperty":false,"metadata":[{"args":{"position":"start","text":"//Punto 2: personas"},"name":"comment"}],"name":"calamardo","scope":{"containerScope":{"containerScope":{"containerScope":{"containerScope":{"contributions":{},"includedScopes":[]},"contributions":{},"includedScopes":[]},"contributions":{},"includedScopes":[{"contributions":{},"includedScopes":[]},{"contributions":{},"includedScopes":[]}]},"contributions":{},"includedScopes":[{"containerScope":{"containerScope":{"containerScope":{"contributions":{},"includedScopes":[]},"contributions":{},"includedScopes":[]},"contributions":{},"includedScopes":[]},"contributions":{},"includedScopes":[]}]},"contributions":{},"includedScopes":[]},"sourceMap":{"end":{"column":8,"line":14,"offset":399},"start":{"column":2,"line":13,"offset":313}},"value":{"id":"efe2504c-4c7c-400f-97b3-9b360ffb68e1","metadata":[{"args":{"position":"start","text":"//Una persona Sedentaria con peso 60 y tiempo de ejercicio 5"},"name":"comment"}],"name":"const","scope":{"containerScope":{"containerScope":{"containerScope":{"containerScope":{"containerScope":{"contributions":{},"includedScopes":[]},"contributions":{},"includedScopes":[]},"contributions":{},"includedScopes":[{"contributions":{},"includedScopes":[]},{"contributions":{},"includedScopes":[]}]},"contributions":{},"includedScopes":[{"containerScope":{"containerScope":{"containerScope":{"contributions":{},"includedScopes":[]},"contributions":{},"includedScopes":[]},"contributions":{},"includedScopes":[]},"contributions":{},"includedScopes":[]}]},"contributions":{},"includedScopes":[]},"contributions":{},"includedScopes":[]},"sourceMap":{"end":{"column":8,"line":14,"offset":399},"start":{"column":3,"line":14,"offset":394}}}},{"body":{"id":"58d7eb32-4f94-4264-ae25-5f8c692715b6","metadata":[],"problems":[],"scope":{"containerScope":{"containerScope":{"containerScope":{"containerScope":{"containerScope":{"contributions":{},"includedScopes":[]},"contributions":{},"includedScopes":[]},"contributions":{},"includedScopes":[{"contributions":{},"includedScopes":[]},{"contributions":{},"includedScopes":[]}]},"contributions":{},"includedScopes":[{"containerScope":{"containerScope":{"containerScope":{"contributions":{},"includedScopes":[]},"contributions":{},"includedScopes":[]},"contributions":{},"includedScopes":[]},"contributions":{},"includedScopes":[]}]},"contributions":{},"includedScopes":[]},"contributions":{},"includedScopes":[]},"sentences":[{"args":[{"id":"1d832512-e203-4b72-b0ad-7b9ac785f119","metadata":[],"scope":{"containerScope":{"containerScope":{"containerScope":{"containerScope":{"containerScope":{"containerScope":{"containerScope":{"contributions":{},"includedScopes":[]},"contributions":{},"includedScopes":[]},"contributions":{},"includedScopes":[{"contributions":{},"includedScopes":[]},{"contributions":{},"includedScopes":[]}]},"contributions":{},"includedScopes":[{"containerScope":{"containerScope":{"containerScope":{"contributions":{},"includedScopes":[]},"contributions":{},"includedScopes":[]},"contributions":{},"includedScopes":[]},"contributions":{},"includedScopes":[]}]},"contributions":{},"includedScopes":[]},"contributions":{},"includedScopes":[]},"contributions":{},"includedScopes":[]},"contributions":{},"includedScopes":[]},"sourceMap":{"end":{"column":20,"line":24,"offset":713},"start":{"column":17,"line":24,"offset":710}},"value":360},{"args":[{"id":"403594e1-e1d7-4349-86af-5dd0bac18299","metadata":[],"scope":{"containerScope":{"containerScope":{"containerScope":{"containerScope":{"containerScope":{"containerScope":{"containerScope":{"containerScope":{"contributions":{},"includedScopes":[]},"contributions":{},"includedScopes":[]},"contributions":{},"includedScopes":[{"contributions":{},"includedScopes":[]},{"contributions":{},"includedScopes":[]}]},"contributions":{},"includedScopes":[{"containerScope":{"containerScope":{"containerScope":{"contributions":{},"includedScopes":[]},"contributions":{},"includedScopes":[]},"contributions":{},"includedScopes":[]},"contributions":{},"includedScopes":[]}]},"contributions":{},"includedScopes":[]},"contributions":{},"includedScopes":[]},"contributions":{},"includedScopes":[]},"contributions":{},"includedScopes":[]},"contributions":{},"includedScopes":[]},"sourceMap":{"end":{"column":55,"line":24,"offset":748},"start":{"column":54,"line":24,"offset":747}},"value":5}],"id":"a4ce5608-e101-4478-9ec0-2efa42c41dfd","message":"caloriasAQuemar","metadata":[],"receiver":{"id":"327acd5c-7058-47d2-b8d1-1db0d5c1c371","metadata":[],"name":"correrEnLaPlaya","scope":{"containerScope":{"containerScope":{"containerScope":{"containerScope":{"containerScope":{"containerScope":{"containerScope":{"containerScope":{"contributions":{},"includedScopes":[]},"contributions":{},"includedScopes":[]},"contributions":{},"includedScopes":[{"contributions":{},"includedScopes":[]},{"contributions":{},"includedScopes":[]}]},"contributions":{},"includedScopes":[{"containerScope":{"containerScope":{"containerScope":{"contributions":{},"includedScopes":[]},"contributions":{},"includedScopes":[]},"contributions":{},"includedScopes":[]},"contributions":{},"includedScopes":[]}]},"contributions":{},"includedScopes":[]},"contributions":{},"includedScopes":[]},"contributions":{},"includedScopes":[]},"contributions":{},"includedScopes":[]},"contributions":{},"includedScopes":[]},"sourceMap":{"end":{"column":37,"line":24,"offset":730},"start":{"column":22,"line":24,"offset":715}}},"scope":{"containerScope":{"containerScope":{"containerScope":{"containerScope":{"containerScope":{"containerScope":{"containerScope":{"contributions":{},"includedScopes":[]},"contributions":{},"includedScopes":[]},"contributions":{},"includedScopes":[{"contributions":{},"includedScopes":[]},{"contributions":{},"includedScopes":[]}]},"contributions":{},"includedScopes":[{"containerScope":{"containerScope":{"containerScope":{"contributions":{},"includedScopes":[]},"contributions":{},"includedScopes":[]},"contributions":{},"includedScopes":[]},"contributions":{},"includedScopes":[]}]},"contributions":{},"includedScopes":[]},"contributions":{},"includedScopes":[]},"contributions":{},"includedScopes":[]},"contributions":{},"includedScopes":[]},"sourceMap":{"end":{"column":56,"line":24,"offset":749},"start":{"column":22,"line":24,"offset":715}}}],"id":"0ade34c5-9921-4dc6-aa92-8e123abd3677","message":"equals","metadata":[],"receiver":{"id":"09003ce0-1544-4f86-8e89-1a6b7a951f7e","metadata":[],"name":"assert","scope":{"containerScope":{"containerScope":{"containerScope":{"containerScope":{"containerScope":{"containerScope":{"containerScope":{"contributions":{},"includedScopes":[]},"contributions":{},"includedScopes":[]},"contributions":{},"includedScopes":[{"contributions":{},"includedScopes":[]},{"contributions":{},"includedScopes":[]}]},"contributions":{},"includedScopes":[{"containerScope":{"containerScope":{"containerScope":{"contributions":{},"includedScopes":[]},"contributions":{},"includedScopes":[]},"contributions":{},"includedScopes":[]},"contributions":{},"includedScopes":[]}]},"contributions":{},"includedScopes":[]},"contributions":{},"includedScopes":[]},"contributions":{},"includedScopes":[]},"contributions":{},"includedScopes":[]},"sourceMap":{"end":{"column":9,"line":24,"offset":702},"start":{"column":3,"line":24,"offset":696}}},"scope":{"containerScope":{"containerScope":{"containerScope":{"containerScope":{"containerScope":{"containerScope":{"contributions":{},"includedScopes":[]},"contributions":{},"includedScopes":[]},"contributions":{},"includedScopes":[{"contributions":{},"includedScopes":[]},{"contributions":{},"includedScopes":[]}]},"contributions":{},"includedScopes":[{"containerScope":{"containerScope":{"containerScope":{"contributions":{},"includedScopes":[]},"contributions":{},"includedScopes":[]},"contributions":{},"includedScopes":[]},"contributions":{},"includedScopes":[]}]},"contributions":{},"includedScopes":[]},"contributions":{},"includedScopes":[]},"contributions":{},"includedScopes":[]},"sourceMap":{"end":{"column":57,"line":24,"offset":750},"start":{"column":3,"line":24,"offset":696}}},{"args":[{"id":"eccc32f1-d92e-45ce-a17d-6c1f0f78d66c","metadata":[],"scope":{"containerScope":{"containerScope":{"containerScope":{"containerScope":{"containerScope":{"containerScope":{"containerScope":{"contributions":{},"includedScopes":[]},"contributions":{},"includedScopes":[]},"contributions":{},"includedScopes":[{"contributions":{},"includedScopes":[]},{"contributions":{},"includedScopes":[]}]},"contributions":{},"includedScopes":[{"containerScope":{"containerScope":{"containerScope":{"contributions":{},"includedScopes":[]},"contributions":{},"includedScopes":[]},"contributions":{},"includedScopes":[]},"contributions":{},"includedScopes":[]}]},"contributions":{},"includedScopes":[]},"contributions":{},"includedScopes":[]},"contributions":{},"includedScopes":[]},"contributions":{},"includedScopes":[]},"sourceMap":{"end":{"column":22,"line":25,"offset":772},"start":{"column":17,"line":25,"offset":767}},"value":10200},{"args":[{"id":"b38ecbbd-99a8-4486-8f63-2049072f57de","metadata":[],"scope":{"containerScope":{"containerScope":{"containerScope":{"containerScope":{"containerScope":{"containerScope":{"containerScope":{"containerScope":{"contributions":{},"includedScopes":[]},"contributions":{},"includedScopes":[]},"contributions":{},"includedScopes":[{"contributions":{},"includedScopes":[]},{"contributions":{},"includedScopes":[]}]},"contributions":{},"includedScopes":[{"containerScope":{"containerScope":{"containerScope":{"contributions":{},"includedScopes":[]},"contributions":{},"includedScopes":[]},"contributions":{},"includedScopes":[]},"contributions":{},"includedScopes":[]}]},"contributions":{},"includedScopes":[]},"contributions":{},"includedScopes":[]},"contributions":{},"includedScopes":[]},"contributions":{},"includedScopes":[]},"contributions":{},"includedScopes":[]},"sourceMap":{"end":{"column":58,"line":25,"offset":808},"start":{"column":56,"line":25,"offset":806}},"value":90}],"id":"d78cf5ae-2879-4cb2-b806-9ecf6d737122","message":"caloriasAQuemar","metadata":[],"receiver":{"id":"a8593a10-5012-4f2c-805c-fd2274469b9f","metadata":[],"name":"correrEnLaPlaya","scope":{"containerScope":{"containerScope":{"containerScope":{"containerScope":{"containerScope":{"containerScope":{"containerScope":{"containerScope":{"contributions":{},"includedScopes":[]},"contributions":{},"includedScopes":[]},"contributions":{},"includedScopes":[{"contributions":{},"includedScopes":[]},{"contributions":{},"includedScopes":[]}]},"contributions":{},"includedScopes":[{"containerScope":{"containerScope":{"containerScope":{"contributions":{},"includedScopes":[]},"contributions":{},"includedScopes":[]},"contributions":{},"includedScopes":[]},"contributions":{},"includedScopes":[]}]},"contributions":{},"includedScopes":[]},"contributions":{},"includedScopes":[]},"contributions":{},"includedScopes":[]},"contributions":{},"includedScopes":[]},"contributions":{},"includedScopes":[]},"sourceMap":{"end":{"column":39,"line":25,"offset":789},"start":{"column":24,"line":25,"offset":774}}},"scope":{"containerScope":{"containerScope":{"containerScope":{"containerScope":{"containerScope":{"containerScope":{"containerScope":{"contributions":{},"includedScopes":[]},"contributions":{},"includedScopes":[]},"contributions":{},"includedScopes":[{"contributions":{},"includedScopes":[]},{"contributions":{},"includedScopes":[]}]},"contributions":{},"includedScopes":[{"containerScope":{"containerScope":{"containerScope":{"contributions":{},"includedScopes":[]},"contributions":{},"includedScopes":[]},"contributions":{},"includedScopes":[]},"contributions":{},"includedScopes":[]}]},"contributions":{},"includedScopes":[]},"contributions":{},"includedScopes":[]},"contributions":{},"includedScopes":[]},"contributions":{},"includedScopes":[]},"sourceMap":{"end":{"column":59,"line":25,"offset":809},"start":{"column":24,"line":25,"offset":774}}}],"id":"7cead8be-8858-4c86-865e-041258bf7e44","message":"equals","metadata":[],"receiver":{"id":"8707b4c0-3dbd-40c6-9078-2c6b300641ca","metadata":[],"name":"assert","scope":{"containerScope":{"containerScope":{"containerScope":{"containerScope":{"containerScope":{"containerScope":{"containerScope":{"contributions":{},"includedScopes":[]},"contributions":{},"includedScopes":[]},"contributions":{},"includedScopes":[{"contributions":{},"includedScopes":[]},{"contributions":{},"includedScopes":[]}]},"contributions":{},"includedScopes":[{"containerScope":{"containerScope":{"containerScope":{"contributions":{},"includedScopes":[]},"contributions":{},"includedScopes":[]},"contributions":{},"includedScopes":[]},"contributions":{},"includedScopes":[]}]},"contributions":{},"includedScopes":[]},"contributions":{},"includedScopes":[]},"contributions":{},"includedScopes":[]},"contributions":{},"includedScopes":[]},"sourceMap":{"end":{"column":9,"line":25,"offset":759},"start":{"column":3,"line":25,"offset":753}}},"scope":{"containerScope":{"containerScope":{"containerScope":{"containerScope":{"containerScope":{"containerScope":{"contributions":{},"includedScopes":[]},"contributions":{},"includedScopes":[]},"contributions":{},"includedScopes":[{"contributions":{},"includedScopes":[]},{"contributions":{},"includedScopes":[]}]},"contributions":{},"includedScopes":[{"containerScope":{"containerScope":{"containerScope":{"contributions":{},"includedScopes":[]},"contributions":{},"includedScopes":[]},"contributions":{},"includedScopes":[]},"contributions":{},"includedScopes":[]}]},"contributions":{},"includedScopes":[]},"contributions":{},"includedScopes":[]},"contributions":{},"includedScopes":[]},"sourceMap":{"end":{"column":60,"line":25,"offset":810},"start":{"column":3,"line":25,"offset":753}}}],"sourceMap":{"end":{"column":3,"line":26,"offset":813},"start":{"column":30,"line":23,"offset":692}}},"id":"f240ba84-d0d0-4e02-bb9c-19cbe7b0b1a2","isOnly":false,"metadata":[{"args":{"position":"start","text":"//Punto 3: clubes"},"name":"comment"},{"args":{"position":"start","text":"//const recreo = //un predio con correrEnLaPlaya y maratonBA"},"name":"comment"},{"args":{"position":"start","text":"//const nautico = //un predio con remarEnElDelta y remarEnCaminoRemeros"},"name":"comment"},{"args":{"position":"start","text":"//const clubBarrial = //un club con recreo y nautico"},"name":"comment"},{"args":{"position":"start","text":"// PUNTO 1"},"name":"comment"}],"name":"\"1.1 consulta running\"","scope":{"containerScope":{"containerScope":{"containerScope":{"containerScope":{"contributions":{},"includedScopes":[]},"contributions":{},"includedScopes":[]},"contributions":{},"includedScopes":[{"contributions":{},"includedScopes":[]},{"contributions":{},"includedScopes":[]}]},"contributions":{},"includedScopes":[{"containerScope":{"containerScope":{"containerScope":{"contributions":{},"includedScopes":[]},"contributions":{},"includedScopes":[]},"contributions":{},"includedScopes":[]},"contributions":{},"includedScopes":[]}]},"contributions":{},"includedScopes":[]},"sourceMap":{"end":{"column":3,"line":26,"offset":813},"start":{"column":2,"line":23,"offset":664}}},{"body":{"id":"f38828f6-4af8-4bc6-abce-8f9829d74a62","metadata":[],"problems":[],"scope":{"containerScope":{"containerScope":{"containerScope":{"containerScope":{"containerScope":{"contributions":{},"includedScopes":[]},"contributions":{},"includedScopes":[]},"contributions":{},"includedScopes":[{"contributions":{},"includedScopes":[]},{"contributions":{},"includedScopes":[]}]},"contributions":{},"includedScopes":[{"containerScope":{"containerScope":{"containerScope":{"contributions":{},"includedScopes":[]},"contributions":{},"includedScopes":[]},"contributions":{},"includedScopes":[]},"contributions":{},"includedScopes":[]}]},"contributions":{},"includedScopes":[]},"contributions":{},"includedScopes":[]},"sentences":[{"args":[{"id":"2141318f-2f0a-4904-af32-ed4a7a739bba","metadata":[],"scope":{"containerScope":{"containerScope":{"containerScope":{"containerScope":{"containerScope":{"containerScope":{"containerScope":{"contributions":{},"includedScopes":[]},"contributions":{},"includedScopes":[]},"contributions":{},"includedScopes":[{"contributions":{},"includedScopes":[]},{"contributions":{},"includedScopes":[]}]},"contributions":{},"includedScopes":[{"containerScope":{"containerScope":{"containerScope":{"contributions":{},"includedScopes":[]},"contributions":{},"includedScopes":[]},"contributions":{},"includedScopes":[]},"contributions":{},"includedScopes":[]}]},"contributions":{},"includedScopes":[]},"contributions":{},"includedScopes":[]},"contributions":{},"includedScopes":[]},"contributions":{},"includedScopes":[]},"sourceMap":{"end":{"column":20,"line":29,"offset":865},"start":{"column":17,"line":29,"offset":862}},"value":900},{"args":[{"id":"662f6ecc-5873-4512-ab5c-96c209c5caa4","metadata":[],"scope":{"containerScope":{"containerScope":{"containerScope":{"containerScope":{"containerScope":{"containerScope":{"containerScope":{"containerScope":{"contributions":{},"includedScopes":[]},"contributions":{},"includedScopes":[]},"contributions":{},"includedScopes":[{"contributions":{},"includedScopes":[]},{"contributions":{},"includedScopes":[]}]},"contributions":{},"includedScopes":[{"containerScope":{"containerScope":{"containerScope":{"contributions":{},"includedScopes":[]},"contributions":{},"includedScopes":[]},"contributions":{},"includedScopes":[]},"contributions":{},"includedScopes":[]}]},"contributions":{},"includedScopes":[]},"contributions":{},"includedScopes":[]},"contributions":{},"includedScopes":[]},"contributions":{},"includedScopes":[]},"contributions":{},"includedScopes":[]},"sourceMap":{"end":{"column":49,"line":29,"offset":894},"start":{"column":48,"line":29,"offset":893}},"value":5}],"id":"de61653e-151d-4131-bc7d-ea2bc425ebdd","message":"caloriasAQuemar","metadata":[],"receiver":{"id":"537b7c44-4ff3-4178-ae6f-baae49866a5b","metadata":[],"name":"maratonBA","scope":{"containerScope":{"containerScope":{"containerScope":{"containerScope":{"containerScope":{"containerScope":{"containerScope":{"containerScope":{"contributions":{},"includedScopes":[]},"contributions":{},"includedScopes":[]},"contributions":{},"includedScopes":[{"contributions":{},"includedScopes":[]},{"contributions":{},"includedScopes":[]}]},"contributions":{},"includedScopes":[{"containerScope":{"containerScope":{"containerScope":{"contributions":{},"includedScopes":[]},"contributions":{},"includedScopes":[]},"contributions":{},"includedScopes":[]},"contributions":{},"includedScopes":[]}]},"contributions":{},"includedScopes":[]},"contributions":{},"includedScopes":[]},"contributions":{},"includedScopes":[]},"contributions":{},"includedScopes":[]},"contributions":{},"includedScopes":[]},"sourceMap":{"end":{"column":31,"line":29,"offset":876},"start":{"column":22,"line":29,"offset":867}}},"scope":{"containerScope":{"containerScope":{"containerScope":{"containerScope":{"containerScope":{"containerScope":{"containerScope":{"contributions":{},"includedScopes":[]},"contributions":{},"includedScopes":[]},"contributions":{},"includedScopes":[{"contributions":{},"includedScopes":[]},{"contributions":{},"includedScopes":[]}]},"contributions":{},"includedScopes":[{"containerScope":{"containerScope":{"containerScope":{"contributions":{},"includedScopes":[]},"contributions":{},"includedScopes":[]},"contributions":{},"includedScopes":[]},"contributions":{},"includedScopes":[]}]},"contributions":{},"includedScopes":[]},"contributions":{},"includedScopes":[]},"contributions":{},"includedScopes":[]},"contributions":{},"includedScopes":[]},"sourceMap":{"end":{"column":50,"line":29,"offset":895},"start":{"column":22,"line":29,"offset":867}}}],"id":"6ae98b2a-fdc3-42ea-94f7-21899fb79f67","message":"equals","metadata":[],"receiver":{"id":"24562639-5f53-45d2-ad18-6425b8d745d4","metadata":[],"name":"assert","scope":{"containerScope":{"containerScope":{"containerScope":{"containerScope":{"containerScope":{"containerScope":{"containerScope":{"contributions":{},"includedScopes":[]},"contributions":{},"includedScopes":[]},"contributions":{},"includedScopes":[{"contributions":{},"includedScopes":[]},{"contributions":{},"includedScopes":[]}]},"contributions":{},"includedScopes":[{"containerScope":{"containerScope":{"containerScope":{"contributions":{},"includedScopes":[]},"contributions":{},"includedScopes":[]},"contributions":{},"includedScopes":[]},"contributions":{},"includedScopes":[]}]},"contributions":{},"includedScopes":[]},"contributions":{},"includedScopes":[]},"contributions":{},"includedScopes":[]},"contributions":{},"includedScopes":[]},"sourceMap":{"end":{"column":9,"line":29,"offset":854},"start":{"column":3,"line":29,"offset":848}}},"scope":{"containerScope":{"containerScope":{"containerScope":{"containerScope":{"containerScope":{"containerScope":{"contributions":{},"includedScopes":[]},"contributions":{},"includedScopes":[]},"contributions":{},"includedScopes":[{"contributions":{},"includedScopes":[]},{"contributions":{},"includedScopes":[]}]},"contributions":{},"includedScopes":[{"containerScope":{"containerScope":{"containerScope":{"contributions":{},"includedScopes":[]},"contributions":{},"includedScopes":[]},"contributions":{},"includedScopes":[]},"contributions":{},"includedScopes":[]}]},"contributions":{},"includedScopes":[]},"contributions":{},"includedScopes":[]},"contributions":{},"includedScopes":[]},"sourceMap":{"end":{"column":51,"line":29,"offset":896},"start":{"column":3,"line":29,"offset":848}}},{"args":[{"id":"c8c8e73b-0150-44fa-a18d-431fc374f7ae","metadata":[],"scope":{"containerScope":{"containerScope":{"containerScope":{"containerScope":{"containerScope":{"containerScope":{"containerScope":{"contributions":{},"includedScopes":[]},"contributions":{},"includedScopes":[]},"contributions":{},"includedScopes":[{"contributions":{},"includedScopes":[]},{"contributions":{},"includedScopes":[]}]},"contributions":{},"includedScopes":[{"containerScope":{"containerScope":{"containerScope":{"contributions":{},"includedScopes":[]},"contributions":{},"includedScopes":[]},"contributions":{},"includedScopes":[]},"contributions":{},"includedScopes":[]}]},"contributions":{},"includedScopes":[]},"contributions":{},"includedScopes":[]},"contributions":{},"includedScopes":[]},"contributions":{},"includedScopes":[]},"sourceMap":{"end":{"column":22,"line":30,"offset":918},"start":{"column":17,"line":30,"offset":913}},"value":25500},{"args":[{"id":"5f34cd4c-9fc3-4842-8d99-9fab5c19ca1c","metadata":[],"scope":{"containerScope":{"containerScope":{"containerScope":{"containerScope":{"containerScope":{"containerScope":{"containerScope":{"containerScope":{"contributions":{},"includedScopes":[]},"contributions":{},"includedScopes":[]},"contributions":{},"includedScopes":[{"contributions":{},"includedScopes":[]},{"contributions":{},"includedScopes":[]}]},"contributions":{},"includedScopes":[{"containerScope":{"containerScope":{"containerScope":{"contributions":{},"includedScopes":[]},"contributions":{},"includedScopes":[]},"contributions":{},"includedScopes":[]},"contributions":{},"includedScopes":[]}]},"contributions":{},"includedScopes":[]},"contributions":{},"includedScopes":[]},"contributions":{},"includedScopes":[]},"contributions":{},"includedScopes":[]},"contributions":{},"includedScopes":[]},"sourceMap":{"end":{"column":52,"line":30,"offset":948},"start":{"column":50,"line":30,"offset":946}},"value":90}],"id":"06d121b2-76e9-4b82-a674-d74fa88ef2ba","message":"caloriasAQuemar","metadata":[],"receiver":{"id":"3b4c1276-4ad7-41f4-8a57-f9efb2e2462f","metadata":[],"name":"maratonBA","scope":{"containerScope":{"containerScope":{"containerScope":{"containerScope":{"containerScope":{"containerScope":{"containerScope":{"containerScope":{"contributions":{},"includedScopes":[]},"contributions":{},"includedScopes":[]},"contributions":{},"includedScopes":[{"contributions":{},"includedScopes":[]},{"contributions":{},"includedScopes":[]}]},"contributions":{},"includedScopes":[{"containerScope":{"containerScope":{"containerScope":{"contributions":{},"includedScopes":[]},"contributions":{},"includedScopes":[]},"contributions":{},"includedScopes":[]},"contributions":{},"includedScopes":[]}]},"contributions":{},"includedScopes":[]},"contributions":{},"includedScopes":[]},"contributions":{},"includedScopes":[]},"contributions":{},"includedScopes":[]},"contributions":{},"includedScopes":[]},"sourceMap":{"end":{"column":33,"line":30,"offset":929},"start":{"column":24,"line":30,"offset":920}}},"scope":{"containerScope":{"containerScope":{"containerScope":{"containerScope":{"containerScope":{"containerScope":{"containerScope":{"contributions":{},"includedScopes":[]},"contributions":{},"includedScopes":[]},"contributions":{},"includedScopes":[{"contributions":{},"includedScopes":[]},{"contributions":{},"includedScopes":[]}]},"contributions":{},"includedScopes":[{"containerScope":{"containerScope":{"containerScope":{"contributions":{},"includedScopes":[]},"contributions":{},"includedScopes":[]},"contributions":{},"includedScopes":[]},"contributions":{},"includedScopes":[]}]},"contributions":{},"includedScopes":[]},"contributions":{},"includedScopes":[]},"contributions":{},"includedScopes":[]},"contributions":{},"includedScopes":[]},"sourceMap":{"end":{"column":53,"line":30,"offset":949},"start":{"column":24,"line":30,"offset":920}}}],"id":"26553850-d72c-4fe8-9af1-04c6abe14a5c","message":"equals","metadata":[],"receiver":{"id":"c27899ed-d00e-42bc-8af0-5db9e88d1d46","metadata":[],"name":"assert","scope":{"containerScope":{"containerScope":{"containerScope":{"containerScope":{"containerScope":{"containerScope":{"containerScope":{"contributions":{},"includedScopes":[]},"contributions":{},"includedScopes":[]},"contributions":{},"includedScopes":[{"contributions":{},"includedScopes":[]},{"contributions":{},"includedScopes":[]}]},"contributions":{},"includedScopes":[{"containerScope":{"containerScope":{"containerScope":{"contributions":{},"includedScopes":[]},"contributions":{},"includedScopes":[]},"contributions":{},"includedScopes":[]},"contributions":{},"includedScopes":[]}]},"contributions":{},"includedScopes":[]},"contributions":{},"includedScopes":[]},"contributions":{},"includedScopes":[]},"contributions":{},"includedScopes":[]},"sourceMap":{"end":{"column":9,"line":30,"offset":905},"start":{"column":3,"line":30,"offset":899}}},"scope":{"containerScope":{"containerScope":{"containerScope":{"containerScope":{"containerScope":{"containerScope":{"contributions":{},"includedScopes":[]},"contributions":{},"includedScopes":[]},"contributions":{},"includedScopes":[{"contributions":{},"includedScopes":[]},{"contributions":{},"includedScopes":[]}]},"contributions":{},"includedScopes":[{"containerScope":{"containerScope":{"containerScope":{"contributions":{},"includedScopes":[]},"contributions":{},"includedScopes":[]},"contributions":{},"includedScopes":[]},"contributions":{},"includedScopes":[]}]},"contributions":{},"includedScopes":[]},"contributions":{},"includedScopes":[]},"contributions":{},"includedScopes":[]},"sourceMap":{"end":{"column":54,"line":30,"offset":950},"start":{"column":3,"line":30,"offset":899}}}],"sourceMap":{"end":{"column":3,"line":31,"offset":953},"start":{"column":30,"line":28,"offset":844}}},"id":"6f3c649f-e4ec-4ae0-9891-d3c5e4b26902","isOnly":false,"metadata":[],"name":"\"1.2 consulta maraton\"","scope":{"containerScope":{"containerScope":{"containerScope":{"containerScope":{"contributions":{},"includedScopes":[]},"contributions":{},"includedScopes":[]},"contributions":{},"includedScopes":[{"contributions":{},"includedScopes":[]},{"contributions":{},"includedScopes":[]}]},"contributions":{},"includedScopes":[{"containerScope":{"containerScope":{"containerScope":{"contributions":{},"includedScopes":[]},"contributions":{},"includedScopes":[]},"contributions":{},"includedScopes":[]},"contributions":{},"includedScopes":[]}]},"contributions":{},"includedScopes":[]},"sourceMap":{"end":{"column":3,"line":31,"offset":953},"start":{"column":2,"line":28,"offset":816}}},{"body":{"id":"ddbfc5d8-c8ce-4282-bd4c-7b08d2bb4ac0","metadata":[],"problems":[],"scope":{"containerScope":{"containerScope":{"containerScope":{"containerScope":{"containerScope":{"contributions":{},"includedScopes":[]},"contributions":{},"includedScopes":[]},"contributions":{},"includedScopes":[{"contributions":{},"includedScopes":[]},{"contributions":{},"includedScopes":[]}]},"contributions":{},"includedScopes":[{"containerScope":{"containerScope":{"containerScope":{"contributions":{},"includedScopes":[]},"contributions":{},"includedScopes":[]},"contributions":{},"includedScopes":[]},"contributions":{},"includedScopes":[]}]},"contributions":{},"includedScopes":[]},"contributions":{},"includedScopes":[]},"sentences":[{"args":[{"id":"13382c2f-dd98-4765-9a16-4795a9c99344","metadata":[],"scope":{"containerScope":{"containerScope":{"containerScope":{"containerScope":{"containerScope":{"containerScope":{"containerScope":{"contributions":{},"includedScopes":[]},"contributions":{},"includedScopes":[]},"contributions":{},"includedScopes":[{"contributions":{},"includedScopes":[]},{"contributions":{},"includedScopes":[]}]},"contributions":{},"includedScopes":[{"containerScope":{"containerScope":{"containerScope":{"contributions":{},"includedScopes":[]},"contributions":{},"includedScopes":[]},"contributions":{},"includedScopes":[]},"contributions":{},"includedScopes":[]}]},"contributions":{},"includedScopes":[]},"contributions":{},"includedScopes":[]},"contributions":{},"includedScopes":[]},"contributions":{},"includedScopes":[]},"sourceMap":{"end":{"column":20,"line":34,"offset":1002},"start":{"column":17,"line":34,"offset":999}},"value":520},{"args":[{"id":"e6e0a602-3bfa-43ee-9cfb-6b90cfbacb28","metadata":[],"scope":{"containerScope":{"containerScope":{"containerScope":{"containerScope":{"containerScope":{"containerScope":{"containerScope":{"containerScope":{"contributions":{},"includedScopes":[]},"contributions":{},"includedScopes":[]},"contributions":{},"includedScopes":[{"contributions":{},"includedScopes":[]},{"contributions":{},"includedScopes":[]}]},"contributions":{},"includedScopes":[{"containerScope":{"containerScope":{"containerScope":{"contributions":{},"includedScopes":[]},"contributions":{},"includedScopes":[]},"contributions":{},"includedScopes":[]},"contributions":{},"includedScopes":[]}]},"contributions":{},"includedScopes":[]},"contributions":{},"includedScopes":[]},"contributions":{},"includedScopes":[]},"contributions":{},"includedScopes":[]},"contributions":{},"includedScopes":[]},"sourceMap":{"end":{"column":54,"line":34,"offset":1036},"start":{"column":53,"line":34,"offset":1035}},"value":5}],"id":"2f101cc7-d174-4028-b9e3-565eca425527","message":"caloriasAQuemar","metadata":[],"receiver":{"id":"f2086c24-6521-46e3-a8e2-ed215cc8a788","metadata":[],"name":"remarEnElDelta","scope":{"containerScope":{"containerScope":{"containerScope":{"containerScope":{"containerScope":{"containerScope":{"containerScope":{"containerScope":{"contributions":{},"includedScopes":[]},"contributions":{},"includedScopes":[]},"contributions":{},"includedScopes":[{"contributions":{},"includedScopes":[]},{"contributions":{},"includedScopes":[]}]},"contributions":{},"includedScopes":[{"containerScope":{"containerScope":{"containerScope":{"contributions":{},"includedScopes":[]},"contributions":{},"includedScopes":[]},"contributions":{},"includedScopes":[]},"contributions":{},"includedScopes":[]}]},"contributions":{},"includedScopes":[]},"contributions":{},"includedScopes":[]},"contributions":{},"includedScopes":[]},"contributions":{},"includedScopes":[]},"contributions":{},"includedScopes":[]},"sourceMap":{"end":{"column":36,"line":34,"offset":1018},"start":{"column":22,"line":34,"offset":1004}}},"scope":{"containerScope":{"containerScope":{"containerScope":{"containerScope":{"containerScope":{"containerScope":{"containerScope":{"contributions":{},"includedScopes":[]},"contributions":{},"includedScopes":[]},"contributions":{},"includedScopes":[{"contributions":{},"includedScopes":[]},{"contributions":{},"includedScopes":[]}]},"contributions":{},"includedScopes":[{"containerScope":{"containerScope":{"containerScope":{"contributions":{},"includedScopes":[]},"contributions":{},"includedScopes":[]},"contributions":{},"includedScopes":[]},"contributions":{},"includedScopes":[]}]},"contributions":{},"includedScopes":[]},"contributions":{},"includedScopes":[]},"contributions":{},"includedScopes":[]},"contributions":{},"includedScopes":[]},"sourceMap":{"end":{"column":55,"line":34,"offset":1037},"start":{"column":22,"line":34,"offset":1004}}}],"id":"9bc093c3-0f00-4aa3-91cd-ebf06f9e103f","message":"equals","metadata":[],"receiver":{"id":"52a448e8-8c94-4e7e-bf04-86bc915b83a3","metadata":[],"name":"assert","scope":{"containerScope":{"containerScope":{"containerScope":{"containerScope":{"containerScope":{"containerScope":{"containerScope":{"contributions":{},"includedScopes":[]},"contributions":{},"includedScopes":[]},"contributions":{},"includedScopes":[{"contributions":{},"includedScopes":[]},{"contributions":{},"includedScopes":[]}]},"contributions":{},"includedScopes":[{"containerScope":{"containerScope":{"containerScope":{"contributions":{},"includedScopes":[]},"contributions":{},"includedScopes":[]},"contributions":{},"includedScopes":[]},"contributions":{},"includedScopes":[]}]},"contributions":{},"includedScopes":[]},"contributions":{},"includedScopes":[]},"contributions":{},"includedScopes":[]},"contributions":{},"includedScopes":[]},"sourceMap":{"end":{"column":9,"line":34,"offset":991},"start":{"column":3,"line":34,"offset":985}}},"scope":{"containerScope":{"containerScope":{"containerScope":{"containerScope":{"containerScope":{"containerScope":{"contributions":{},"includedScopes":[]},"contributions":{},"includedScopes":[]},"contributions":{},"includedScopes":[{"contributions":{},"includedScopes":[]},{"contributions":{},"includedScopes":[]}]},"contributions":{},"includedScopes":[{"containerScope":{"containerScope":{"containerScope":{"contributions":{},"includedScopes":[]},"contributions":{},"includedScopes":[]},"contributions":{},"includedScopes":[]},"contributions":{},"includedScopes":[]}]},"contributions":{},"includedScopes":[]},"contributions":{},"includedScopes":[]},"contributions":{},"includedScopes":[]},"sourceMap":{"end":{"column":56,"line":34,"offset":1038},"start":{"column":3,"line":34,"offset":985}}},{"args":[{"id":"b24c8137-43a4-407a-bdfe-70377ef5312e","metadata":[],"scope":{"containerScope":{"containerScope":{"containerScope":{"containerScope":{"containerScope":{"containerScope":{"containerScope":{"contributions":{},"includedScopes":[]},"contributions":{},"includedScopes":[]},"contributions":{},"includedScopes":[{"contributions":{},"includedScopes":[]},{"contributions":{},"includedScopes":[]}]},"contributions":{},"includedScopes":[{"containerScope":{"containerScope":{"containerScope":{"contributions":{},"includedScopes":[]},"contributions":{},"includedScopes":[]},"contributions":{},"includedScopes":[]},"contributions":{},"includedScopes":[]}]},"contributions":{},"includedScopes":[]},"contributions":{},"includedScopes":[]},"contributions":{},"includedScopes":[]},"contributions":{},"includedScopes":[]},"sourceMap":{"end":{"column":21,"line":35,"offset":1059},"start":{"column":17,"line":35,"offset":1055}},"value":9360},{"args":[{"id":"d611992a-a256-4bdc-b489-895ab3296115","metadata":[],"scope":{"containerScope":{"containerScope":{"containerScope":{"containerScope":{"containerScope":{"containerScope":{"containerScope":{"containerScope":{"contributions":{},"includedScopes":[]},"contributions":{},"includedScopes":[]},"contributions":{},"includedScopes":[{"contributions":{},"includedScopes":[]},{"contributions":{},"includedScopes":[]}]},"contributions":{},"includedScopes":[{"containerScope":{"containerScope":{"containerScope":{"contributions":{},"includedScopes":[]},"contributions":{},"includedScopes":[]},"contributions":{},"includedScopes":[]},"contributions":{},"includedScopes":[]}]},"contributions":{},"includedScopes":[]},"contributions":{},"includedScopes":[]},"contributions":{},"includedScopes":[]},"contributions":{},"includedScopes":[]},"contributions":{},"includedScopes":[]},"sourceMap":{"end":{"column":56,"line":35,"offset":1094},"start":{"column":54,"line":35,"offset":1092}},"value":90}],"id":"46840c47-c056-4748-adff-05a6bcff465d","message":"caloriasAQuemar","metadata":[],"receiver":{"id":"2a29df1d-e52a-45d3-9e3f-e782fb974789","metadata":[],"name":"remarEnElDelta","scope":{"containerScope":{"containerScope":{"containerScope":{"containerScope":{"containerScope":{"containerScope":{"containerScope":{"containerScope":{"contributions":{},"includedScopes":[]},"contributions":{},"includedScopes":[]},"contributions":{},"includedScopes":[{"contributions":{},"includedScopes":[]},{"contributions":{},"includedScopes":[]}]},"contributions":{},"includedScopes":[{"containerScope":{"containerScope":{"containerScope":{"contributions":{},"includedScopes":[]},"contributions":{},"includedScopes":[]},"contributions":{},"includedScopes":[]},"contributions":{},"includedScopes":[]}]},"contributions":{},"includedScopes":[]},"contributions":{},"includedScopes":[]},"contributions":{},"includedScopes":[]},"contributions":{},"includedScopes":[]},"contributions":{},"includedScopes":[]},"sourceMap":{"end":{"column":37,"line":35,"offset":1075},"start":{"column":23,"line":35,"offset":1061}}},"scope":{"containerScope":{"containerScope":{"containerScope":{"containerScope":{"containerScope":{"containerScope":{"containerScope":{"contributions":{},"includedScopes":[]},"contributions":{},"includedScopes":[]},"contributions":{},"includedScopes":[{"contributions":{},"includedScopes":[]},{"contributions":{},"includedScopes":[]}]},"contributions":{},"includedScopes":[{"containerScope":{"containerScope":{"containerScope":{"contributions":{},"includedScopes":[]},"contributions":{},"includedScopes":[]},"contributions":{},"includedScopes":[]},"contributions":{},"includedScopes":[]}]},"contributions":{},"includedScopes":[]},"contributions":{},"includedScopes":[]},"contributions":{},"includedScopes":[]},"contributions":{},"includedScopes":[]},"sourceMap":{"end":{"column":57,"line":35,"offset":1095},"start":{"column":23,"line":35,"offset":1061}}}],"id":"aca423d1-8ba1-4b9c-8116-9267d69d6293","message":"equals","metadata":[],"receiver":{"id":"5a134a09-c478-4978-bddd-56fcd09f8891","metadata":[],"name":"assert","scope":{"containerScope":{"containerScope":{"containerScope":{"containerScope":{"containerScope":{"containerScope":{"containerScope":{"contributions":{},"includedScopes":[]},"contributions":{},"includedScopes":[]},"contributions":{},"includedScopes":[{"contributions":{},"includedScopes":[]},{"contributions":{},"includedScopes":[]}]},"contributions":{},"includedScopes":[{"containerScope":{"containerScope":{"containerScope":{"contributions":{},"includedScopes":[]},"contributions":{},"includedScopes":[]},"contributions":{},"includedScopes":[]},"contributions":{},"includedScopes":[]}]},"contributions":{},"includedScopes":[]},"contributions":{},"includedScopes":[]},"contributions":{},"includedScopes":[]},"contributions":{},"includedScopes":[]},"sourceMap":{"end":{"column":9,"line":35,"offset":1047},"start":{"column":3,"line":35,"offset":1041}}},"scope":{"containerScope":{"containerScope":{"containerScope":{"containerScope":{"containerScope":{"containerScope":{"contributions":{},"includedScopes":[]},"contributions":{},"includedScopes":[]},"contributions":{},"includedScopes":[{"contributions":{},"includedScopes":[]},{"contributions":{},"includedScopes":[]}]},"contributions":{},"includedScopes":[{"containerScope":{"containerScope":{"containerScope":{"contributions":{},"includedScopes":[]},"contributions":{},"includedScopes":[]},"contributions":{},"includedScopes":[]},"contributions":{},"includedScopes":[]}]},"contributions":{},"includedScopes":[]},"contributions":{},"includedScopes":[]},"contributions":{},"includedScopes":[]},"sourceMap":{"end":{"column":58,"line":35,"offset":1096},"start":{"column":3,"line":35,"offset":1041}}}],"sourceMap":{"end":{"column":3,"line":36,"offset":1099},"start":{"column":27,"line":33,"offset":981}}},"id":"4ac5e536-3724-40e8-b1b7-12776162499c","isOnly":false,"metadata":[],"name":"\"1.3 consulta remo\"","scope":{"containerScope":{"containerScope":{"containerScope":{"containerScope":{"contributions":{},"includedScopes":[]},"contributions":{},"includedScopes":[]},"contributions":{},"includedScopes":[{"contributions":{},"includedScopes":[]},{"contributions":{},"includedScopes":[]}]},"contributions":{},"includedScopes":[{"containerScope":{"containerScope":{"containerScope":{"contributions":{},"includedScopes":[]},"contributions":{},"includedScopes":[]},"contributions":{},"includedScopes":[]},"contributions":{},"includedScopes":[]}]},"contributions":{},"includedScopes":[]},"sourceMap":{"end":{"column":3,"line":36,"offset":1099},"start":{"column":2,"line":33,"offset":956}}},{"body":{"id":"14c4a848-7fd4-4cb2-9896-d387545f5f79","metadata":[],"problems":[],"scope":{"containerScope":{"containerScope":{"containerScope":{"containerScope":{"containerScope":{"contributions":{},"includedScopes":[]},"contributions":{},"includedScopes":[]},"contributions":{},"includedScopes":[{"contributions":{},"includedScopes":[]},{"contributions":{},"includedScopes":[]}]},"contributions":{},"includedScopes":[{"containerScope":{"containerScope":{"containerScope":{"contributions":{},"includedScopes":[]},"contributions":{},"includedScopes":[]},"contributions":{},"includedScopes":[]},"contributions":{},"includedScopes":[]}]},"contributions":{},"includedScopes":[]},"contributions":{},"includedScopes":[]},"sentences":[{"args":[{"id":"cb5f16f9-21b3-425f-b6ab-9118e2f6b29e","metadata":[],"scope":{"containerScope":{"containerScope":{"containerScope":{"containerScope":{"containerScope":{"containerScope":{"containerScope":{"contributions":{},"includedScopes":[]},"contributions":{},"includedScopes":[]},"contributions":{},"includedScopes":[{"contributions":{},"includedScopes":[]},{"contributions":{},"includedScopes":[]}]},"contributions":{},"includedScopes":[{"containerScope":{"containerScope":{"containerScope":{"contributions":{},"includedScopes":[]},"contributions":{},"includedScopes":[]},"contributions":{},"includedScopes":[]},"contributions":{},"includedScopes":[]}]},"contributions":{},"includedScopes":[]},"contributions":{},"includedScopes":[]},"contributions":{},"includedScopes":[]},"contributions":{},"includedScopes":[]},"sourceMap":{"end":{"column":20,"line":39,"offset":1160},"start":{"column":17,"line":39,"offset":1157}},"value":510},{"args":[{"id":"d9ec86fd-29cb-4427-9ba9-ac369d2a7883","metadata":[],"scope":{"containerScope":{"containerScope":{"containerScope":{"containerScope":{"containerScope":{"containerScope":{"containerScope":{"containerScope":{"contributions":{},"includedScopes":[]},"contributions":{},"includedScopes":[]},"contributions":{},"includedScopes":[{"contributions":{},"includedScopes":[]},{"contributions":{},"includedScopes":[]}]},"contributions":{},"includedScopes":[{"containerScope":{"containerScope":{"containerScope":{"contributions":{},"includedScopes":[]},"contributions":{},"includedScopes":[]},"contributions":{},"includedScopes":[]},"contributions":{},"includedScopes":[]}]},"contributions":{},"includedScopes":[]},"contributions":{},"includedScopes":[]},"contributions":{},"includedScopes":[]},"contributions":{},"includedScopes":[]},"contributions":{},"includedScopes":[]},"sourceMap":{"end":{"column":60,"line":39,"offset":1200},"start":{"column":59,"line":39,"offset":1199}},"value":5}],"id":"c56782ee-c6f5-4478-87d3-ea60215e46fa","message":"caloriasAQuemar","metadata":[],"receiver":{"id":"428093a2-28e3-4795-9743-ba2b41d48640","metadata":[],"name":"remarEnCaminoRemeros","scope":{"containerScope":{"containerScope":{"containerScope":{"containerScope":{"containerScope":{"containerScope":{"containerScope":{"containerScope":{"contributions":{},"includedScopes":[]},"contributions":{},"includedScopes":[]},"contributions":{},"includedScopes":[{"contributions":{},"includedScopes":[]},{"contributions":{},"includedScopes":[]}]},"contributions":{},"includedScopes":[{"containerScope":{"containerScope":{"containerScope":{"contributions":{},"includedScopes":[]},"contributions":{},"includedScopes":[]},"contributions":{},"includedScopes":[]},"contributions":{},"includedScopes":[]}]},"contributions":{},"includedScopes":[]},"contributions":{},"includedScopes":[]},"contributions":{},"includedScopes":[]},"contributions":{},"includedScopes":[]},"contributions":{},"includedScopes":[]},"sourceMap":{"end":{"column":42,"line":39,"offset":1182},"start":{"column":22,"line":39,"offset":1162}}},"scope":{"containerScope":{"containerScope":{"containerScope":{"containerScope":{"containerScope":{"containerScope":{"containerScope":{"contributions":{},"includedScopes":[]},"contributions":{},"includedScopes":[]},"contributions":{},"includedScopes":[{"contributions":{},"includedScopes":[]},{"contributions":{},"includedScopes":[]}]},"contributions":{},"includedScopes":[{"containerScope":{"containerScope":{"containerScope":{"contributions":{},"includedScopes":[]},"contributions":{},"includedScopes":[]},"contributions":{},"includedScopes":[]},"contributions":{},"includedScopes":[]}]},"contributions":{},"includedScopes":[]},"contributions":{},"includedScopes":[]},"contributions":{},"includedScopes":[]},"contributions":{},"includedScopes":[]},"sourceMap":{"end":{"column":61,"line":39,"offset":1201},"start":{"column":22,"line":39,"offset":1162}}}],"id":"b0c95cec-b6e9-49f4-92af-8d993978b956","message":"equals","metadata":[],"receiver":{"id":"c8c6fa2d-9cdc-4d92-9244-6f3c4344cd0d","metadata":[],"name":"assert","scope":{"containerScope":{"containerScope":{"containerScope":{"containerScope":{"containerScope":{"containerScope":{"containerScope":{"contributions":{},"includedScopes":[]},"contributions":{},"includedScopes":[]},"contributions":{},"includedScopes":[{"contributions":{},"includedScopes":[]},{"contributions":{},"includedScopes":[]}]},"contributions":{},"includedScopes":[{"containerScope":{"containerScope":{"containerScope":{"contributions":{},"includedScopes":[]},"contributions":{},"includedScopes":[]},"contributions":{},"includedScopes":[]},"contributions":{},"includedScopes":[]}]},"contributions":{},"includedScopes":[]},"contributions":{},"includedScopes":[]},"contributions":{},"includedScopes":[]},"contributions":{},"includedScopes":[]},"sourceMap":{"end":{"column":9,"line":39,"offset":1149},"start":{"column":3,"line":39,"offset":1143}}},"scope":{"containerScope":{"containerScope":{"containerScope":{"containerScope":{"containerScope":{"containerScope":{"contributions":{},"includedScopes":[]},"contributions":{},"includedScopes":[]},"contributions":{},"includedScopes":[{"contributions":{},"includedScopes":[]},{"contributions":{},"includedScopes":[]}]},"contributions":{},"includedScopes":[{"containerScope":{"containerScope":{"containerScope":{"contributions":{},"includedScopes":[]},"contributions":{},"includedScopes":[]},"contributions":{},"includedScopes":[]},"contributions":{},"includedScopes":[]}]},"contributions":{},"includedScopes":[]},"contributions":{},"includedScopes":[]},"contributions":{},"includedScopes":[]},"sourceMap":{"end":{"column":62,"line":39,"offset":1202},"start":{"column":3,"line":39,"offset":1143}}},{"args":[{"id":"aaa64e29-697b-40aa-990d-b55dc2412bd1","metadata":[],"scope":{"containerScope":{"containerScope":{"containerScope":{"containerScope":{"containerScope":{"containerScope":{"containerScope":{"contributions":{},"includedScopes":[]},"contributions":{},"includedScopes":[]},"contributions":{},"includedScopes":[{"contributions":{},"includedScopes":[]},{"contributions":{},"includedScopes":[]}]},"contributions":{},"includedScopes":[{"containerScope":{"containerScope":{"containerScope":{"contributions":{},"includedScopes":[]},"contributions":{},"includedScopes":[]},"contributions":{},"includedScopes":[]},"contributions":{},"includedScopes":[]}]},"contributions":{},"includedScopes":[]},"contributions":{},"includedScopes":[]},"contributions":{},"includedScopes":[]},"contributions":{},"includedScopes":[]},"sourceMap":{"end":{"column":22,"line":40,"offset":1224},"start":{"column":17,"line":40,"offset":1219}},"value":12750},{"args":[{"id":"aa6e27b3-bfc1-4e4a-ba8d-2f1140cfaa7d","metadata":[],"scope":{"containerScope":{"containerScope":{"containerScope":{"containerScope":{"containerScope":{"containerScope":{"containerScope":{"containerScope":{"contributions":{},"includedScopes":[]},"contributions":{},"includedScopes":[]},"contributions":{},"includedScopes":[{"contributions":{},"includedScopes":[]},{"contributions":{},"includedScopes":[]}]},"contributions":{},"includedScopes":[{"containerScope":{"containerScope":{"containerScope":{"contributions":{},"includedScopes":[]},"contributions":{},"includedScopes":[]},"contributions":{},"includedScopes":[]},"contributions":{},"includedScopes":[]}]},"contributions":{},"includedScopes":[]},"contributions":{},"includedScopes":[]},"contributions":{},"includedScopes":[]},"contributions":{},"includedScopes":[]},"contributions":{},"includedScopes":[]},"sourceMap":{"end":{"column":63,"line":40,"offset":1265},"start":{"column":61,"line":40,"offset":1263}},"value":90}],"id":"75e16ed9-87ba-442d-a918-ca788f5f6876","message":"caloriasAQuemar","metadata":[],"receiver":{"id":"e673eada-0fc8-432d-9aaa-2fe6b4c2ff06","metadata":[],"name":"remarEnCaminoRemeros","scope":{"containerScope":{"containerScope":{"containerScope":{"containerScope":{"containerScope":{"containerScope":{"containerScope":{"containerScope":{"contributions":{},"includedScopes":[]},"contributions":{},"includedScopes":[]},"contributions":{},"includedScopes":[{"contributions":{},"includedScopes":[]},{"contributions":{},"includedScopes":[]}]},"contributions":{},"includedScopes":[{"containerScope":{"containerScope":{"containerScope":{"contributions":{},"includedScopes":[]},"contributions":{},"includedScopes":[]},"contributions":{},"includedScopes":[]},"contributions":{},"includedScopes":[]}]},"contributions":{},"includedScopes":[]},"contributions":{},"includedScopes":[]},"contributions":{},"includedScopes":[]},"contributions":{},"includedScopes":[]},"contributions":{},"includedScopes":[]},"sourceMap":{"end":{"column":44,"line":40,"offset":1246},"start":{"column":24,"line":40,"offset":1226}}},"scope":{"containerScope":{"containerScope":{"containerScope":{"containerScope":{"containerScope":{"containerScope":{"containerScope":{"contributions":{},"includedScopes":[]},"contributions":{},"includedScopes":[]},"contributions":{},"includedScopes":[{"contributions":{},"includedScopes":[]},{"contributions":{},"includedScopes":[]}]},"contributions":{},"includedScopes":[{"containerScope":{"containerScope":{"containerScope":{"contributions":{},"includedScopes":[]},"contributions":{},"includedScopes":[]},"contributions":{},"includedScopes":[]},"contributions":{},"includedScopes":[]}]},"contributions":{},"includedScopes":[]},"contributions":{},"includedScopes":[]},"contributions":{},"includedScopes":[]},"contributions":{},"includedScopes":[]},"sourceMap":{"end":{"column":64,"line":40,"offset":1266},"start":{"column":24,"line":40,"offset":1226}}}],"id":"41a9f5be-8802-464c-930d-c2a70d6fc892","message":"equals","metadata":[],"receiver":{"id":"01380149-753b-49a1-a8c8-879512c0f0ae","metadata":[],"name":"assert","scope":{"containerScope":{"containerScope":{"containerScope":{"containerScope":{"containerScope":{"containerScope":{"containerScope":{"contributions":{},"includedScopes":[]},"contributions":{},"includedScopes":[]},"contributions":{},"includedScopes":[{"contributions":{},"includedScopes":[]},{"contributions":{},"includedScopes":[]}]},"contributions":{},"includedScopes":[{"containerScope":{"containerScope":{"containerScope":{"contributions":{},"includedScopes":[]},"contributions":{},"includedScopes":[]},"contributions":{},"includedScopes":[]},"contributions":{},"includedScopes":[]}]},"contributions":{},"includedScopes":[]},"contributions":{},"includedScopes":[]},"contributions":{},"includedScopes":[]},"contributions":{},"includedScopes":[]},"sourceMap":{"end":{"column":9,"line":40,"offset":1211},"start":{"column":3,"line":40,"offset":1205}}},"scope":{"containerScope":{"containerScope":{"containerScope":{"containerScope":{"containerScope":{"containerScope":{"contributions":{},"includedScopes":[]},"contributions":{},"includedScopes":[]},"contributions":{},"includedScopes":[{"contributions":{},"includedScopes":[]},{"contributions":{},"includedScopes":[]}]},"contributions":{},"includedScopes":[{"containerScope":{"containerScope":{"containerScope":{"contributions":{},"includedScopes":[]},"contributions":{},"includedScopes":[]},"contributions":{},"includedScopes":[]},"contributions":{},"includedScopes":[]}]},"contributions":{},"includedScopes":[]},"contributions":{},"includedScopes":[]},"contributions":{},"includedScopes":[]},"sourceMap":{"end":{"column":65,"line":40,"offset":1267},"start":{"column":3,"line":40,"offset":1205}}}],"sourceMap":{"end":{"column":3,"line":41,"offset":1270},"start":{"column":39,"line":38,"offset":1139}}},"id":"fb13b11a-f1b0-4849-bb89-b6e19d87783f","isOnly":false,"metadata":[],"name":"\"1.4 consulta remo competitivo\"","scope":{"containerScope":{"containerScope":{"containerScope":{"containerScope":{"contributions":{},"includedScopes":[]},"contributions":{},"includedScopes":[]},"contributions":{},"includedScopes":[{"contributions":{},"includedScopes":[]},{"contributions":{},"includedScopes":[]}]},"contributions":{},"includedScopes":[{"containerScope":{"containerScope":{"containerScope":{"contributions":{},"includedScopes":[]},"contributions":{},"includedScopes":[]},"contributions":{},"includedScopes":[]},"contributions":{},"includedScopes":[]}]},"contributions":{},"includedScopes":[]},"sourceMap":{"end":{"column":3,"line":41,"offset":1270},"start":{"column":2,"line":38,"offset":1102}}}],"metadata":[{"args":{"position":"inner","text":"//Punto 2: Personas"},"name":"comment"},{"args":{"position":"inner","text":"//ATENCION: usar el metodo truncate(3) para truncar un numero a 3 decimales"},"name":"comment"},{"args":{"position":"inner","text":"// Ej: 1.2345.truncate(3) -> devuelve 1.234 "},"name":"comment"},{"args":{"position":"inner","text":"//\ttest '2.1.1 test sedentario running' {"},"name":"comment"},{"args":{"position":"inner","text":"//\t\t// hacer que calamardo practique correrEnLaPlaya"},"name":"comment"},{"args":{"position":"inner","text":"//\t\t// el peso de calamardo debería ser 59.948 (truncado a 3 decimales)"},"name":"comment"},{"args":{"position":"inner","text":"//\t} "},"name":"comment"},{"args":{"position":"inner","text":"//\ttest '2.1.2 test sedentario maraton' {"},"name":"comment"},{"args":{"position":"inner","text":"//\t\t// hacer que calamardo practique maratonBA"},"name":"comment"},{"args":{"position":"inner","text":"//\t\t// el peso de calamardo debería ser 59.871 (truncado a 3 decimales)"},"name":"comment"},{"args":{"position":"inner","text":"//\t} "},"name":"comment"},{"args":{"position":"inner","text":"//\ttest '2.1.3 test sedentario remo' {"},"name":"comment"},{"args":{"position":"inner","text":"//\t\t// hacer que calamardo practique remarEnElDelta"},"name":"comment"},{"args":{"position":"inner","text":"//\t\t// el peso de calamardo debería ser 59.925 (truncado a 3 decimales)"},"name":"comment"},{"args":{"position":"inner","text":"//\t} "},"name":"comment"},{"args":{"position":"inner","text":"//\ttest '2.1.3 test sedentario remo competicion' {"},"name":"comment"},{"args":{"position":"inner","text":"//\t\t// hacer que calamardo practique remarEnCaminoRemeros"},"name":"comment"},{"args":{"position":"inner","text":"//\t\t// el peso de calamardo debería ser 59.927 (truncado a 3 decimales)"},"name":"comment"},{"args":{"position":"inner","text":"//\t} "},"name":"comment"},{"args":{"position":"inner","text":"//\ttest '2.1.5 test sedentario no puede practicar' {"},"name":"comment"},{"args":{"position":"inner","text":"//\t\t// Hacer que el peso de calamardo sea 40"},"name":"comment"},{"args":{"position":"inner","text":"//\t\t// hacer que calamardo practique correrEnLaPlaya (NO SE PUEDE!)"},"name":"comment"},{"args":{"position":"inner","text":"//\t\t// el peso de calamardo debería ser 40 "},"name":"comment"},{"args":{"position":"inner","text":"//\t} "},"name":"comment"},{"args":{"position":"inner","text":"//\ttest \"2.2.1 test atleta running\" {"},"name":"comment"},{"args":{"position":"inner","text":"//\t\t// hacer que bob practique correrEnLaPlaya"},"name":"comment"},{"args":{"position":"inner","text":"//\t\t// el peso de bob debería ser 39.725 (truncado a 3 decimales)"},"name":"comment"},{"args":{"position":"inner","text":"//\t }"},"name":"comment"},{"args":{"position":"inner","text":"//\ttest \"2.2.2 test atleta maraton\" {"},"name":"comment"},{"args":{"position":"inner","text":"//\t\t// hacer que bob practique maratonBA"},"name":"comment"},{"args":{"position":"inner","text":"//\t\t// el peso de bob debería ser 37.812 (truncado a 3 decimales)"},"name":"comment"},{"args":{"position":"inner","text":"//\t }"},"name":"comment"},{"args":{"position":"inner","text":"//\ttest \"2.2.3 test atleta remo\" {"},"name":"comment"},{"args":{"position":"inner","text":"//\t\t// hacer que bob practique remarEnElDelta( NO SE PUEDE!)"},"name":"comment"},{"args":{"position":"inner","text":"//\t\t// el peso de bob debería ser 40 "},"name":"comment"},{"args":{"position":"inner","text":"//\t}"},"name":"comment"},{"args":{"position":"inner","text":"//\ttest \"2.2.3 test atleta remo de competición\" {"},"name":"comment"},{"args":{"position":"inner","text":"//\t\t// hacer que bob practique remarEnCaminoRemeros"},"name":"comment"},{"args":{"position":"inner","text":"//\t\t// el peso de bob debería ser 39.406"},"name":"comment"},{"args":{"position":"inner","text":"//\t}"},"name":"comment"},{"args":{"position":"inner","text":"//punto 3: Consultas"},"name":"comment"},{"args":{"position":"inner","text":"//\ttest \"3.1 el mejor predio\" {"},"name":"comment"},{"args":{"position":"inner","text":"//\t\t//El mejor predio del clubBarrial para bob debería ser recreo\t\t"},"name":"comment"},{"args":{"position":"inner","text":"//\t\t//El mejor predio del clubBarrial para calamardo debería ser recreo\t\t"},"name":"comment"},{"args":{"position":"inner","text":"//\t}\t"},"name":"comment"},{"args":{"position":"inner","text":"//\ttest \"3.2 predios tranquis\" {"},"name":"comment"},{"args":{"position":"inner","text":"//\t\t//No debería haber predios tranquis en el clubBarrial para bob"},"name":"comment"},{"args":{"position":"inner","text":"//\t\t//Los predios tranquis del clubBarrial para calamardo solo incluyen a recreo  "},"name":"comment"},{"args":{"position":"inner","text":"//\t}"},"name":"comment"},{"args":{"position":"inner","text":"//\ttest \"3.3 rutinas más exigentes\" {"},"name":"comment"},{"args":{"position":"inner","text":"//\t\t//Las rutinas más exigentes del clubBarrial para bob son maratonBA y remarEnCaminoRemeros"},"name":"comment"},{"args":{"position":"inner","text":"//\t\t//Las rutinas más exigentes del clubBarrial para calamardo son maratonBA y remarEnElDelta"},"name":"comment"},{"args":{"position":"inner","text":"//\t}"},"name":"comment"}],"name":"\"rutinas\"","problems":[{"code":"malformedMember","sourceMap":{"end":{"column":0,"line":15,"offset":441},"start":{"column":9,"line":14,"offset":400}}}],"scope":{"containerScope":{"containerScope":{"containerScope":{"contributions":{},"includedScopes":[]},"contributions":{},"includedScopes":[]},"contributions":{},"includedScopes":[{"contributions":{},"includedScopes":[]},{"contributions":{},"includedScopes":[]}]},"contributions":{},"includedScopes":[{"containerScope":{"containerScope":{"containerScope":{"contributions":{},"includedScopes":[]},"contributions":{},"includedScopes":[]},"contributions":{},"includedScopes":[]},"contributions":{},"includedScopes":[]}]},"sourceMap":{"end":{"column":2,"line":109,"offset":3565},"start":{"column":1,"line":4,"offset":36}},"supertypes":[{"args":[],"metadata":[],"reference":{"metadata":[],"name":"wollok.lang.Object","scope":{"containerScope":{"containerScope":{"containerScope":{"containerScope":{"contributions":{},"includedScopes":[]},"contributions":{},"includedScopes":[]},"contributions":{},"includedScopes":[{"contributions":{},"includedScopes":[]},{"contributions":{},"includedScopes":[]}]},"contributions":{},"includedScopes":[{"containerScope":{"containerScope":{"containerScope":{"contributions":{},"includedScopes":[]},"contributions":{},"includedScopes":[]},"contributions":{},"includedScopes":[]},"contributions":{},"includedScopes":[]}]},"contributions":{},"includedScopes":[]}},"scope":{"containerScope":{"containerScope":{"containerScope":{"containerScope":{"contributions":{},"includedScopes":[]},"contributions":{},"includedScopes":[]},"contributions":{},"includedScopes":[{"contributions":{},"includedScopes":[]},{"contributions":{},"includedScopes":[]}]},"contributions":{},"includedScopes":[{"containerScope":{"containerScope":{"containerScope":{"contributions":{},"includedScopes":[]},"contributions":{},"includedScopes":[]},"contributions":{},"includedScopes":[]},"contributions":{},"includedScopes":[]}]},"contributions":{},"includedScopes":[]}}]},"stack":"Error: Failed to print, found malformed node\n    at /home/publico/.var/app/com.visualstudio.code/data/vscode/extensions/uqbar.wollok-lsp-ide-0.5.3/out/server/src/server.js:68:3585\n    at Gbn (/home/publico/.var/app/com.visualstudio.code/data/vscode/extensions/uqbar.wollok-lsp-ide-0.5.3/out/server/src/server.js:68:3396)\n    at /home/publico/.var/app/com.visualstudio.code/data/vscode/extensions/uqbar.wollok-lsp-ide-0.5.3/out/server/src/server.js:2393:847\n    at /home/publico/.var/app/com.visualstudio.code/data/vscode/extensions/uqbar.wollok-lsp-ide-0.5.3/out/server/src/server.js:2393:8440\n    at /home/publico/.var/app/com.visualstudio.code/data/vscode/extensions/uqbar.wollok-lsp-ide-0.5.3/out/server/src/server.js:37:74770\n    at Ye (/home/publico/.var/app/com.visualstudio.code/data/vscode/extensions/uqbar.wollok-lsp-ide-0.5.3/out/server/src/server.js:7:8527)\n    at qt (/home/publico/.var/app/com.visualstudio.code/data/vscode/extensions/uqbar.wollok-lsp-ide-0.5.3/out/server/src/server.js:7:6189)\n    at ot (/home/publico/.var/app/com.visualstudio.code/data/vscode/extensions/uqbar.wollok-lsp-ide-0.5.3/out/server/src/server.js:7:6378)\n    at Immediate._onImmediate (/home/publico/.var/app/com.visualstudio.code/data/vscode/extensions/uqbar.wollok-lsp-ide-0.5.3/out/server/src/server.js:7:6142)\n    at process.processImmediate (node:internal/timers:485:21)","timestamp":"2025-10-22T15:19:04.864Z"}
{"level":"error","message":"✘ Failed to get type description: Error: Failed to print, found malformed node Failed to print, found malformed node","node":{"id":"e03af5d6-57d1-47e7-987e-80309b5c5189","members":[{"id":"91a66e5a-0b1c-4d12-b164-15bd3bce0fe3","isConstant":true,"isProperty":false,"metadata":[{"args":{"position":"start","text":"// Punto 1: rutinas"},"name":"comment"}],"name":"correrEnLaPlaya","scope":{"containerScope":{"containerScope":{"containerScope":{"containerScope":{"contributions":{},"includedScopes":[]},"contributions":{},"includedScopes":[]},"contributions":{},"includedScopes":[{"contributions":{},"includedScopes":[]},{"contributions":{},"includedScopes":[]}]},"contributions":{},"includedScopes":[{"containerScope":{"containerScope":{"containerScope":{"contributions":{},"includedScopes":[]},"contributions":{},"includedScopes":[]},"contributions":{},"includedScopes":[]},"contributions":{},"includedScopes":[]}]},"contributions":{},"includedScopes":[]},"sourceMap":{"end":{"column":61,"line":7,"offset":138},"start":{"column":4,"line":7,"offset":81}},"value":{"args":[{"id":"b459e75a-45a7-4ad8-adf3-867cba8a14b5","metadata":[],"name":"intensidad","scope":{"containerScope":{"containerScope":{"containerScope":{"containerScope":{"containerScope":{"containerScope":{"contributions":{},"includedScopes":[]},"contributions":{},"includedScopes":[]},"contributions":{},"includedScopes":[{"contributions":{},"includedScopes":[]},{"contributions":{},"includedScopes":[]}]},"contributions":{},"includedScopes":[{"containerScope":{"containerScope":{"containerScope":{"contributions":{},"includedScopes":[]},"contributions":{},"includedScopes":[]},"contributions":{},"includedScopes":[]},"contributions":{},"includedScopes":[]}]},"contributions":{},"includedScopes":[]},"contributions":{},"includedScopes":[]},"contributions":{},"includedScopes":[]},"sourceMap":{"end":{"column":60,"line":7,"offset":137},"start":{"column":44,"line":7,"offset":121}},"value":{"id":"45e8723d-b495-4ee5-80c0-e76dce2455d7","metadata":[],"scope":{"containerScope":{"containerScope":{"containerScope":{"containerScope":{"containerScope":{"containerScope":{"containerScope":{"contributions":{},"includedScopes":[]},"contributions":{},"includedScopes":[]},"contributions":{},"includedScopes":[{"contributions":{},"includedScopes":[]},{"contributions":{},"includedScopes":[]}]},"contributions":{},"includedScopes":[{"containerScope":{"containerScope":{"containerScope":{"contributions":{},"includedScopes":[]},"contributions":{},"includedScopes":[]},"contributions":{},"includedScopes":[]},"contributions":{},"includedScopes":[]}]},"contributions":{},"includedScopes":[]},"contributions":{},"includedScopes":[]},"contributions":{},"includedScopes":[]},"contributions":{},"includedScopes":[]},"sourceMap":{"end":{"column":60,"line":7,"offset":137},"start":{"column":57,"line":7,"offset":134}},"value":1.2}}],"id":"c40640e9-5341-4764-a4a1-12bfd6ef7702","instantiated":{"id":"17b80462-252c-4af4-b02e-3995852615c9","metadata":[],"name":"Running","scope":{"containerScope":{"containerScope":{"containerScope":{"containerScope":{"containerScope":{"containerScope":{"contributions":{},"includedScopes":[]},"contributions":{},"includedScopes":[]},"contributions":{},"includedScopes":[{"contributions":{},"includedScopes":[]},{"contributions":{},"includedScopes":[]}]},"contributions":{},"includedScopes":[{"containerScope":{"containerScope":{"containerScope":{"contributions":{},"includedScopes":[]},"contributions":{},"includedScopes":[]},"contributions":{},"includedScopes":[]},"contributions":{},"includedScopes":[]}]},"contributions":{},"includedScopes":[]},"contributions":{},"includedScopes":[]},"contributions":{},"includedScopes":[]},"sourceMap":{"end":{"column":43,"line":7,"offset":120},"start":{"column":36,"line":7,"offset":113}}},"metadata":[],"scope":{"containerScope":{"containerScope":{"containerScope":{"containerScope":{"containerScope":{"contributions":{},"includedScopes":[]},"contributions":{},"includedScopes":[]},"contributions":{},"includedScopes":[{"contributions":{},"includedScopes":[]},{"contributions":{},"includedScopes":[]}]},"contributions":{},"includedScopes":[{"containerScope":{"containerScope":{"containerScope":{"contributions":{},"includedScopes":[]},"contributions":{},"includedScopes":[]},"contributions":{},"includedScopes":[]},"contributions":{},"includedScopes":[]}]},"contributions":{},"includedScopes":[]},"contributions":{},"includedScopes":[]},"sourceMap":{"end":{"column":61,"line":7,"offset":138},"start":{"column":32,"line":7,"offset":109}}}},{"id":"b348cb9d-2af1-4d3b-9579-6f5f2986f0d1","isConstant":true,"isProperty":false,"metadata":[],"name":"maratonBA","scope":{"containerScope":{"containerScope":{"containerScope":{"containerScope":{"contributions":{},"includedScopes":[]},"contributions":{},"includedScopes":[]},"contributions":{},"includedScopes":[{"contributions":{},"includedScopes":[]},{"contributions":{},"includedScopes":[]}]},"contributions":{},"includedScopes":[{"containerScope":{"containerScope":{"containerScope":{"contributions":{},"includedScopes":[]},"contributions":{},"includedScopes":[]},"contributions":{},"includedScopes":[]},"contributions":{},"includedScopes":[]}]},"contributions":{},"includedScopes":[]},"sourceMap":{"end":{"column":57,"line":8,"offset":195},"start":{"column":2,"line":8,"offset":140}},"value":{"args":[{"id":"5525c8ef-a619-4665-bb13-644d17a7be57","metadata":[],"name":"intensidad","scope":{"containerScope":{"containerScope":{"containerScope":{"containerScope":{"containerScope":{"containerScope":{"contributions":{},"includedScopes":[]},"contributions":{},"includedScopes":[]},"contributions":{},"includedScopes":[{"contributions":{},"includedScopes":[]},{"contributions":{},"includedScopes":[]}]},"contributions":{},"includedScopes":[{"containerScope":{"containerScope":{"containerScope":{"contributions":{},"includedScopes":[]},"contributions":{},"includedScopes":[]},"contributions":{},"includedScopes":[]},"contributions":{},"includedScopes":[]}]},"contributions":{},"includedScopes":[]},"contributions":{},"includedScopes":[]},"contributions":{},"includedScopes":[]},"sourceMap":{"end":{"column":56,"line":8,"offset":194},"start":{"column":40,"line":8,"offset":178}},"value":{"id":"e81289f9-9b17-41c9-b880-49e36cecdfb5","metadata":[],"scope":{"containerScope":{"containerScope":{"containerScope":{"containerScope":{"containerScope":{"containerScope":{"containerScope":{"contributions":{},"includedScopes":[]},"contributions":{},"includedScopes":[]},"contributions":{},"includedScopes":[{"contributions":{},"includedScopes":[]},{"contributions":{},"includedScopes":[]}]},"contributions":{},"includedScopes":[{"containerScope":{"containerScope":{"containerScope":{"contributions":{},"includedScopes":[]},"contributions":{},"includedScopes":[]},"contributions":{},"includedScopes":[]},"contributions":{},"includedScopes":[]}]},"contributions":{},"includedScopes":[]},"contributions":{},"includedScopes":[]},"contributions":{},"includedScopes":[]},"contributions":{},"includedScopes":[]},"sourceMap":{"end":{"column":56,"line":8,"offset":194},"start":{"column":53,"line":8,"offset":191}},"value":1.5}}],"id":"39e16b03-d2ce-42e6-bf87-df29decee9ad","instantiated":{"id":"fa5ae931-688e-422b-b344-0c03cf00f14a","metadata":[],"name":"Maraton","scope":{"containerScope":{"containerScope":{"containerScope":{"containerScope":{"containerScope":{"containerScope":{"contributions":{},"includedScopes":[]},"contributions":{},"includedScopes":[]},"contributions":{},"includedScopes":[{"contributions":{},"includedScopes":[]},{"contributions":{},"includedScopes":[]}]},"contributions":{},"includedScopes":[{"containerScope":{"containerScope":{"containerScope":{"contributions":{},"includedScopes":[]},"contributions":{},"includedScopes":[]},"contributions":{},"includedScopes":[]},"contributions":{},"includedScopes":[]}]},"contributions":{},"includedScopes":[]},"contributions":{},"includedScopes":[]},"contributions":{},"includedScopes":[]},"sourceMap":{"end":{"column":39,"line":8,"offset":177},"start":{"column":32,"line":8,"offset":170}}},"metadata":[],"scope":{"containerScope":{"containerScope":{"containerScope":{"containerScope":{"containerScope":{"contributions":{},"includedScopes":[]},"contributions":{},"includedScopes":[]},"contributions":{},"includedScopes":[{"contributions":{},"includedScopes":[]},{"contributions":{},"includedScopes":[]}]},"contributions":{},"includedScopes":[{"containerScope":{"containerScope":{"containerScope":{"contributions":{},"includedScopes":[]},"contributions":{},"includedScopes":[]},"contributions":{},"includedScopes":[]},"contributions":{},"includedScopes":[]}]},"contributions":{},"includedScopes":[]},"contributions":{},"includedScopes":[]},"sourceMap":{"end":{"column":57,"line":8,"offset":195},"start":{"column":28,"line":8,"offset":166}}}},{"id":"4d3e2069-817a-474a-af38-b463904fe656","isConstant":true,"isProperty":false,"metadata":[],"name":"remarEnElDelta","scope":{"containerScope":{"containerScope":{"containerScope":{"containerScope":{"contributions":{},"includedScopes":[]},"contributions":{},"includedScopes":[]},"contributions":{},"includedScopes":[{"contributions":{},"includedScopes":[]},{"contributions":{},"includedScopes":[]}]},"contributions":{},"includedScopes":[{"containerScope":{"containerScope":{"containerScope":{"contributions":{},"includedScopes":[]},"contributions":{},"includedScopes":[]},"contributions":{},"includedScopes":[]},"contributions":{},"includedScopes":[]}]},"contributions":{},"includedScopes":[]},"sourceMap":{"end":{"column":41,"line":9,"offset":236},"start":{"column":2,"line":9,"offset":197}},"value":{"args":[],"id":"9e4bbe4b-a7cc-4fa6-b4c5-7507c8c78b2d","instantiated":{"id":"9dc5ed39-9574-44c0-8972-fa4490075b7f","metadata":[],"name":"Remo","scope":{"containerScope":{"containerScope":{"containerScope":{"containerScope":{"containerScope":{"containerScope":{"contributions":{},"includedScopes":[]},"contributions":{},"includedScopes":[]},"contributions":{},"includedScopes":[{"contributions":{},"includedScopes":[]},{"contributions":{},"includedScopes":[]}]},"contributions":{},"includedScopes":[{"containerScope":{"containerScope":{"containerScope":{"contributions":{},"includedScopes":[]},"contributions":{},"includedScopes":[]},"contributions":{},"includedScopes":[]},"contributions":{},"includedScopes":[]}]},"contributions":{},"includedScopes":[]},"contributions":{},"includedScopes":[]},"contributions":{},"includedScopes":[]},"sourceMap":{"end":{"column":39,"line":9,"offset":234},"start":{"column":35,"line":9,"offset":230}}},"metadata":[],"scope":{"containerScope":{"containerScope":{"containerScope":{"containerScope":{"containerScope":{"contributions":{},"includedScopes":[]},"contributions":{},"includedScopes":[]},"contributions":{},"includedScopes":[{"contributions":{},"includedScopes":[]},{"contributions":{},"includedScopes":[]}]},"contributions":{},"includedScopes":[{"containerScope":{"containerScope":{"containerScope":{"contributions":{},"includedScopes":[]},"contributions":{},"includedScopes":[]},"contributions":{},"includedScopes":[]},"contributions":{},"includedScopes":[]}]},"contributions":{},"includedScopes":[]},"contributions":{},"includedScopes":[]},"sourceMap":{"end":{"column":41,"line":9,"offset":236},"start":{"column":31,"line":9,"offset":226}}}},{"id":"04899661-0d6a-4e5f-92bf-5ac2c8dd093e","isConstant":true,"isProperty":false,"metadata":[],"name":"remarEnCaminoRemeros","scope":{"containerScope":{"containerScope":{"containerScope":{"containerScope":{"contributions":{},"includedScopes":[]},"contributions":{},"includedScopes":[]},"contributions":{},"includedScopes":[{"contributions":{},"includedScopes":[]},{"contributions":{},"includedScopes":[]}]},"contributions":{},"includedScopes":[{"containerScope":{"containerScope":{"containerScope":{"contributions":{},"includedScopes":[]},"contributions":{},"includedScopes":[]},"contributions":{},"includedScopes":[]},"contributions":{},"includedScopes":[]}]},"contributions":{},"includedScopes":[]},"sourceMap":{"end":{"column":54,"line":10,"offset":290},"start":{"column":2,"line":10,"offset":238}},"value":{"args":[],"id":"8676e7a3-533a-4b84-9dfa-61b45fd599ee","instantiated":{"id":"9e657700-371e-4d6d-9c5c-7e3cacae059d","metadata":[],"name":"RemoDeCompeticion","scope":{"containerScope":{"containerScope":{"containerScope":{"containerScope":{"containerScope":{"containerScope":{"contributions":{},"includedScopes":[]},"contributions":{},"includedScopes":[]},"contributions":{},"includedScopes":[{"contributions":{},"includedScopes":[]},{"contributions":{},"includedScopes":[]}]},"contributions":{},"includedScopes":[{"containerScope":{"containerScope":{"containerScope":{"contributions":{},"includedScopes":[]},"contributions":{},"includedScopes":[]},"contributions":{},"includedScopes":[]},"contributions":{},"includedScopes":[]}]},"contributions":{},"includedScopes":[]},"contributions":{},"includedScopes":[]},"contributions":{},"includedScopes":[]},"sourceMap":{"end":{"column":52,"line":10,"offset":288},"start":{"column":35,"line":10,"offset":271}}},"metadata":[],"scope":{"containerScope":{"containerScope":{"containerScope":{"containerScope":{"containerScope":{"contributions":{},"includedScopes":[]},"contributions":{},"includedScopes":[]},"contributions":{},"includedScopes":[{"contributions":{},"includedScopes":[]},{"contributions":{},"includedScopes":[]}]},"contributions":{},"includedScopes":[{"containerScope":{"containerScope":{"containerScope":{"contributions":{},"includedScopes":[]},"contributions":{},"includedScopes":[]},"contributions":{},"includedScopes":[]},"contributions":{},"includedScopes":[]}]},"contributions":{},"includedScopes":[]},"contributions":{},"includedScopes":[]},"sourceMap":{"end":{"column":54,"line":10,"offset":290},"start":{"column":31,"line":10,"offset":267}}}},{"id":"d80330c5-7109-49e7-a4e3-b48dfea6ef81","isConstant":true,"isProperty":false,"metadata":[{"args":{"position":"start","text":"//Punto 2: personas"},"name":"comment"}],"name":"calamardo","scope":{"containerScope":{"containerScope":{"containerScope":{"containerScope":{"contributions":{},"includedScopes":[]},"contributions":{},"includedScopes":[]},"contributions":{},"includedScopes":[{"contributions":{},"includedScopes":[]},{"contributions":{},"includedScopes":[]}]},"contributions":{},"includedScopes":[{"containerScope":{"containerScope":{"containerScope":{"contributions":{},"includedScopes":[]},"contributions":{},"includedScopes":[]},"contributions":{},"includedScopes":[]},"contributions":{},"includedScopes":[]}]},"contributions":{},"includedScopes":[]},"sourceMap":{"end":{"column":8,"line":14,"offset":399},"start":{"column":2,"line":13,"offset":313}},"value":{"id":"efe2504c-4c7c-400f-97b3-9b360ffb68e1","metadata":[{"args":{"position":"start","text":"//Una persona Sedentaria con peso 60 y tiempo de ejercicio 5"},"name":"comment"}],"name":"const","scope":{"containerScope":{"containerScope":{"containerScope":{"containerScope":{"containerScope":{"contributions":{},"includedScopes":[]},"contributions":{},"includedScopes":[]},"contributions":{},"includedScopes":[{"contributions":{},"includedScopes":[]},{"contributions":{},"includedScopes":[]}]},"contributions":{},"includedScopes":[{"containerScope":{"containerScope":{"containerScope":{"contributions":{},"includedScopes":[]},"contributions":{},"includedScopes":[]},"contributions":{},"includedScopes":[]},"contributions":{},"includedScopes":[]}]},"contributions":{},"includedScopes":[]},"contributions":{},"includedScopes":[]},"sourceMap":{"end":{"column":8,"line":14,"offset":399},"start":{"column":3,"line":14,"offset":394}}}},{"body":{"id":"58d7eb32-4f94-4264-ae25-5f8c692715b6","metadata":[],"problems":[],"scope":{"containerScope":{"containerScope":{"containerScope":{"containerScope":{"containerScope":{"contributions":{},"includedScopes":[]},"contributions":{},"includedScopes":[]},"contributions":{},"includedScopes":[{"contributions":{},"includedScopes":[]},{"contributions":{},"includedScopes":[]}]},"contributions":{},"includedScopes":[{"containerScope":{"containerScope":{"containerScope":{"contributions":{},"includedScopes":[]},"contributions":{},"includedScopes":[]},"contributions":{},"includedScopes":[]},"contributions":{},"includedScopes":[]}]},"contributions":{},"includedScopes":[]},"contributions":{},"includedScopes":[]},"sentences":[{"args":[{"id":"1d832512-e203-4b72-b0ad-7b9ac785f119","metadata":[],"scope":{"containerScope":{"containerScope":{"containerScope":{"containerScope":{"containerScope":{"containerScope":{"containerScope":{"contributions":{},"includedScopes":[]},"contributions":{},"includedScopes":[]},"contributions":{},"includedScopes":[{"contributions":{},"includedScopes":[]},{"contributions":{},"includedScopes":[]}]},"contributions":{},"includedScopes":[{"containerScope":{"containerScope":{"containerScope":{"contributions":{},"includedScopes":[]},"contributions":{},"includedScopes":[]},"contributions":{},"includedScopes":[]},"contributions":{},"includedScopes":[]}]},"contributions":{},"includedScopes":[]},"contributions":{},"includedScopes":[]},"contributions":{},"includedScopes":[]},"contributions":{},"includedScopes":[]},"sourceMap":{"end":{"column":20,"line":24,"offset":713},"start":{"column":17,"line":24,"offset":710}},"value":360},{"args":[{"id":"403594e1-e1d7-4349-86af-5dd0bac18299","metadata":[],"scope":{"containerScope":{"containerScope":{"containerScope":{"containerScope":{"containerScope":{"containerScope":{"containerScope":{"containerScope":{"contributions":{},"includedScopes":[]},"contributions":{},"includedScopes":[]},"contributions":{},"includedScopes":[{"contributions":{},"includedScopes":[]},{"contributions":{},"includedScopes":[]}]},"contributions":{},"includedScopes":[{"containerScope":{"containerScope":{"containerScope":{"contributions":{},"includedScopes":[]},"contributions":{},"includedScopes":[]},"contributions":{},"includedScopes":[]},"contributions":{},"includedScopes":[]}]},"contributions":{},"includedScopes":[]},"contributions":{},"includedScopes":[]},"contributions":{},"includedScopes":[]},"contributions":{},"includedScopes":[]},"contributions":{},"includedScopes":[]},"sourceMap":{"end":{"column":55,"line":24,"offset":748},"start":{"column":54,"line":24,"offset":747}},"value":5}],"id":"a4ce5608-e101-4478-9ec0-2efa42c41dfd","message":"caloriasAQuemar","metadata":[],"receiver":{"id":"327acd5c-7058-47d2-b8d1-1db0d5c1c371","metadata":[],"name":"correrEnLaPlaya","scope":{"containerScope":{"containerScope":{"containerScope":{"containerScope":{"containerScope":{"containerScope":{"containerScope":{"containerScope":{"contributions":{},"includedScopes":[]},"contributions":{},"includedScopes":[]},"contributions":{},"includedScopes":[{"contributions":{},"includedScopes":[]},{"contributions":{},"includedScopes":[]}]},"contributions":{},"includedScopes":[{"containerScope":{"containerScope":{"containerScope":{"contributions":{},"includedScopes":[]},"contributions":{},"includedScopes":[]},"contributions":{},"includedScopes":[]},"contributions":{},"includedScopes":[]}]},"contributions":{},"includedScopes":[]},"contributions":{},"includedScopes":[]},"contributions":{},"includedScopes":[]},"contributions":{},"includedScopes":[]},"contributions":{},"includedScopes":[]},"sourceMap":{"end":{"column":37,"line":24,"offset":730},"start":{"column":22,"line":24,"offset":715}}},"scope":{"containerScope":{"containerScope":{"containerScope":{"containerScope":{"containerScope":{"containerScope":{"containerScope":{"contributions":{},"includedScopes":[]},"contributions":{},"includedScopes":[]},"contributions":{},"includedScopes":[{"contributions":{},"includedScopes":[]},{"contributions":{},"includedScopes":[]}]},"contributions":{},"includedScopes":[{"containerScope":{"containerScope":{"containerScope":{"contributions":{},"includedScopes":[]},"contributions":{},"includedScopes":[]},"contributions":{},"includedScopes":[]},"contributions":{},"includedScopes":[]}]},"contributions":{},"includedScopes":[]},"contributions":{},"includedScopes":[]},"contributions":{},"includedScopes":[]},"contributions":{},"includedScopes":[]},"sourceMap":{"end":{"column":56,"line":24,"offset":749},"start":{"column":22,"line":24,"offset":715}}}],"id":"0ade34c5-9921-4dc6-aa92-8e123abd3677","message":"equals","metadata":[],"receiver":{"id":"09003ce0-1544-4f86-8e89-1a6b7a951f7e","metadata":[],"name":"assert","scope":{"containerScope":{"containerScope":{"containerScope":{"containerScope":{"containerScope":{"containerScope":{"containerScope":{"contributions":{},"includedScopes":[]},"contributions":{},"includedScopes":[]},"contributions":{},"includedScopes":[{"contributions":{},"includedScopes":[]},{"contributions":{},"includedScopes":[]}]},"contributions":{},"includedScopes":[{"containerScope":{"containerScope":{"containerScope":{"contributions":{},"includedScopes":[]},"contributions":{},"includedScopes":[]},"contributions":{},"includedScopes":[]},"contributions":{},"includedScopes":[]}]},"contributions":{},"includedScopes":[]},"contributions":{},"includedScopes":[]},"contributions":{},"includedScopes":[]},"contributions":{},"includedScopes":[]},"sourceMap":{"end":{"column":9,"line":24,"offset":702},"start":{"column":3,"line":24,"offset":696}}},"scope":{"containerScope":{"containerScope":{"containerScope":{"containerScope":{"containerScope":{"containerScope":{"contributions":{},"includedScopes":[]},"contributions":{},"includedScopes":[]},"contributions":{},"includedScopes":[{"contributions":{},"includedScopes":[]},{"contributions":{},"includedScopes":[]}]},"contributions":{},"includedScopes":[{"containerScope":{"containerScope":{"containerScope":{"contributions":{},"includedScopes":[]},"contributions":{},"includedScopes":[]},"contributions":{},"includedScopes":[]},"contributions":{},"includedScopes":[]}]},"contributions":{},"includedScopes":[]},"contributions":{},"includedScopes":[]},"contributions":{},"includedScopes":[]},"sourceMap":{"end":{"column":57,"line":24,"offset":750},"start":{"column":3,"line":24,"offset":696}}},{"args":[{"id":"eccc32f1-d92e-45ce-a17d-6c1f0f78d66c","metadata":[],"scope":{"containerScope":{"containerScope":{"containerScope":{"containerScope":{"containerScope":{"containerScope":{"containerScope":{"contributions":{},"includedScopes":[]},"contributions":{},"includedScopes":[]},"contributions":{},"includedScopes":[{"contributions":{},"includedScopes":[]},{"contributions":{},"includedScopes":[]}]},"contributions":{},"includedScopes":[{"containerScope":{"containerScope":{"containerScope":{"contributions":{},"includedScopes":[]},"contributions":{},"includedScopes":[]},"contributions":{},"includedScopes":[]},"contributions":{},"includedScopes":[]}]},"contributions":{},"includedScopes":[]},"contributions":{},"includedScopes":[]},"contributions":{},"includedScopes":[]},"contributions":{},"includedScopes":[]},"sourceMap":{"end":{"column":22,"line":25,"offset":772},"start":{"column":17,"line":25,"offset":767}},"value":10200},{"args":[{"id":"b38ecbbd-99a8-4486-8f63-2049072f57de","metadata":[],"scope":{"containerScope":{"containerScope":{"containerScope":{"containerScope":{"containerScope":{"containerScope":{"containerScope":{"containerScope":{"contributions":{},"includedScopes":[]},"contributions":{},"includedScopes":[]},"contributions":{},"includedScopes":[{"contributions":{},"includedScopes":[]},{"contributions":{},"includedScopes":[]}]},"contributions":{},"includedScopes":[{"containerScope":{"containerScope":{"containerScope":{"contributions":{},"includedScopes":[]},"contributions":{},"includedScopes":[]},"contributions":{},"includedScopes":[]},"contributions":{},"includedScopes":[]}]},"contributions":{},"includedScopes":[]},"contributions":{},"includedScopes":[]},"contributions":{},"includedScopes":[]},"contributions":{},"includedScopes":[]},"contributions":{},"includedScopes":[]},"sourceMap":{"end":{"column":58,"line":25,"offset":808},"start":{"column":56,"line":25,"offset":806}},"value":90}],"id":"d78cf5ae-2879-4cb2-b806-9ecf6d737122","message":"caloriasAQuemar","metadata":[],"receiver":{"id":"a8593a10-5012-4f2c-805c-fd2274469b9f","metadata":[],"name":"correrEnLaPlaya","scope":{"containerScope":{"containerScope":{"containerScope":{"containerScope":{"containerScope":{"containerScope":{"containerScope":{"containerScope":{"contributions":{},"includedScopes":[]},"contributions":{},"includedScopes":[]},"contributions":{},"includedScopes":[{"contributions":{},"includedScopes":[]},{"contributions":{},"includedScopes":[]}]},"contributions":{},"includedScopes":[{"containerScope":{"containerScope":{"containerScope":{"contributions":{},"includedScopes":[]},"contributions":{},"includedScopes":[]},"contributions":{},"includedScopes":[]},"contributions":{},"includedScopes":[]}]},"contributions":{},"includedScopes":[]},"contributions":{},"includedScopes":[]},"contributions":{},"includedScopes":[]},"contributions":{},"includedScopes":[]},"contributions":{},"includedScopes":[]},"sourceMap":{"end":{"column":39,"line":25,"offset":789},"start":{"column":24,"line":25,"offset":774}}},"scope":{"containerScope":{"containerScope":{"containerScope":{"containerScope":{"containerScope":{"containerScope":{"containerScope":{"contributions":{},"includedScopes":[]},"contributions":{},"includedScopes":[]},"contributions":{},"includedScopes":[{"contributions":{},"includedScopes":[]},{"contributions":{},"includedScopes":[]}]},"contributions":{},"includedScopes":[{"containerScope":{"containerScope":{"containerScope":{"contributions":{},"includedScopes":[]},"contributions":{},"includedScopes":[]},"contributions":{},"includedScopes":[]},"contributions":{},"includedScopes":[]}]},"contributions":{},"includedScopes":[]},"contributions":{},"includedScopes":[]},"contributions":{},"includedScopes":[]},"contributions":{},"includedScopes":[]},"sourceMap":{"end":{"column":59,"line":25,"offset":809},"start":{"column":24,"line":25,"offset":774}}}],"id":"7cead8be-8858-4c86-865e-041258bf7e44","message":"equals","metadata":[],"receiver":{"id":"8707b4c0-3dbd-40c6-9078-2c6b300641ca","metadata":[],"name":"assert","scope":{"containerScope":{"containerScope":{"containerScope":{"containerScope":{"containerScope":{"containerScope":{"containerScope":{"contributions":{},"includedScopes":[]},"contributions":{},"includedScopes":[]},"contributions":{},"includedScopes":[{"contributions":{},"includedScopes":[]},{"contributions":{},"includedScopes":[]}]},"contributions":{},"includedScopes":[{"containerScope":{"containerScope":{"containerScope":{"contributions":{},"includedScopes":[]},"contributions":{},"includedScopes":[]},"contributions":{},"includedScopes":[]},"contributions":{},"includedScopes":[]}]},"contributions":{},"includedScopes":[]},"contributions":{},"includedScopes":[]},"contributions":{},"includedScopes":[]},"contributions":{},"includedScopes":[]},"sourceMap":{"end":{"column":9,"line":25,"offset":759},"start":{"column":3,"line":25,"offset":753}}},"scope":{"containerScope":{"containerScope":{"containerScope":{"containerScope":{"containerScope":{"containerScope":{"contributions":{},"includedScopes":[]},"contributions":{},"includedScopes":[]},"contributions":{},"includedScopes":[{"contributions":{},"includedScopes":[]},{"contributions":{},"includedScopes":[]}]},"contributions":{},"includedScopes":[{"containerScope":{"containerScope":{"containerScope":{"contributions":{},"includedScopes":[]},"contributions":{},"includedScopes":[]},"contributions":{},"includedScopes":[]},"contributions":{},"includedScopes":[]}]},"contributions":{},"includedScopes":[]},"contributions":{},"includedScopes":[]},"contributions":{},"includedScopes":[]},"sourceMap":{"end":{"column":60,"line":25,"offset":810},"start":{"column":3,"line":25,"offset":753}}}],"sourceMap":{"end":{"column":3,"line":26,"offset":813},"start":{"column":30,"line":23,"offset":692}}},"id":"f240ba84-d0d0-4e02-bb9c-19cbe7b0b1a2","isOnly":false,"metadata":[{"args":{"position":"start","text":"//Punto 3: clubes"},"name":"comment"},{"args":{"position":"start","text":"//const recreo = //un predio con correrEnLaPlaya y maratonBA"},"name":"comment"},{"args":{"position":"start","text":"//const nautico = //un predio con remarEnElDelta y remarEnCaminoRemeros"},"name":"comment"},{"args":{"position":"start","text":"//const clubBarrial = //un club con recreo y nautico"},"name":"comment"},{"args":{"position":"start","text":"// PUNTO 1"},"name":"comment"}],"name":"\"1.1 consulta running\"","scope":{"containerScope":{"containerScope":{"containerScope":{"containerScope":{"contributions":{},"includedScopes":[]},"contributions":{},"includedScopes":[]},"contributions":{},"includedScopes":[{"contributions":{},"includedScopes":[]},{"contributions":{},"includedScopes":[]}]},"contributions":{},"includedScopes":[{"containerScope":{"containerScope":{"containerScope":{"contributions":{},"includedScopes":[]},"contributions":{},"includedScopes":[]},"contributions":{},"includedScopes":[]},"contributions":{},"includedScopes":[]}]},"contributions":{},"includedScopes":[]},"sourceMap":{"end":{"column":3,"line":26,"offset":813},"start":{"column":2,"line":23,"offset":664}}},{"body":{"id":"f38828f6-4af8-4bc6-abce-8f9829d74a62","metadata":[],"problems":[],"scope":{"containerScope":{"containerScope":{"containerScope":{"containerScope":{"containerScope":{"contributions":{},"includedScopes":[]},"contributions":{},"includedScopes":[]},"contributions":{},"includedScopes":[{"contributions":{},"includedScopes":[]},{"contributions":{},"includedScopes":[]}]},"contributions":{},"includedScopes":[{"containerScope":{"containerScope":{"containerScope":{"contributions":{},"includedScopes":[]},"contributions":{},"includedScopes":[]},"contributions":{},"includedScopes":[]},"contributions":{},"includedScopes":[]}]},"contributions":{},"includedScopes":[]},"contributions":{},"includedScopes":[]},"sentences":[{"args":[{"id":"2141318f-2f0a-4904-af32-ed4a7a739bba","metadata":[],"scope":{"containerScope":{"containerScope":{"containerScope":{"containerScope":{"containerScope":{"containerScope":{"containerScope":{"contributions":{},"includedScopes":[]},"contributions":{},"includedScopes":[]},"contributions":{},"includedScopes":[{"contributions":{},"includedScopes":[]},{"contributions":{},"includedScopes":[]}]},"contributions":{},"includedScopes":[{"containerScope":{"containerScope":{"containerScope":{"contributions":{},"includedScopes":[]},"contributions":{},"includedScopes":[]},"contributions":{},"includedScopes":[]},"contributions":{},"includedScopes":[]}]},"contributions":{},"includedScopes":[]},"contributions":{},"includedScopes":[]},"contributions":{},"includedScopes":[]},"contributions":{},"includedScopes":[]},"sourceMap":{"end":{"column":20,"line":29,"offset":865},"start":{"column":17,"line":29,"offset":862}},"value":900},{"args":[{"id":"662f6ecc-5873-4512-ab5c-96c209c5caa4","metadata":[],"scope":{"containerScope":{"containerScope":{"containerScope":{"containerScope":{"containerScope":{"containerScope":{"containerScope":{"containerScope":{"contributions":{},"includedScopes":[]},"contributions":{},"includedScopes":[]},"contributions":{},"includedScopes":[{"contributions":{},"includedScopes":[]},{"contributions":{},"includedScopes":[]}]},"contributions":{},"includedScopes":[{"containerScope":{"containerScope":{"containerScope":{"contributions":{},"includedScopes":[]},"contributions":{},"includedScopes":[]},"contributions":{},"includedScopes":[]},"contributions":{},"includedScopes":[]}]},"contributions":{},"includedScopes":[]},"contributions":{},"includedScopes":[]},"contributions":{},"includedScopes":[]},"contributions":{},"includedScopes":[]},"contributions":{},"includedScopes":[]},"sourceMap":{"end":{"column":49,"line":29,"offset":894},"start":{"column":48,"line":29,"offset":893}},"value":5}],"id":"de61653e-151d-4131-bc7d-ea2bc425ebdd","message":"caloriasAQuemar","metadata":[],"receiver":{"id":"537b7c44-4ff3-4178-ae6f-baae49866a5b","metadata":[],"name":"maratonBA","scope":{"containerScope":{"containerScope":{"containerScope":{"containerScope":{"containerScope":{"containerScope":{"containerScope":{"containerScope":{"contributions":{},"includedScopes":[]},"contributions":{},"includedScopes":[]},"contributions":{},"includedScopes":[{"contributions":{},"includedScopes":[]},{"contributions":{},"includedScopes":[]}]},"contributions":{},"includedScopes":[{"containerScope":{"containerScope":{"containerScope":{"contributions":{},"includedScopes":[]},"contributions":{},"includedScopes":[]},"contributions":{},"includedScopes":[]},"contributions":{},"includedScopes":[]}]},"contributions":{},"includedScopes":[]},"contributions":{},"includedScopes":[]},"contributions":{},"includedScopes":[]},"contributions":{},"includedScopes":[]},"contributions":{},"includedScopes":[]},"sourceMap":{"end":{"column":31,"line":29,"offset":876},"start":{"column":22,"line":29,"offset":867}}},"scope":{"containerScope":{"containerScope":{"containerScope":{"containerScope":{"containerScope":{"containerScope":{"containerScope":{"contributions":{},"includedScopes":[]},"contributions":{},"includedScopes":[]},"contributions":{},"includedScopes":[{"contributions":{},"includedScopes":[]},{"contributions":{},"includedScopes":[]}]},"contributions":{},"includedScopes":[{"containerScope":{"containerScope":{"containerScope":{"contributions":{},"includedScopes":[]},"contributions":{},"includedScopes":[]},"contributions":{},"includedScopes":[]},"contributions":{},"includedScopes":[]}]},"contributions":{},"includedScopes":[]},"contributions":{},"includedScopes":[]},"contributions":{},"includedScopes":[]},"contributions":{},"includedScopes":[]},"sourceMap":{"end":{"column":50,"line":29,"offset":895},"start":{"column":22,"line":29,"offset":867}}}],"id":"6ae98b2a-fdc3-42ea-94f7-21899fb79f67","message":"equals","metadata":[],"receiver":{"id":"24562639-5f53-45d2-ad18-6425b8d745d4","metadata":[],"name":"assert","scope":{"containerScope":{"containerScope":{"containerScope":{"containerScope":{"containerScope":{"containerScope":{"containerScope":{"contributions":{},"includedScopes":[]},"contributions":{},"includedScopes":[]},"contributions":{},"includedScopes":[{"contributions":{},"includedScopes":[]},{"contributions":{},"includedScopes":[]}]},"contributions":{},"includedScopes":[{"containerScope":{"containerScope":{"containerScope":{"contributions":{},"includedScopes":[]},"contributions":{},"includedScopes":[]},"contributions":{},"includedScopes":[]},"contributions":{},"includedScopes":[]}]},"contributions":{},"includedScopes":[]},"contributions":{},"includedScopes":[]},"contributions":{},"includedScopes":[]},"contributions":{},"includedScopes":[]},"sourceMap":{"end":{"column":9,"line":29,"offset":854},"start":{"column":3,"line":29,"offset":848}}},"scope":{"containerScope":{"containerScope":{"containerScope":{"containerScope":{"containerScope":{"containerScope":{"contributions":{},"includedScopes":[]},"contributions":{},"includedScopes":[]},"contributions":{},"includedScopes":[{"contributions":{},"includedScopes":[]},{"contributions":{},"includedScopes":[]}]},"contributions":{},"includedScopes":[{"containerScope":{"containerScope":{"containerScope":{"contributions":{},"includedScopes":[]},"contributions":{},"includedScopes":[]},"contributions":{},"includedScopes":[]},"contributions":{},"includedScopes":[]}]},"contributions":{},"includedScopes":[]},"contributions":{},"includedScopes":[]},"contributions":{},"includedScopes":[]},"sourceMap":{"end":{"column":51,"line":29,"offset":896},"start":{"column":3,"line":29,"offset":848}}},{"args":[{"id":"c8c8e73b-0150-44fa-a18d-431fc374f7ae","metadata":[],"scope":{"containerScope":{"containerScope":{"containerScope":{"containerScope":{"containerScope":{"containerScope":{"containerScope":{"contributions":{},"includedScopes":[]},"contributions":{},"includedScopes":[]},"contributions":{},"includedScopes":[{"contributions":{},"includedScopes":[]},{"contributions":{},"includedScopes":[]}]},"contributions":{},"includedScopes":[{"containerScope":{"containerScope":{"containerScope":{"contributions":{},"includedScopes":[]},"contributions":{},"includedScopes":[]},"contributions":{},"includedScopes":[]},"contributions":{},"includedScopes":[]}]},"contributions":{},"includedScopes":[]},"contributions":{},"includedScopes":[]},"contributions":{},"includedScopes":[]},"contributions":{},"includedScopes":[]},"sourceMap":{"end":{"column":22,"line":30,"offset":918},"start":{"column":17,"line":30,"offset":913}},"value":25500},{"args":[{"id":"5f34cd4c-9fc3-4842-8d99-9fab5c19ca1c","metadata":[],"scope":{"containerScope":{"containerScope":{"containerScope":{"containerScope":{"containerScope":{"containerScope":{"containerScope":{"containerScope":{"contributions":{},"includedScopes":[]},"contributions":{},"includedScopes":[]},"contributions":{},"includedScopes":[{"contributions":{},"includedScopes":[]},{"contributions":{},"includedScopes":[]}]},"contributions":{},"includedScopes":[{"containerScope":{"containerScope":{"containerScope":{"contributions":{},"includedScopes":[]},"contributions":{},"includedScopes":[]},"contributions":{},"includedScopes":[]},"contributions":{},"includedScopes":[]}]},"contributions":{},"includedScopes":[]},"contributions":{},"includedScopes":[]},"contributions":{},"includedScopes":[]},"contributions":{},"includedScopes":[]},"contributions":{},"includedScopes":[]},"sourceMap":{"end":{"column":52,"line":30,"offset":948},"start":{"column":50,"line":30,"offset":946}},"value":90}],"id":"06d121b2-76e9-4b82-a674-d74fa88ef2ba","message":"caloriasAQuemar","metadata":[],"receiver":{"id":"3b4c1276-4ad7-41f4-8a57-f9efb2e2462f","metadata":[],"name":"maratonBA","scope":{"containerScope":{"containerScope":{"containerScope":{"containerScope":{"containerScope":{"containerScope":{"containerScope":{"containerScope":{"contributions":{},"includedScopes":[]},"contributions":{},"includedScopes":[]},"contributions":{},"includedScopes":[{"contributions":{},"includedScopes":[]},{"contributions":{},"includedScopes":[]}]},"contributions":{},"includedScopes":[{"containerScope":{"containerScope":{"containerScope":{"contributions":{},"includedScopes":[]},"contributions":{},"includedScopes":[]},"contributions":{},"includedScopes":[]},"contributions":{},"includedScopes":[]}]},"contributions":{},"includedScopes":[]},"contributions":{},"includedScopes":[]},"contributions":{},"includedScopes":[]},"contributions":{},"includedScopes":[]},"contributions":{},"includedScopes":[]},"sourceMap":{"end":{"column":33,"line":30,"offset":929},"start":{"column":24,"line":30,"offset":920}}},"scope":{"containerScope":{"containerScope":{"containerScope":{"containerScope":{"containerScope":{"containerScope":{"containerScope":{"contributions":{},"includedScopes":[]},"contributions":{},"includedScopes":[]},"contributions":{},"includedScopes":[{"contributions":{},"includedScopes":[]},{"contributions":{},"includedScopes":[]}]},"contributions":{},"includedScopes":[{"containerScope":{"containerScope":{"containerScope":{"contributions":{},"includedScopes":[]},"contributions":{},"includedScopes":[]},"contributions":{},"includedScopes":[]},"contributions":{},"includedScopes":[]}]},"contributions":{},"includedScopes":[]},"contributions":{},"includedScopes":[]},"contributions":{},"includedScopes":[]},"contributions":{},"includedScopes":[]},"sourceMap":{"end":{"column":53,"line":30,"offset":949},"start":{"column":24,"line":30,"offset":920}}}],"id":"26553850-d72c-4fe8-9af1-04c6abe14a5c","message":"equals","metadata":[],"receiver":{"id":"c27899ed-d00e-42bc-8af0-5db9e88d1d46","metadata":[],"name":"assert","scope":{"containerScope":{"containerScope":{"containerScope":{"containerScope":{"containerScope":{"containerScope":{"containerScope":{"contributions":{},"includedScopes":[]},"contributions":{},"includedScopes":[]},"contributions":{},"includedScopes":[{"contributions":{},"includedScopes":[]},{"contributions":{},"includedScopes":[]}]},"contributions":{},"includedScopes":[{"containerScope":{"containerScope":{"containerScope":{"contributions":{},"includedScopes":[]},"contributions":{},"includedScopes":[]},"contributions":{},"includedScopes":[]},"contributions":{},"includedScopes":[]}]},"contributions":{},"includedScopes":[]},"contributions":{},"includedScopes":[]},"contributions":{},"includedScopes":[]},"contributions":{},"includedScopes":[]},"sourceMap":{"end":{"column":9,"line":30,"offset":905},"start":{"column":3,"line":30,"offset":899}}},"scope":{"containerScope":{"containerScope":{"containerScope":{"containerScope":{"containerScope":{"containerScope":{"contributions":{},"includedScopes":[]},"contributions":{},"includedScopes":[]},"contributions":{},"includedScopes":[{"contributions":{},"includedScopes":[]},{"contributions":{},"includedScopes":[]}]},"contributions":{},"includedScopes":[{"containerScope":{"containerScope":{"containerScope":{"contributions":{},"includedScopes":[]},"contributions":{},"includedScopes":[]},"contributions":{},"includedScopes":[]},"contributions":{},"includedScopes":[]}]},"contributions":{},"includedScopes":[]},"contributions":{},"includedScopes":[]},"contributions":{},"includedScopes":[]},"sourceMap":{"end":{"column":54,"line":30,"offset":950},"start":{"column":3,"line":30,"offset":899}}}],"sourceMap":{"end":{"column":3,"line":31,"offset":953},"start":{"column":30,"line":28,"offset":844}}},"id":"6f3c649f-e4ec-4ae0-9891-d3c5e4b26902","isOnly":false,"metadata":[],"name":"\"1.2 consulta maraton\"","scope":{"containerScope":{"containerScope":{"containerScope":{"containerScope":{"contributions":{},"includedScopes":[]},"contributions":{},"includedScopes":[]},"contributions":{},"includedScopes":[{"contributions":{},"includedScopes":[]},{"contributions":{},"includedScopes":[]}]},"contributions":{},"includedScopes":[{"containerScope":{"containerScope":{"containerScope":{"contributions":{},"includedScopes":[]},"contributions":{},"includedScopes":[]},"contributions":{},"includedScopes":[]},"contributions":{},"includedScopes":[]}]},"contributions":{},"includedScopes":[]},"sourceMap":{"end":{"column":3,"line":31,"offset":953},"start":{"column":2,"line":28,"offset":816}}},{"body":{"id":"ddbfc5d8-c8ce-4282-bd4c-7b08d2bb4ac0","metadata":[],"problems":[],"scope":{"containerScope":{"containerScope":{"containerScope":{"containerScope":{"containerScope":{"contributions":{},"includedScopes":[]},"contributions":{},"includedScopes":[]},"contributions":{},"includedScopes":[{"contributions":{},"includedScopes":[]},{"contributions":{},"includedScopes":[]}]},"contributions":{},"includedScopes":[{"containerScope":{"containerScope":{"containerScope":{"contributions":{},"includedScopes":[]},"contributions":{},"includedScopes":[]},"contributions":{},"includedScopes":[]},"contributions":{},"includedScopes":[]}]},"contributions":{},"includedScopes":[]},"contributions":{},"includedScopes":[]},"sentences":[{"args":[{"id":"13382c2f-dd98-4765-9a16-4795a9c99344","metadata":[],"scope":{"containerScope":{"containerScope":{"containerScope":{"containerScope":{"containerScope":{"containerScope":{"containerScope":{"contributions":{},"includedScopes":[]},"contributions":{},"includedScopes":[]},"contributions":{},"includedScopes":[{"contributions":{},"includedScopes":[]},{"contributions":{},"includedScopes":[]}]},"contributions":{},"includedScopes":[{"containerScope":{"containerScope":{"containerScope":{"contributions":{},"includedScopes":[]},"contributions":{},"includedScopes":[]},"contributions":{},"includedScopes":[]},"contributions":{},"includedScopes":[]}]},"contributions":{},"includedScopes":[]},"contributions":{},"includedScopes":[]},"contributions":{},"includedScopes":[]},"contributions":{},"includedScopes":[]},"sourceMap":{"end":{"column":20,"line":34,"offset":1002},"start":{"column":17,"line":34,"offset":999}},"value":520},{"args":[{"id":"e6e0a602-3bfa-43ee-9cfb-6b90cfbacb28","metadata":[],"scope":{"containerScope":{"containerScope":{"containerScope":{"containerScope":{"containerScope":{"containerScope":{"containerScope":{"containerScope":{"contributions":{},"includedScopes":[]},"contributions":{},"includedScopes":[]},"contributions":{},"includedScopes":[{"contributions":{},"includedScopes":[]},{"contributions":{},"includedScopes":[]}]},"contributions":{},"includedScopes":[{"containerScope":{"containerScope":{"containerScope":{"contributions":{},"includedScopes":[]},"contributions":{},"includedScopes":[]},"contributions":{},"includedScopes":[]},"contributions":{},"includedScopes":[]}]},"contributions":{},"includedScopes":[]},"contributions":{},"includedScopes":[]},"contributions":{},"includedScopes":[]},"contributions":{},"includedScopes":[]},"contributions":{},"includedScopes":[]},"sourceMap":{"end":{"column":54,"line":34,"offset":1036},"start":{"column":53,"line":34,"offset":1035}},"value":5}],"id":"2f101cc7-d174-4028-b9e3-565eca425527","message":"caloriasAQuemar","metadata":[],"receiver":{"id":"f2086c24-6521-46e3-a8e2-ed215cc8a788","metadata":[],"name":"remarEnElDelta","scope":{"containerScope":{"containerScope":{"containerScope":{"containerScope":{"containerScope":{"containerScope":{"containerScope":{"containerScope":{"contributions":{},"includedScopes":[]},"contributions":{},"includedScopes":[]},"contributions":{},"includedScopes":[{"contributions":{},"includedScopes":[]},{"contributions":{},"includedScopes":[]}]},"contributions":{},"includedScopes":[{"containerScope":{"containerScope":{"containerScope":{"contributions":{},"includedScopes":[]},"contributions":{},"includedScopes":[]},"contributions":{},"includedScopes":[]},"contributions":{},"includedScopes":[]}]},"contributions":{},"includedScopes":[]},"contributions":{},"includedScopes":[]},"contributions":{},"includedScopes":[]},"contributions":{},"includedScopes":[]},"contributions":{},"includedScopes":[]},"sourceMap":{"end":{"column":36,"line":34,"offset":1018},"start":{"column":22,"line":34,"offset":1004}}},"scope":{"containerScope":{"containerScope":{"containerScope":{"containerScope":{"containerScope":{"containerScope":{"containerScope":{"contributions":{},"includedScopes":[]},"contributions":{},"includedScopes":[]},"contributions":{},"includedScopes":[{"contributions":{},"includedScopes":[]},{"contributions":{},"includedScopes":[]}]},"contributions":{},"includedScopes":[{"containerScope":{"containerScope":{"containerScope":{"contributions":{},"includedScopes":[]},"contributions":{},"includedScopes":[]},"contributions":{},"includedScopes":[]},"contributions":{},"includedScopes":[]}]},"contributions":{},"includedScopes":[]},"contributions":{},"includedScopes":[]},"contributions":{},"includedScopes":[]},"contributions":{},"includedScopes":[]},"sourceMap":{"end":{"column":55,"line":34,"offset":1037},"start":{"column":22,"line":34,"offset":1004}}}],"id":"9bc093c3-0f00-4aa3-91cd-ebf06f9e103f","message":"equals","metadata":[],"receiver":{"id":"52a448e8-8c94-4e7e-bf04-86bc915b83a3","metadata":[],"name":"assert","scope":{"containerScope":{"containerScope":{"containerScope":{"containerScope":{"containerScope":{"containerScope":{"containerScope":{"contributions":{},"includedScopes":[]},"contributions":{},"includedScopes":[]},"contributions":{},"includedScopes":[{"contributions":{},"includedScopes":[]},{"contributions":{},"includedScopes":[]}]},"contributions":{},"includedScopes":[{"containerScope":{"containerScope":{"containerScope":{"contributions":{},"includedScopes":[]},"contributions":{},"includedScopes":[]},"contributions":{},"includedScopes":[]},"contributions":{},"includedScopes":[]}]},"contributions":{},"includedScopes":[]},"contributions":{},"includedScopes":[]},"contributions":{},"includedScopes":[]},"contributions":{},"includedScopes":[]},"sourceMap":{"end":{"column":9,"line":34,"offset":991},"start":{"column":3,"line":34,"offset":985}}},"scope":{"containerScope":{"containerScope":{"containerScope":{"containerScope":{"containerScope":{"containerScope":{"contributions":{},"includedScopes":[]},"contributions":{},"includedScopes":[]},"contributions":{},"includedScopes":[{"contributions":{},"includedScopes":[]},{"contributions":{},"includedScopes":[]}]},"contributions":{},"includedScopes":[{"containerScope":{"containerScope":{"containerScope":{"contributions":{},"includedScopes":[]},"contributions":{},"includedScopes":[]},"contributions":{},"includedScopes":[]},"contributions":{},"includedScopes":[]}]},"contributions":{},"includedScopes":[]},"contributions":{},"includedScopes":[]},"contributions":{},"includedScopes":[]},"sourceMap":{"end":{"column":56,"line":34,"offset":1038},"start":{"column":3,"line":34,"offset":985}}},{"args":[{"id":"b24c8137-43a4-407a-bdfe-70377ef5312e","metadata":[],"scope":{"containerScope":{"containerScope":{"containerScope":{"containerScope":{"containerScope":{"containerScope":{"containerScope":{"contributions":{},"includedScopes":[]},"contributions":{},"includedScopes":[]},"contributions":{},"includedScopes":[{"contributions":{},"includedScopes":[]},{"contributions":{},"includedScopes":[]}]},"contributions":{},"includedScopes":[{"containerScope":{"containerScope":{"containerScope":{"contributions":{},"includedScopes":[]},"contributions":{},"includedScopes":[]},"contributions":{},"includedScopes":[]},"contributions":{},"includedScopes":[]}]},"contributions":{},"includedScopes":[]},"contributions":{},"includedScopes":[]},"contributions":{},"includedScopes":[]},"contributions":{},"includedScopes":[]},"sourceMap":{"end":{"column":21,"line":35,"offset":1059},"start":{"column":17,"line":35,"offset":1055}},"value":9360},{"args":[{"id":"d611992a-a256-4bdc-b489-895ab3296115","metadata":[],"scope":{"containerScope":{"containerScope":{"containerScope":{"containerScope":{"containerScope":{"containerScope":{"containerScope":{"containerScope":{"contributions":{},"includedScopes":[]},"contributions":{},"includedScopes":[]},"contributions":{},"includedScopes":[{"contributions":{},"includedScopes":[]},{"contributions":{},"includedScopes":[]}]},"contributions":{},"includedScopes":[{"containerScope":{"containerScope":{"containerScope":{"contributions":{},"includedScopes":[]},"contributions":{},"includedScopes":[]},"contributions":{},"includedScopes":[]},"contributions":{},"includedScopes":[]}]},"contributions":{},"includedScopes":[]},"contributions":{},"includedScopes":[]},"contributions":{},"includedScopes":[]},"contributions":{},"includedScopes":[]},"contributions":{},"includedScopes":[]},"sourceMap":{"end":{"column":56,"line":35,"offset":1094},"start":{"column":54,"line":35,"offset":1092}},"value":90}],"id":"46840c47-c056-4748-adff-05a6bcff465d","message":"caloriasAQuemar","metadata":[],"receiver":{"id":"2a29df1d-e52a-45d3-9e3f-e782fb974789","metadata":[],"name":"remarEnElDelta","scope":{"containerScope":{"containerScope":{"containerScope":{"containerScope":{"containerScope":{"containerScope":{"containerScope":{"containerScope":{"contributions":{},"includedScopes":[]},"contributions":{},"includedScopes":[]},"contributions":{},"includedScopes":[{"contributions":{},"includedScopes":[]},{"contributions":{},"includedScopes":[]}]},"contributions":{},"includedScopes":[{"containerScope":{"containerScope":{"containerScope":{"contributions":{},"includedScopes":[]},"contributions":{},"includedScopes":[]},"contributions":{},"includedScopes":[]},"contributions":{},"includedScopes":[]}]},"contributions":{},"includedScopes":[]},"contributions":{},"includedScopes":[]},"contributions":{},"includedScopes":[]},"contributions":{},"includedScopes":[]},"contributions":{},"includedScopes":[]},"sourceMap":{"end":{"column":37,"line":35,"offset":1075},"start":{"column":23,"line":35,"offset":1061}}},"scope":{"containerScope":{"containerScope":{"containerScope":{"containerScope":{"containerScope":{"containerScope":{"containerScope":{"contributions":{},"includedScopes":[]},"contributions":{},"includedScopes":[]},"contributions":{},"includedScopes":[{"contributions":{},"includedScopes":[]},{"contributions":{},"includedScopes":[]}]},"contributions":{},"includedScopes":[{"containerScope":{"containerScope":{"containerScope":{"contributions":{},"includedScopes":[]},"contributions":{},"includedScopes":[]},"contributions":{},"includedScopes":[]},"contributions":{},"includedScopes":[]}]},"contributions":{},"includedScopes":[]},"contributions":{},"includedScopes":[]},"contributions":{},"includedScopes":[]},"contributions":{},"includedScopes":[]},"sourceMap":{"end":{"column":57,"line":35,"offset":1095},"start":{"column":23,"line":35,"offset":1061}}}],"id":"aca423d1-8ba1-4b9c-8116-9267d69d6293","message":"equals","metadata":[],"receiver":{"id":"5a134a09-c478-4978-bddd-56fcd09f8891","metadata":[],"name":"assert","scope":{"containerScope":{"containerScope":{"containerScope":{"containerScope":{"containerScope":{"containerScope":{"containerScope":{"contributions":{},"includedScopes":[]},"contributions":{},"includedScopes":[]},"contributions":{},"includedScopes":[{"contributions":{},"includedScopes":[]},{"contributions":{},"includedScopes":[]}]},"contributions":{},"includedScopes":[{"containerScope":{"containerScope":{"containerScope":{"contributions":{},"includedScopes":[]},"contributions":{},"includedScopes":[]},"contributions":{},"includedScopes":[]},"contributions":{},"includedScopes":[]}]},"contributions":{},"includedScopes":[]},"contributions":{},"includedScopes":[]},"contributions":{},"includedScopes":[]},"contributions":{},"includedScopes":[]},"sourceMap":{"end":{"column":9,"line":35,"offset":1047},"start":{"column":3,"line":35,"offset":1041}}},"scope":{"containerScope":{"containerScope":{"containerScope":{"containerScope":{"containerScope":{"containerScope":{"contributions":{},"includedScopes":[]},"contributions":{},"includedScopes":[]},"contributions":{},"includedScopes":[{"contributions":{},"includedScopes":[]},{"contributions":{},"includedScopes":[]}]},"contributions":{},"includedScopes":[{"containerScope":{"containerScope":{"containerScope":{"contributions":{},"includedScopes":[]},"contributions":{},"includedScopes":[]},"contributions":{},"includedScopes":[]},"contributions":{},"includedScopes":[]}]},"contributions":{},"includedScopes":[]},"contributions":{},"includedScopes":[]},"contributions":{},"includedScopes":[]},"sourceMap":{"end":{"column":58,"line":35,"offset":1096},"start":{"column":3,"line":35,"offset":1041}}}],"sourceMap":{"end":{"column":3,"line":36,"offset":1099},"start":{"column":27,"line":33,"offset":981}}},"id":"4ac5e536-3724-40e8-b1b7-12776162499c","isOnly":false,"metadata":[],"name":"\"1.3 consulta remo\"","scope":{"containerScope":{"containerScope":{"containerScope":{"containerScope":{"contributions":{},"includedScopes":[]},"contributions":{},"includedScopes":[]},"contributions":{},"includedScopes":[{"contributions":{},"includedScopes":[]},{"contributions":{},"includedScopes":[]}]},"contributions":{},"includedScopes":[{"containerScope":{"containerScope":{"containerScope":{"contributions":{},"includedScopes":[]},"contributions":{},"includedScopes":[]},"contributions":{},"includedScopes":[]},"contributions":{},"includedScopes":[]}]},"contributions":{},"includedScopes":[]},"sourceMap":{"end":{"column":3,"line":36,"offset":1099},"start":{"column":2,"line":33,"offset":956}}},{"body":{"id":"14c4a848-7fd4-4cb2-9896-d387545f5f79","metadata":[],"problems":[],"scope":{"containerScope":{"containerScope":{"containerScope":{"containerScope":{"containerScope":{"contributions":{},"includedScopes":[]},"contributions":{},"includedScopes":[]},"contributions":{},"includedScopes":[{"contributions":{},"includedScopes":[]},{"contributions":{},"includedScopes":[]}]},"contributions":{},"includedScopes":[{"containerScope":{"containerScope":{"containerScope":{"contributions":{},"includedScopes":[]},"contributions":{},"includedScopes":[]},"contributions":{},"includedScopes":[]},"contributions":{},"includedScopes":[]}]},"contributions":{},"includedScopes":[]},"contributions":{},"includedScopes":[]},"sentences":[{"args":[{"id":"cb5f16f9-21b3-425f-b6ab-9118e2f6b29e","metadata":[],"scope":{"containerScope":{"containerScope":{"containerScope":{"containerScope":{"containerScope":{"containerScope":{"containerScope":{"contributions":{},"includedScopes":[]},"contributions":{},"includedScopes":[]},"contributions":{},"includedScopes":[{"contributions":{},"includedScopes":[]},{"contributions":{},"includedScopes":[]}]},"contributions":{},"includedScopes":[{"containerScope":{"containerScope":{"containerScope":{"contributions":{},"includedScopes":[]},"contributions":{},"includedScopes":[]},"contributions":{},"includedScopes":[]},"contributions":{},"includedScopes":[]}]},"contributions":{},"includedScopes":[]},"contributions":{},"includedScopes":[]},"contributions":{},"includedScopes":[]},"contributions":{},"includedScopes":[]},"sourceMap":{"end":{"column":20,"line":39,"offset":1160},"start":{"column":17,"line":39,"offset":1157}},"value":510},{"args":[{"id":"d9ec86fd-29cb-4427-9ba9-ac369d2a7883","metadata":[],"scope":{"containerScope":{"containerScope":{"containerScope":{"containerScope":{"containerScope":{"containerScope":{"containerScope":{"containerScope":{"contributions":{},"includedScopes":[]},"contributions":{},"includedScopes":[]},"contributions":{},"includedScopes":[{"contributions":{},"includedScopes":[]},{"contributions":{},"includedScopes":[]}]},"contributions":{},"includedScopes":[{"containerScope":{"containerScope":{"containerScope":{"contributions":{},"includedScopes":[]},"contributions":{},"includedScopes":[]},"contributions":{},"includedScopes":[]},"contributions":{},"includedScopes":[]}]},"contributions":{},"includedScopes":[]},"contributions":{},"includedScopes":[]},"contributions":{},"includedScopes":[]},"contributions":{},"includedScopes":[]},"contributions":{},"includedScopes":[]},"sourceMap":{"end":{"column":60,"line":39,"offset":1200},"start":{"column":59,"line":39,"offset":1199}},"value":5}],"id":"c56782ee-c6f5-4478-87d3-ea60215e46fa","message":"caloriasAQuemar","metadata":[],"receiver":{"id":"428093a2-28e3-4795-9743-ba2b41d48640","metadata":[],"name":"remarEnCaminoRemeros","scope":{"containerScope":{"containerScope":{"containerScope":{"containerScope":{"containerScope":{"containerScope":{"containerScope":{"containerScope":{"contributions":{},"includedScopes":[]},"contributions":{},"includedScopes":[]},"contributions":{},"includedScopes":[{"contributions":{},"includedScopes":[]},{"contributions":{},"includedScopes":[]}]},"contributions":{},"includedScopes":[{"containerScope":{"containerScope":{"containerScope":{"contributions":{},"includedScopes":[]},"contributions":{},"includedScopes":[]},"contributions":{},"includedScopes":[]},"contributions":{},"includedScopes":[]}]},"contributions":{},"includedScopes":[]},"contributions":{},"includedScopes":[]},"contributions":{},"includedScopes":[]},"contributions":{},"includedScopes":[]},"contributions":{},"includedScopes":[]},"sourceMap":{"end":{"column":42,"line":39,"offset":1182},"start":{"column":22,"line":39,"offset":1162}}},"scope":{"containerScope":{"containerScope":{"containerScope":{"containerScope":{"containerScope":{"containerScope":{"containerScope":{"contributions":{},"includedScopes":[]},"contributions":{},"includedScopes":[]},"contributions":{},"includedScopes":[{"contributions":{},"includedScopes":[]},{"contributions":{},"includedScopes":[]}]},"contributions":{},"includedScopes":[{"containerScope":{"containerScope":{"containerScope":{"contributions":{},"includedScopes":[]},"contributions":{},"includedScopes":[]},"contributions":{},"includedScopes":[]},"contributions":{},"includedScopes":[]}]},"contributions":{},"includedScopes":[]},"contributions":{},"includedScopes":[]},"contributions":{},"includedScopes":[]},"contributions":{},"includedScopes":[]},"sourceMap":{"end":{"column":61,"line":39,"offset":1201},"start":{"column":22,"line":39,"offset":1162}}}],"id":"b0c95cec-b6e9-49f4-92af-8d993978b956","message":"equals","metadata":[],"receiver":{"id":"c8c6fa2d-9cdc-4d92-9244-6f3c4344cd0d","metadata":[],"name":"assert","scope":{"containerScope":{"containerScope":{"containerScope":{"containerScope":{"containerScope":{"containerScope":{"containerScope":{"contributions":{},"includedScopes":[]},"contributions":{},"includedScopes":[]},"contributions":{},"includedScopes":[{"contributions":{},"includedScopes":[]},{"contributions":{},"includedScopes":[]}]},"contributions":{},"includedScopes":[{"containerScope":{"containerScope":{"containerScope":{"contributions":{},"includedScopes":[]},"contributions":{},"includedScopes":[]},"contributions":{},"includedScopes":[]},"contributions":{},"includedScopes":[]}]},"contributions":{},"includedScopes":[]},"contributions":{},"includedScopes":[]},"contributions":{},"includedScopes":[]},"contributions":{},"includedScopes":[]},"sourceMap":{"end":{"column":9,"line":39,"offset":1149},"start":{"column":3,"line":39,"offset":1143}}},"scope":{"containerScope":{"containerScope":{"containerScope":{"containerScope":{"containerScope":{"containerScope":{"contributions":{},"includedScopes":[]},"contributions":{},"includedScopes":[]},"contributions":{},"includedScopes":[{"contributions":{},"includedScopes":[]},{"contributions":{},"includedScopes":[]}]},"contributions":{},"includedScopes":[{"containerScope":{"containerScope":{"containerScope":{"contributions":{},"includedScopes":[]},"contributions":{},"includedScopes":[]},"contributions":{},"includedScopes":[]},"contributions":{},"includedScopes":[]}]},"contributions":{},"includedScopes":[]},"contributions":{},"includedScopes":[]},"contributions":{},"includedScopes":[]},"sourceMap":{"end":{"column":62,"line":39,"offset":1202},"start":{"column":3,"line":39,"offset":1143}}},{"args":[{"id":"aaa64e29-697b-40aa-990d-b55dc2412bd1","metadata":[],"scope":{"containerScope":{"containerScope":{"containerScope":{"containerScope":{"containerScope":{"containerScope":{"containerScope":{"contributions":{},"includedScopes":[]},"contributions":{},"includedScopes":[]},"contributions":{},"includedScopes":[{"contributions":{},"includedScopes":[]},{"contributions":{},"includedScopes":[]}]},"contributions":{},"includedScopes":[{"containerScope":{"containerScope":{"containerScope":{"contributions":{},"includedScopes":[]},"contributions":{},"includedScopes":[]},"contributions":{},"includedScopes":[]},"contributions":{},"includedScopes":[]}]},"contributions":{},"includedScopes":[]},"contributions":{},"includedScopes":[]},"contributions":{},"includedScopes":[]},"contributions":{},"includedScopes":[]},"sourceMap":{"end":{"column":22,"line":40,"offset":1224},"start":{"column":17,"line":40,"offset":1219}},"value":12750},{"args":[{"id":"aa6e27b3-bfc1-4e4a-ba8d-2f1140cfaa7d","metadata":[],"scope":{"containerScope":{"containerScope":{"containerScope":{"containerScope":{"containerScope":{"containerScope":{"containerScope":{"containerScope":{"contributions":{},"includedScopes":[]},"contributions":{},"includedScopes":[]},"contributions":{},"includedScopes":[{"contributions":{},"includedScopes":[]},{"contributions":{},"includedScopes":[]}]},"contributions":{},"includedScopes":[{"containerScope":{"containerScope":{"containerScope":{"contributions":{},"includedScopes":[]},"contributions":{},"includedScopes":[]},"contributions":{},"includedScopes":[]},"contributions":{},"includedScopes":[]}]},"contributions":{},"includedScopes":[]},"contributions":{},"includedScopes":[]},"contributions":{},"includedScopes":[]},"contributions":{},"includedScopes":[]},"contributions":{},"includedScopes":[]},"sourceMap":{"end":{"column":63,"line":40,"offset":1265},"start":{"column":61,"line":40,"offset":1263}},"value":90}],"id":"75e16ed9-87ba-442d-a918-ca788f5f6876","message":"caloriasAQuemar","metadata":[],"receiver":{"id":"e673eada-0fc8-432d-9aaa-2fe6b4c2ff06","metadata":[],"name":"remarEnCaminoRemeros","scope":{"containerScope":{"containerScope":{"containerScope":{"containerScope":{"containerScope":{"containerScope":{"containerScope":{"containerScope":{"contributions":{},"includedScopes":[]},"contributions":{},"includedScopes":[]},"contributions":{},"includedScopes":[{"contributions":{},"includedScopes":[]},{"contributions":{},"includedScopes":[]}]},"contributions":{},"includedScopes":[{"containerScope":{"containerScope":{"containerScope":{"contributions":{},"includedScopes":[]},"contributions":{},"includedScopes":[]},"contributions":{},"includedScopes":[]},"contributions":{},"includedScopes":[]}]},"contributions":{},"includedScopes":[]},"contributions":{},"includedScopes":[]},"contributions":{},"includedScopes":[]},"contributions":{},"includedScopes":[]},"contributions":{},"includedScopes":[]},"sourceMap":{"end":{"column":44,"line":40,"offset":1246},"start":{"column":24,"line":40,"offset":1226}}},"scope":{"containerScope":{"containerScope":{"containerScope":{"containerScope":{"containerScope":{"containerScope":{"containerScope":{"contributions":{},"includedScopes":[]},"contributions":{},"includedScopes":[]},"contributions":{},"includedScopes":[{"contributions":{},"includedScopes":[]},{"contributions":{},"includedScopes":[]}]},"contributions":{},"includedScopes":[{"containerScope":{"containerScope":{"containerScope":{"contributions":{},"includedScopes":[]},"contributions":{},"includedScopes":[]},"contributions":{},"includedScopes":[]},"contributions":{},"includedScopes":[]}]},"contributions":{},"includedScopes":[]},"contributions":{},"includedScopes":[]},"contributions":{},"includedScopes":[]},"contributions":{},"includedScopes":[]},"sourceMap":{"end":{"column":64,"line":40,"offset":1266},"start":{"column":24,"line":40,"offset":1226}}}],"id":"41a9f5be-8802-464c-930d-c2a70d6fc892","message":"equals","metadata":[],"receiver":{"id":"01380149-753b-49a1-a8c8-879512c0f0ae","metadata":[],"name":"assert","scope":{"containerScope":{"containerScope":{"containerScope":{"containerScope":{"containerScope":{"containerScope":{"containerScope":{"contributions":{},"includedScopes":[]},"contributions":{},"includedScopes":[]},"contributions":{},"includedScopes":[{"contributions":{},"includedScopes":[]},{"contributions":{},"includedScopes":[]}]},"contributions":{},"includedScopes":[{"containerScope":{"containerScope":{"containerScope":{"contributions":{},"includedScopes":[]},"contributions":{},"includedScopes":[]},"contributions":{},"includedScopes":[]},"contributions":{},"includedScopes":[]}]},"contributions":{},"includedScopes":[]},"contributions":{},"includedScopes":[]},"contributions":{},"includedScopes":[]},"contributions":{},"includedScopes":[]},"sourceMap":{"end":{"column":9,"line":40,"offset":1211},"start":{"column":3,"line":40,"offset":1205}}},"scope":{"containerScope":{"containerScope":{"containerScope":{"containerScope":{"containerScope":{"containerScope":{"contributions":{},"includedScopes":[]},"contributions":{},"includedScopes":[]},"contributions":{},"includedScopes":[{"contributions":{},"includedScopes":[]},{"contributions":{},"includedScopes":[]}]},"contributions":{},"includedScopes":[{"containerScope":{"containerScope":{"containerScope":{"contributions":{},"includedScopes":[]},"contributions":{},"includedScopes":[]},"contributions":{},"includedScopes":[]},"contributions":{},"includedScopes":[]}]},"contributions":{},"includedScopes":[]},"contributions":{},"includedScopes":[]},"contributions":{},"includedScopes":[]},"sourceMap":{"end":{"column":65,"line":40,"offset":1267},"start":{"column":3,"line":40,"offset":1205}}}],"sourceMap":{"end":{"column":3,"line":41,"offset":1270},"start":{"column":39,"line":38,"offset":1139}}},"id":"fb13b11a-f1b0-4849-bb89-b6e19d87783f","isOnly":false,"metadata":[],"name":"\"1.4 consulta remo competitivo\"","scope":{"containerScope":{"containerScope":{"containerScope":{"containerScope":{"contributions":{},"includedScopes":[]},"contributions":{},"includedScopes":[]},"contributions":{},"includedScopes":[{"contributions":{},"includedScopes":[]},{"contributions":{},"includedScopes":[]}]},"contributions":{},"includedScopes":[{"containerScope":{"containerScope":{"containerScope":{"contributions":{},"includedScopes":[]},"contributions":{},"includedScopes":[]},"contributions":{},"includedScopes":[]},"contributions":{},"includedScopes":[]}]},"contributions":{},"includedScopes":[]},"sourceMap":{"end":{"column":3,"line":41,"offset":1270},"start":{"column":2,"line":38,"offset":1102}}}],"metadata":[{"args":{"position":"inner","text":"//Punto 2: Personas"},"name":"comment"},{"args":{"position":"inner","text":"//ATENCION: usar el metodo truncate(3) para truncar un numero a 3 decimales"},"name":"comment"},{"args":{"position":"inner","text":"// Ej: 1.2345.truncate(3) -> devuelve 1.234 "},"name":"comment"},{"args":{"position":"inner","text":"//\ttest '2.1.1 test sedentario running' {"},"name":"comment"},{"args":{"position":"inner","text":"//\t\t// hacer que calamardo practique correrEnLaPlaya"},"name":"comment"},{"args":{"position":"inner","text":"//\t\t// el peso de calamardo debería ser 59.948 (truncado a 3 decimales)"},"name":"comment"},{"args":{"position":"inner","text":"//\t} "},"name":"comment"},{"args":{"position":"inner","text":"//\ttest '2.1.2 test sedentario maraton' {"},"name":"comment"},{"args":{"position":"inner","text":"//\t\t// hacer que calamardo practique maratonBA"},"name":"comment"},{"args":{"position":"inner","text":"//\t\t// el peso de calamardo debería ser 59.871 (truncado a 3 decimales)"},"name":"comment"},{"args":{"position":"inner","text":"//\t} "},"name":"comment"},{"args":{"position":"inner","text":"//\ttest '2.1.3 test sedentario remo' {"},"name":"comment"},{"args":{"position":"inner","text":"//\t\t// hacer que calamardo practique remarEnElDelta"},"name":"comment"},{"args":{"position":"inner","text":"//\t\t// el peso de calamardo debería ser 59.925 (truncado a 3 decimales)"},"name":"comment"},{"args":{"position":"inner","text":"//\t} "},"name":"comment"},{"args":{"position":"inner","text":"//\ttest '2.1.3 test sedentario remo competicion' {"},"name":"comment"},{"args":{"position":"inner","text":"//\t\t// hacer que calamardo practique remarEnCaminoRemeros"},"name":"comment"},{"args":{"position":"inner","text":"//\t\t// el peso de calamardo debería ser 59.927 (truncado a 3 decimales)"},"name":"comment"},{"args":{"position":"inner","text":"//\t} "},"name":"comment"},{"args":{"position":"inner","text":"//\ttest '2.1.5 test sedentario no puede practicar' {"},"name":"comment"},{"args":{"position":"inner","text":"//\t\t// Hacer que el peso de calamardo sea 40"},"name":"comment"},{"args":{"position":"inner","text":"//\t\t// hacer que calamardo practique correrEnLaPlaya (NO SE PUEDE!)"},"name":"comment"},{"args":{"position":"inner","text":"//\t\t// el peso de calamardo debería ser 40 "},"name":"comment"},{"args":{"position":"inner","text":"//\t} "},"name":"comment"},{"args":{"position":"inner","text":"//\ttest \"2.2.1 test atleta running\" {"},"name":"comment"},{"args":{"position":"inner","text":"//\t\t// hacer que bob practique correrEnLaPlaya"},"name":"comment"},{"args":{"position":"inner","text":"//\t\t// el peso de bob debería ser 39.725 (truncado a 3 decimales)"},"name":"comment"},{"args":{"position":"inner","text":"//\t }"},"name":"comment"},{"args":{"position":"inner","text":"//\ttest \"2.2.2 test atleta maraton\" {"},"name":"comment"},{"args":{"position":"inner","text":"//\t\t// hacer que bob practique maratonBA"},"name":"comment"},{"args":{"position":"inner","text":"//\t\t// el peso de bob debería ser 37.812 (truncado a 3 decimales)"},"name":"comment"},{"args":{"position":"inner","text":"//\t }"},"name":"comment"},{"args":{"position":"inner","text":"//\ttest \"2.2.3 test atleta remo\" {"},"name":"comment"},{"args":{"position":"inner","text":"//\t\t// hacer que bob practique remarEnElDelta( NO SE PUEDE!)"},"name":"comment"},{"args":{"position":"inner","text":"//\t\t// el peso de bob debería ser 40 "},"name":"comment"},{"args":{"position":"inner","text":"//\t}"},"name":"comment"},{"args":{"position":"inner","text":"//\ttest \"2.2.3 test atleta remo de competición\" {"},"name":"comment"},{"args":{"position":"inner","text":"//\t\t// hacer que bob practique remarEnCaminoRemeros"},"name":"comment"},{"args":{"position":"inner","text":"//\t\t// el peso de bob debería ser 39.406"},"name":"comment"},{"args":{"position":"inner","text":"//\t}"},"name":"comment"},{"args":{"position":"inner","text":"//punto 3: Consultas"},"name":"comment"},{"args":{"position":"inner","text":"//\ttest \"3.1 el mejor predio\" {"},"name":"comment"},{"args":{"position":"inner","text":"//\t\t//El mejor predio del clubBarrial para bob debería ser recreo\t\t"},"name":"comment"},{"args":{"position":"inner","text":"//\t\t//El mejor predio del clubBarrial para calamardo debería ser recreo\t\t"},"name":"comment"},{"args":{"position":"inner","text":"//\t}\t"},"name":"comment"},{"args":{"position":"inner","text":"//\ttest \"3.2 predios tranquis\" {"},"name":"comment"},{"args":{"position":"inner","text":"//\t\t//No debería haber predios tranquis en el clubBarrial para bob"},"name":"comment"},{"args":{"position":"inner","text":"//\t\t//Los predios tranquis del clubBarrial para calamardo solo incluyen a recreo  "},"name":"comment"},{"args":{"position":"inner","text":"//\t}"},"name":"comment"},{"args":{"position":"inner","text":"//\ttest \"3.3 rutinas más exigentes\" {"},"name":"comment"},{"args":{"position":"inner","text":"//\t\t//Las rutinas más exigentes del clubBarrial para bob son maratonBA y remarEnCaminoRemeros"},"name":"comment"},{"args":{"position":"inner","text":"//\t\t//Las rutinas más exigentes del clubBarrial para calamardo son maratonBA y remarEnElDelta"},"name":"comment"},{"args":{"position":"inner","text":"//\t}"},"name":"comment"}],"name":"\"rutinas\"","problems":[{"code":"malformedMember","sourceMap":{"end":{"column":0,"line":15,"offset":441},"start":{"column":9,"line":14,"offset":400}}}],"scope":{"containerScope":{"containerScope":{"containerScope":{"contributions":{},"includedScopes":[]},"contributions":{},"includedScopes":[]},"contributions":{},"includedScopes":[{"contributions":{},"includedScopes":[]},{"contributions":{},"includedScopes":[]}]},"contributions":{},"includedScopes":[{"containerScope":{"containerScope":{"containerScope":{"contributions":{},"includedScopes":[]},"contributions":{},"includedScopes":[]},"contributions":{},"includedScopes":[]},"contributions":{},"includedScopes":[]}]},"sourceMap":{"end":{"column":2,"line":109,"offset":3565},"start":{"column":1,"line":4,"offset":36}},"supertypes":[{"args":[],"metadata":[],"reference":{"metadata":[],"name":"wollok.lang.Object","scope":{"containerScope":{"containerScope":{"containerScope":{"containerScope":{"contributions":{},"includedScopes":[]},"contributions":{},"includedScopes":[]},"contributions":{},"includedScopes":[{"contributions":{},"includedScopes":[]},{"contributions":{},"includedScopes":[]}]},"contributions":{},"includedScopes":[{"containerScope":{"containerScope":{"containerScope":{"contributions":{},"includedScopes":[]},"contributions":{},"includedScopes":[]},"contributions":{},"includedScopes":[]},"contributions":{},"includedScopes":[]}]},"contributions":{},"includedScopes":[]}},"scope":{"containerScope":{"containerScope":{"containerScope":{"containerScope":{"contributions":{},"includedScopes":[]},"contributions":{},"includedScopes":[]},"contributions":{},"includedScopes":[{"contributions":{},"includedScopes":[]},{"contributions":{},"includedScopes":[]}]},"contributions":{},"includedScopes":[{"containerScope":{"containerScope":{"containerScope":{"contributions":{},"includedScopes":[]},"contributions":{},"includedScopes":[]},"contributions":{},"includedScopes":[]},"contributions":{},"includedScopes":[]}]},"contributions":{},"includedScopes":[]}}]},"stack":"Error: Failed to print, found malformed node\n    at /home/publico/.var/app/com.visualstudio.code/data/vscode/extensions/uqbar.wollok-lsp-ide-0.5.3/out/server/src/server.js:68:3585\n    at Gbn (/home/publico/.var/app/com.visualstudio.code/data/vscode/extensions/uqbar.wollok-lsp-ide-0.5.3/out/server/src/server.js:68:3396)\n    at /home/publico/.var/app/com.visualstudio.code/data/vscode/extensions/uqbar.wollok-lsp-ide-0.5.3/out/server/src/server.js:2393:847\n    at /home/publico/.var/app/com.visualstudio.code/data/vscode/extensions/uqbar.wollok-lsp-ide-0.5.3/out/server/src/server.js:2393:8440\n    at /home/publico/.var/app/com.visualstudio.code/data/vscode/extensions/uqbar.wollok-lsp-ide-0.5.3/out/server/src/server.js:37:74770\n    at Ye (/home/publico/.var/app/com.visualstudio.code/data/vscode/extensions/uqbar.wollok-lsp-ide-0.5.3/out/server/src/server.js:7:8527)\n    at qt (/home/publico/.var/app/com.visualstudio.code/data/vscode/extensions/uqbar.wollok-lsp-ide-0.5.3/out/server/src/server.js:7:6189)\n    at ot (/home/publico/.var/app/com.visualstudio.code/data/vscode/extensions/uqbar.wollok-lsp-ide-0.5.3/out/server/src/server.js:7:6378)\n    at Immediate._onImmediate (/home/publico/.var/app/com.visualstudio.code/data/vscode/extensions/uqbar.wollok-lsp-ide-0.5.3/out/server/src/server.js:7:6142)\n    at process.processImmediate (node:internal/timers:485:21)","timestamp":"2025-10-22T15:19:05.472Z"}
{"level":"error","message":"✘ Failed to rebuild document Failed to parse src/gimnasia.wtest: \n-- PARSING FAILED --------------------------------------------------\n\n  107 | //\t}\n  108 | \t\n> 109 | }\n      | ^\n\nExpected one of the following: \n\n'@', 'class', 'const', 'describe', 'mixin', 'object', 'only', 'package', 'program', 'test', 'var', '{', EOF, comment, not \"}\", whitespace\n","stack":"Error: Failed to parse src/gimnasia.wtest: \n-- PARSING FAILED --------------------------------------------------\n\n  107 | //\t}\n  108 | \t\n> 109 | }\n      | ^\n\nExpected one of the following: \n\n'@', 'class', 'const', 'describe', 'mixin', 'object', 'only', 'package', 'program', 'test', 'var', '{', EOF, comment, not \"}\", whitespace\n\n    at /home/publico/.var/app/com.visualstudio.code/data/vscode/extensions/uqbar.wollok-lsp-ide-0.5.3/out/server/src/server.js:2348:13026\n    at Array.map (<anonymous>)\n    at W1n (/home/publico/.var/app/com.visualstudio.code/data/vscode/extensions/uqbar.wollok-lsp-ide-0.5.3/out/server/src/server.js:2348:12950)\n    at U2.buildEnvironmentFrom (/home/publico/.var/app/com.visualstudio.code/data/vscode/extensions/uqbar.wollok-lsp-ide-0.5.3/out/server/src/server.js:2393:5254)\n    at U2.updateEnvironmentWith (/home/publico/.var/app/com.visualstudio.code/data/vscode/extensions/uqbar.wollok-lsp-ide-0.5.3/out/server/src/server.js:2393:4989)\n    at JF (/home/publico/.var/app/com.visualstudio.code/data/vscode/extensions/uqbar.wollok-lsp-ide-0.5.3/out/server/src/server.js:2393:7383)\n    at F3.invoke (/home/publico/.var/app/com.visualstudio.code/data/vscode/extensions/uqbar.wollok-lsp-ide-0.5.3/out/server/src/server.js:3:157334)\n    at o.fire (/home/publico/.var/app/com.visualstudio.code/data/vscode/extensions/uqbar.wollok-lsp-ide-0.5.3/out/server/src/server.js:3:158104)\n    at /home/publico/.var/app/com.visualstudio.code/data/vscode/extensions/uqbar.wollok-lsp-ide-0.5.3/out/server/src/server.js:37:57871\n    at Zr (/home/publico/.var/app/com.visualstudio.code/data/vscode/extensions/uqbar.wollok-lsp-ide-0.5.3/out/server/src/server.js:8:1561)","timestamp":"2025-10-22T15:19:14.199Z"}
{"level":"error","message":"✘ Failed to rebuild document Failed to parse src/gimnasia.wtest: \n-- PARSING FAILED --------------------------------------------------\n\n  107 | //\t}\n  108 | \t\n> 109 | }\n      | ^\n\nExpected one of the following: \n\n'@', 'class', 'const', 'describe', 'mixin', 'object', 'only', 'package', 'program', 'test', 'var', '{', EOF, comment, not \"}\", whitespace\n","stack":"Error: Failed to parse src/gimnasia.wtest: \n-- PARSING FAILED --------------------------------------------------\n\n  107 | //\t}\n  108 | \t\n> 109 | }\n      | ^\n\nExpected one of the following: \n\n'@', 'class', 'const', 'describe', 'mixin', 'object', 'only', 'package', 'program', 'test', 'var', '{', EOF, comment, not \"}\", whitespace\n\n    at /home/publico/.var/app/com.visualstudio.code/data/vscode/extensions/uqbar.wollok-lsp-ide-0.5.3/out/server/src/server.js:2348:13026\n    at Array.map (<anonymous>)\n    at W1n (/home/publico/.var/app/com.visualstudio.code/data/vscode/extensions/uqbar.wollok-lsp-ide-0.5.3/out/server/src/server.js:2348:12950)\n    at U2.buildEnvironmentFrom (/home/publico/.var/app/com.visualstudio.code/data/vscode/extensions/uqbar.wollok-lsp-ide-0.5.3/out/server/src/server.js:2393:5254)\n    at U2.updateEnvironmentWith (/home/publico/.var/app/com.visualstudio.code/data/vscode/extensions/uqbar.wollok-lsp-ide-0.5.3/out/server/src/server.js:2393:4989)\n    at JF (/home/publico/.var/app/com.visualstudio.code/data/vscode/extensions/uqbar.wollok-lsp-ide-0.5.3/out/server/src/server.js:2393:7383)\n    at F3.invoke (/home/publico/.var/app/com.visualstudio.code/data/vscode/extensions/uqbar.wollok-lsp-ide-0.5.3/out/server/src/server.js:3:157334)\n    at o.fire (/home/publico/.var/app/com.visualstudio.code/data/vscode/extensions/uqbar.wollok-lsp-ide-0.5.3/out/server/src/server.js:3:158104)\n    at /home/publico/.var/app/com.visualstudio.code/data/vscode/extensions/uqbar.wollok-lsp-ide-0.5.3/out/server/src/server.js:37:57871\n    at Zr (/home/publico/.var/app/com.visualstudio.code/data/vscode/extensions/uqbar.wollok-lsp-ide-0.5.3/out/server/src/server.js:8:1561)","timestamp":"2025-10-22T15:19:14.709Z"}
{"level":"error","message":"✘ Failed to rebuild document Failed to parse src/gimnasia.wtest: \n-- PARSING FAILED --------------------------------------------------\n\n  107 | //\t}\n  108 | \t\n> 109 | }\n      | ^\n\nExpected one of the following: \n\n'@', 'class', 'const', 'describe', 'mixin', 'object', 'only', 'package', 'program', 'test', 'var', '{', EOF, comment, not \"}\", whitespace\n","stack":"Error: Failed to parse src/gimnasia.wtest: \n-- PARSING FAILED --------------------------------------------------\n\n  107 | //\t}\n  108 | \t\n> 109 | }\n      | ^\n\nExpected one of the following: \n\n'@', 'class', 'const', 'describe', 'mixin', 'object', 'only', 'package', 'program', 'test', 'var', '{', EOF, comment, not \"}\", whitespace\n\n    at /home/publico/.var/app/com.visualstudio.code/data/vscode/extensions/uqbar.wollok-lsp-ide-0.5.3/out/server/src/server.js:2348:13026\n    at Array.map (<anonymous>)\n    at W1n (/home/publico/.var/app/com.visualstudio.code/data/vscode/extensions/uqbar.wollok-lsp-ide-0.5.3/out/server/src/server.js:2348:12950)\n    at U2.buildEnvironmentFrom (/home/publico/.var/app/com.visualstudio.code/data/vscode/extensions/uqbar.wollok-lsp-ide-0.5.3/out/server/src/server.js:2393:5254)\n    at U2.updateEnvironmentWith (/home/publico/.var/app/com.visualstudio.code/data/vscode/extensions/uqbar.wollok-lsp-ide-0.5.3/out/server/src/server.js:2393:4989)\n    at JF (/home/publico/.var/app/com.visualstudio.code/data/vscode/extensions/uqbar.wollok-lsp-ide-0.5.3/out/server/src/server.js:2393:7383)\n    at F3.invoke (/home/publico/.var/app/com.visualstudio.code/data/vscode/extensions/uqbar.wollok-lsp-ide-0.5.3/out/server/src/server.js:3:157334)\n    at o.fire (/home/publico/.var/app/com.visualstudio.code/data/vscode/extensions/uqbar.wollok-lsp-ide-0.5.3/out/server/src/server.js:3:158104)\n    at /home/publico/.var/app/com.visualstudio.code/data/vscode/extensions/uqbar.wollok-lsp-ide-0.5.3/out/server/src/server.js:37:57871\n    at Zr (/home/publico/.var/app/com.visualstudio.code/data/vscode/extensions/uqbar.wollok-lsp-ide-0.5.3/out/server/src/server.js:8:1561)","timestamp":"2025-10-22T15:19:14.746Z"}
{"level":"error","message":"✘ Failed to rebuild document Failed to parse src/gimnasia.wtest: \n-- PARSING FAILED --------------------------------------------------\n\n  107 | //\t}\n  108 | \t\n> 109 | }\n      | ^\n\nExpected one of the following: \n\n'@', 'class', 'const', 'describe', 'mixin', 'object', 'only', 'package', 'program', 'test', 'var', '{', EOF, comment, not \"}\", whitespace\n","stack":"Error: Failed to parse src/gimnasia.wtest: \n-- PARSING FAILED --------------------------------------------------\n\n  107 | //\t}\n  108 | \t\n> 109 | }\n      | ^\n\nExpected one of the following: \n\n'@', 'class', 'const', 'describe', 'mixin', 'object', 'only', 'package', 'program', 'test', 'var', '{', EOF, comment, not \"}\", whitespace\n\n    at /home/publico/.var/app/com.visualstudio.code/data/vscode/extensions/uqbar.wollok-lsp-ide-0.5.3/out/server/src/server.js:2348:13026\n    at Array.map (<anonymous>)\n    at W1n (/home/publico/.var/app/com.visualstudio.code/data/vscode/extensions/uqbar.wollok-lsp-ide-0.5.3/out/server/src/server.js:2348:12950)\n    at U2.buildEnvironmentFrom (/home/publico/.var/app/com.visualstudio.code/data/vscode/extensions/uqbar.wollok-lsp-ide-0.5.3/out/server/src/server.js:2393:5254)\n    at U2.updateEnvironmentWith (/home/publico/.var/app/com.visualstudio.code/data/vscode/extensions/uqbar.wollok-lsp-ide-0.5.3/out/server/src/server.js:2393:4989)\n    at JF (/home/publico/.var/app/com.visualstudio.code/data/vscode/extensions/uqbar.wollok-lsp-ide-0.5.3/out/server/src/server.js:2393:7383)\n    at F3.invoke (/home/publico/.var/app/com.visualstudio.code/data/vscode/extensions/uqbar.wollok-lsp-ide-0.5.3/out/server/src/server.js:3:157334)\n    at o.fire (/home/publico/.var/app/com.visualstudio.code/data/vscode/extensions/uqbar.wollok-lsp-ide-0.5.3/out/server/src/server.js:3:158104)\n    at /home/publico/.var/app/com.visualstudio.code/data/vscode/extensions/uqbar.wollok-lsp-ide-0.5.3/out/server/src/server.js:37:57871\n    at Zr (/home/publico/.var/app/com.visualstudio.code/data/vscode/extensions/uqbar.wollok-lsp-ide-0.5.3/out/server/src/server.js:8:1561)","timestamp":"2025-10-22T15:19:14.789Z"}
{"level":"error","message":"✘ Failed to rebuild document Failed to parse src/gimnasia.wtest: \n-- PARSING FAILED --------------------------------------------------\n\n  107 | //\t}\n  108 | \t\n> 109 | }\n      | ^\n\nExpected one of the following: \n\n'@', 'class', 'const', 'describe', 'mixin', 'object', 'only', 'package', 'program', 'test', 'var', '{', EOF, comment, not \"}\", whitespace\n","stack":"Error: Failed to parse src/gimnasia.wtest: \n-- PARSING FAILED --------------------------------------------------\n\n  107 | //\t}\n  108 | \t\n> 109 | }\n      | ^\n\nExpected one of the following: \n\n'@', 'class', 'const', 'describe', 'mixin', 'object', 'only', 'package', 'program', 'test', 'var', '{', EOF, comment, not \"}\", whitespace\n\n    at /home/publico/.var/app/com.visualstudio.code/data/vscode/extensions/uqbar.wollok-lsp-ide-0.5.3/out/server/src/server.js:2348:13026\n    at Array.map (<anonymous>)\n    at W1n (/home/publico/.var/app/com.visualstudio.code/data/vscode/extensions/uqbar.wollok-lsp-ide-0.5.3/out/server/src/server.js:2348:12950)\n    at U2.buildEnvironmentFrom (/home/publico/.var/app/com.visualstudio.code/data/vscode/extensions/uqbar.wollok-lsp-ide-0.5.3/out/server/src/server.js:2393:5254)\n    at U2.updateEnvironmentWith (/home/publico/.var/app/com.visualstudio.code/data/vscode/extensions/uqbar.wollok-lsp-ide-0.5.3/out/server/src/server.js:2393:4989)\n    at JF (/home/publico/.var/app/com.visualstudio.code/data/vscode/extensions/uqbar.wollok-lsp-ide-0.5.3/out/server/src/server.js:2393:7383)\n    at F3.invoke (/home/publico/.var/app/com.visualstudio.code/data/vscode/extensions/uqbar.wollok-lsp-ide-0.5.3/out/server/src/server.js:3:157334)\n    at o.fire (/home/publico/.var/app/com.visualstudio.code/data/vscode/extensions/uqbar.wollok-lsp-ide-0.5.3/out/server/src/server.js:3:158104)\n    at /home/publico/.var/app/com.visualstudio.code/data/vscode/extensions/uqbar.wollok-lsp-ide-0.5.3/out/server/src/server.js:37:57871\n    at Zr (/home/publico/.var/app/com.visualstudio.code/data/vscode/extensions/uqbar.wollok-lsp-ide-0.5.3/out/server/src/server.js:8:1561)","timestamp":"2025-10-22T15:19:14.827Z"}
{"level":"error","message":"✘ Failed to rebuild document Failed to parse src/gimnasia.wtest: \n-- PARSING FAILED --------------------------------------------------\n\n  107 | //\t}\n  108 | \t\n> 109 | }\n      | ^\n\nExpected one of the following: \n\n'@', 'class', 'const', 'describe', 'mixin', 'object', 'only', 'package', 'program', 'test', 'var', '{', EOF, comment, not \"}\", whitespace\n","stack":"Error: Failed to parse src/gimnasia.wtest: \n-- PARSING FAILED --------------------------------------------------\n\n  107 | //\t}\n  108 | \t\n> 109 | }\n      | ^\n\nExpected one of the following: \n\n'@', 'class', 'const', 'describe', 'mixin', 'object', 'only', 'package', 'program', 'test', 'var', '{', EOF, comment, not \"}\", whitespace\n\n    at /home/publico/.var/app/com.visualstudio.code/data/vscode/extensions/uqbar.wollok-lsp-ide-0.5.3/out/server/src/server.js:2348:13026\n    at Array.map (<anonymous>)\n    at W1n (/home/publico/.var/app/com.visualstudio.code/data/vscode/extensions/uqbar.wollok-lsp-ide-0.5.3/out/server/src/server.js:2348:12950)\n    at U2.buildEnvironmentFrom (/home/publico/.var/app/com.visualstudio.code/data/vscode/extensions/uqbar.wollok-lsp-ide-0.5.3/out/server/src/server.js:2393:5254)\n    at U2.updateEnvironmentWith (/home/publico/.var/app/com.visualstudio.code/data/vscode/extensions/uqbar.wollok-lsp-ide-0.5.3/out/server/src/server.js:2393:4989)\n    at JF (/home/publico/.var/app/com.visualstudio.code/data/vscode/extensions/uqbar.wollok-lsp-ide-0.5.3/out/server/src/server.js:2393:7383)\n    at F3.invoke (/home/publico/.var/app/com.visualstudio.code/data/vscode/extensions/uqbar.wollok-lsp-ide-0.5.3/out/server/src/server.js:3:157334)\n    at o.fire (/home/publico/.var/app/com.visualstudio.code/data/vscode/extensions/uqbar.wollok-lsp-ide-0.5.3/out/server/src/server.js:3:158104)\n    at /home/publico/.var/app/com.visualstudio.code/data/vscode/extensions/uqbar.wollok-lsp-ide-0.5.3/out/server/src/server.js:37:57871\n    at Zr (/home/publico/.var/app/com.visualstudio.code/data/vscode/extensions/uqbar.wollok-lsp-ide-0.5.3/out/server/src/server.js:8:1561)","timestamp":"2025-10-22T15:19:14.870Z"}
{"level":"error","message":"✘ Failed to rebuild document Failed to parse src/gimnasia.wtest: \n-- PARSING FAILED --------------------------------------------------\n\n  107 | //\t}\n  108 | \t\n> 109 | }\n      | ^\n\nExpected one of the following: \n\n'@', 'class', 'const', 'describe', 'mixin', 'object', 'only', 'package', 'program', 'test', 'var', '{', EOF, comment, not \"}\", whitespace\n","stack":"Error: Failed to parse src/gimnasia.wtest: \n-- PARSING FAILED --------------------------------------------------\n\n  107 | //\t}\n  108 | \t\n> 109 | }\n      | ^\n\nExpected one of the following: \n\n'@', 'class', 'const', 'describe', 'mixin', 'object', 'only', 'package', 'program', 'test', 'var', '{', EOF, comment, not \"}\", whitespace\n\n    at /home/publico/.var/app/com.visualstudio.code/data/vscode/extensions/uqbar.wollok-lsp-ide-0.5.3/out/server/src/server.js:2348:13026\n    at Array.map (<anonymous>)\n    at W1n (/home/publico/.var/app/com.visualstudio.code/data/vscode/extensions/uqbar.wollok-lsp-ide-0.5.3/out/server/src/server.js:2348:12950)\n    at U2.buildEnvironmentFrom (/home/publico/.var/app/com.visualstudio.code/data/vscode/extensions/uqbar.wollok-lsp-ide-0.5.3/out/server/src/server.js:2393:5254)\n    at U2.updateEnvironmentWith (/home/publico/.var/app/com.visualstudio.code/data/vscode/extensions/uqbar.wollok-lsp-ide-0.5.3/out/server/src/server.js:2393:4989)\n    at JF (/home/publico/.var/app/com.visualstudio.code/data/vscode/extensions/uqbar.wollok-lsp-ide-0.5.3/out/server/src/server.js:2393:7383)\n    at F3.invoke (/home/publico/.var/app/com.visualstudio.code/data/vscode/extensions/uqbar.wollok-lsp-ide-0.5.3/out/server/src/server.js:3:157334)\n    at o.fire (/home/publico/.var/app/com.visualstudio.code/data/vscode/extensions/uqbar.wollok-lsp-ide-0.5.3/out/server/src/server.js:3:158104)\n    at /home/publico/.var/app/com.visualstudio.code/data/vscode/extensions/uqbar.wollok-lsp-ide-0.5.3/out/server/src/server.js:37:57871\n    at Zr (/home/publico/.var/app/com.visualstudio.code/data/vscode/extensions/uqbar.wollok-lsp-ide-0.5.3/out/server/src/server.js:8:1561)","timestamp":"2025-10-22T15:19:14.918Z"}
{"level":"error","message":"✘ Failed to rebuild document Failed to parse src/gimnasia.wtest: \n-- PARSING FAILED --------------------------------------------------\n\n  107 | //\t}\n  108 | \t\n> 109 | }\n      | ^\n\nExpected one of the following: \n\n'@', 'class', 'const', 'describe', 'mixin', 'object', 'only', 'package', 'program', 'test', 'var', '{', EOF, comment, not \"}\", whitespace\n","stack":"Error: Failed to parse src/gimnasia.wtest: \n-- PARSING FAILED --------------------------------------------------\n\n  107 | //\t}\n  108 | \t\n> 109 | }\n      | ^\n\nExpected one of the following: \n\n'@', 'class', 'const', 'describe', 'mixin', 'object', 'only', 'package', 'program', 'test', 'var', '{', EOF, comment, not \"}\", whitespace\n\n    at /home/publico/.var/app/com.visualstudio.code/data/vscode/extensions/uqbar.wollok-lsp-ide-0.5.3/out/server/src/server.js:2348:13026\n    at Array.map (<anonymous>)\n    at W1n (/home/publico/.var/app/com.visualstudio.code/data/vscode/extensions/uqbar.wollok-lsp-ide-0.5.3/out/server/src/server.js:2348:12950)\n    at U2.buildEnvironmentFrom (/home/publico/.var/app/com.visualstudio.code/data/vscode/extensions/uqbar.wollok-lsp-ide-0.5.3/out/server/src/server.js:2393:5254)\n    at U2.updateEnvironmentWith (/home/publico/.var/app/com.visualstudio.code/data/vscode/extensions/uqbar.wollok-lsp-ide-0.5.3/out/server/src/server.js:2393:4989)\n    at JF (/home/publico/.var/app/com.visualstudio.code/data/vscode/extensions/uqbar.wollok-lsp-ide-0.5.3/out/server/src/server.js:2393:7383)\n    at F3.invoke (/home/publico/.var/app/com.visualstudio.code/data/vscode/extensions/uqbar.wollok-lsp-ide-0.5.3/out/server/src/server.js:3:157334)\n    at o.fire (/home/publico/.var/app/com.visualstudio.code/data/vscode/extensions/uqbar.wollok-lsp-ide-0.5.3/out/server/src/server.js:3:158104)\n    at /home/publico/.var/app/com.visualstudio.code/data/vscode/extensions/uqbar.wollok-lsp-ide-0.5.3/out/server/src/server.js:37:57871\n    at Zr (/home/publico/.var/app/com.visualstudio.code/data/vscode/extensions/uqbar.wollok-lsp-ide-0.5.3/out/server/src/server.js:8:1561)","timestamp":"2025-10-22T15:19:14.967Z"}
{"level":"error","message":"✘ Failed to rebuild document Failed to parse src/gimnasia.wtest: \n-- PARSING FAILED --------------------------------------------------\n\n  107 | //\t}\n  108 | \t\n> 109 | }\n      | ^\n\nExpected one of the following: \n\n'@', 'class', 'const', 'describe', 'mixin', 'object', 'only', 'package', 'program', 'test', 'var', '{', EOF, comment, not \"}\", whitespace\n","stack":"Error: Failed to parse src/gimnasia.wtest: \n-- PARSING FAILED --------------------------------------------------\n\n  107 | //\t}\n  108 | \t\n> 109 | }\n      | ^\n\nExpected one of the following: \n\n'@', 'class', 'const', 'describe', 'mixin', 'object', 'only', 'package', 'program', 'test', 'var', '{', EOF, comment, not \"}\", whitespace\n\n    at /home/publico/.var/app/com.visualstudio.code/data/vscode/extensions/uqbar.wollok-lsp-ide-0.5.3/out/server/src/server.js:2348:13026\n    at Array.map (<anonymous>)\n    at W1n (/home/publico/.var/app/com.visualstudio.code/data/vscode/extensions/uqbar.wollok-lsp-ide-0.5.3/out/server/src/server.js:2348:12950)\n    at U2.buildEnvironmentFrom (/home/publico/.var/app/com.visualstudio.code/data/vscode/extensions/uqbar.wollok-lsp-ide-0.5.3/out/server/src/server.js:2393:5254)\n    at U2.updateEnvironmentWith (/home/publico/.var/app/com.visualstudio.code/data/vscode/extensions/uqbar.wollok-lsp-ide-0.5.3/out/server/src/server.js:2393:4989)\n    at JF (/home/publico/.var/app/com.visualstudio.code/data/vscode/extensions/uqbar.wollok-lsp-ide-0.5.3/out/server/src/server.js:2393:7383)\n    at F3.invoke (/home/publico/.var/app/com.visualstudio.code/data/vscode/extensions/uqbar.wollok-lsp-ide-0.5.3/out/server/src/server.js:3:157334)\n    at o.fire (/home/publico/.var/app/com.visualstudio.code/data/vscode/extensions/uqbar.wollok-lsp-ide-0.5.3/out/server/src/server.js:3:158104)\n    at /home/publico/.var/app/com.visualstudio.code/data/vscode/extensions/uqbar.wollok-lsp-ide-0.5.3/out/server/src/server.js:37:57871\n    at Zr (/home/publico/.var/app/com.visualstudio.code/data/vscode/extensions/uqbar.wollok-lsp-ide-0.5.3/out/server/src/server.js:8:1561)","timestamp":"2025-10-22T15:19:15.012Z"}
{"level":"error","message":"✘ Failed to rebuild document Failed to parse src/gimnasia.wtest: \n-- PARSING FAILED --------------------------------------------------\n\n  107 | //\t}\n  108 | \t\n> 109 | }\n      | ^\n\nExpected one of the following: \n\n'@', 'class', 'const', 'describe', 'mixin', 'object', 'only', 'package', 'program', 'test', 'var', '{', EOF, comment, not \"}\", whitespace\n","stack":"Error: Failed to parse src/gimnasia.wtest: \n-- PARSING FAILED --------------------------------------------------\n\n  107 | //\t}\n  108 | \t\n> 109 | }\n      | ^\n\nExpected one of the following: \n\n'@', 'class', 'const', 'describe', 'mixin', 'object', 'only', 'package', 'program', 'test', 'var', '{', EOF, comment, not \"}\", whitespace\n\n    at /home/publico/.var/app/com.visualstudio.code/data/vscode/extensions/uqbar.wollok-lsp-ide-0.5.3/out/server/src/server.js:2348:13026\n    at Array.map (<anonymous>)\n    at W1n (/home/publico/.var/app/com.visualstudio.code/data/vscode/extensions/uqbar.wollok-lsp-ide-0.5.3/out/server/src/server.js:2348:12950)\n    at U2.buildEnvironmentFrom (/home/publico/.var/app/com.visualstudio.code/data/vscode/extensions/uqbar.wollok-lsp-ide-0.5.3/out/server/src/server.js:2393:5254)\n    at U2.updateEnvironmentWith (/home/publico/.var/app/com.visualstudio.code/data/vscode/extensions/uqbar.wollok-lsp-ide-0.5.3/out/server/src/server.js:2393:4989)\n    at JF (/home/publico/.var/app/com.visualstudio.code/data/vscode/extensions/uqbar.wollok-lsp-ide-0.5.3/out/server/src/server.js:2393:7383)\n    at F3.invoke (/home/publico/.var/app/com.visualstudio.code/data/vscode/extensions/uqbar.wollok-lsp-ide-0.5.3/out/server/src/server.js:3:157334)\n    at o.fire (/home/publico/.var/app/com.visualstudio.code/data/vscode/extensions/uqbar.wollok-lsp-ide-0.5.3/out/server/src/server.js:3:158104)\n    at /home/publico/.var/app/com.visualstudio.code/data/vscode/extensions/uqbar.wollok-lsp-ide-0.5.3/out/server/src/server.js:37:57871\n    at Zr (/home/publico/.var/app/com.visualstudio.code/data/vscode/extensions/uqbar.wollok-lsp-ide-0.5.3/out/server/src/server.js:8:1561)","timestamp":"2025-10-22T15:19:15.048Z"}
{"level":"error","message":"✘ Failed to rebuild document Failed to parse src/gimnasia.wtest: \n-- PARSING FAILED --------------------------------------------------\n\n  107 | //\t}\n  108 | \t\n> 109 | }\n      | ^\n\nExpected one of the following: \n\n'@', 'class', 'const', 'describe', 'mixin', 'object', 'only', 'package', 'program', 'test', 'var', '{', EOF, comment, not \"}\", whitespace\n","stack":"Error: Failed to parse src/gimnasia.wtest: \n-- PARSING FAILED --------------------------------------------------\n\n  107 | //\t}\n  108 | \t\n> 109 | }\n      | ^\n\nExpected one of the following: \n\n'@', 'class', 'const', 'describe', 'mixin', 'object', 'only', 'package', 'program', 'test', 'var', '{', EOF, comment, not \"}\", whitespace\n\n    at /home/publico/.var/app/com.visualstudio.code/data/vscode/extensions/uqbar.wollok-lsp-ide-0.5.3/out/server/src/server.js:2348:13026\n    at Array.map (<anonymous>)\n    at W1n (/home/publico/.var/app/com.visualstudio.code/data/vscode/extensions/uqbar.wollok-lsp-ide-0.5.3/out/server/src/server.js:2348:12950)\n    at U2.buildEnvironmentFrom (/home/publico/.var/app/com.visualstudio.code/data/vscode/extensions/uqbar.wollok-lsp-ide-0.5.3/out/server/src/server.js:2393:5254)\n    at U2.updateEnvironmentWith (/home/publico/.var/app/com.visualstudio.code/data/vscode/extensions/uqbar.wollok-lsp-ide-0.5.3/out/server/src/server.js:2393:4989)\n    at JF (/home/publico/.var/app/com.visualstudio.code/data/vscode/extensions/uqbar.wollok-lsp-ide-0.5.3/out/server/src/server.js:2393:7383)\n    at F3.invoke (/home/publico/.var/app/com.visualstudio.code/data/vscode/extensions/uqbar.wollok-lsp-ide-0.5.3/out/server/src/server.js:3:157334)\n    at o.fire (/home/publico/.var/app/com.visualstudio.code/data/vscode/extensions/uqbar.wollok-lsp-ide-0.5.3/out/server/src/server.js:3:158104)\n    at /home/publico/.var/app/com.visualstudio.code/data/vscode/extensions/uqbar.wollok-lsp-ide-0.5.3/out/server/src/server.js:37:57871\n    at Zr (/home/publico/.var/app/com.visualstudio.code/data/vscode/extensions/uqbar.wollok-lsp-ide-0.5.3/out/server/src/server.js:8:1561)","timestamp":"2025-10-22T15:19:15.079Z"}
{"level":"error","message":"✘ Failed to rebuild document Failed to parse src/gimnasia.wtest: \n-- PARSING FAILED --------------------------------------------------\n\n  107 | //\t}\n  108 | \t\n> 109 | }\n      | ^\n\nExpected one of the following: \n\n'@', 'class', 'const', 'describe', 'mixin', 'object', 'only', 'package', 'program', 'test', 'var', '{', EOF, comment, not \"}\", whitespace\n","stack":"Error: Failed to parse src/gimnasia.wtest: \n-- PARSING FAILED --------------------------------------------------\n\n  107 | //\t}\n  108 | \t\n> 109 | }\n      | ^\n\nExpected one of the following: \n\n'@', 'class', 'const', 'describe', 'mixin', 'object', 'only', 'package', 'program', 'test', 'var', '{', EOF, comment, not \"}\", whitespace\n\n    at /home/publico/.var/app/com.visualstudio.code/data/vscode/extensions/uqbar.wollok-lsp-ide-0.5.3/out/server/src/server.js:2348:13026\n    at Array.map (<anonymous>)\n    at W1n (/home/publico/.var/app/com.visualstudio.code/data/vscode/extensions/uqbar.wollok-lsp-ide-0.5.3/out/server/src/server.js:2348:12950)\n    at U2.buildEnvironmentFrom (/home/publico/.var/app/com.visualstudio.code/data/vscode/extensions/uqbar.wollok-lsp-ide-0.5.3/out/server/src/server.js:2393:5254)\n    at U2.updateEnvironmentWith (/home/publico/.var/app/com.visualstudio.code/data/vscode/extensions/uqbar.wollok-lsp-ide-0.5.3/out/server/src/server.js:2393:4989)\n    at JF (/home/publico/.var/app/com.visualstudio.code/data/vscode/extensions/uqbar.wollok-lsp-ide-0.5.3/out/server/src/server.js:2393:7383)\n    at F3.invoke (/home/publico/.var/app/com.visualstudio.code/data/vscode/extensions/uqbar.wollok-lsp-ide-0.5.3/out/server/src/server.js:3:157334)\n    at o.fire (/home/publico/.var/app/com.visualstudio.code/data/vscode/extensions/uqbar.wollok-lsp-ide-0.5.3/out/server/src/server.js:3:158104)\n    at /home/publico/.var/app/com.visualstudio.code/data/vscode/extensions/uqbar.wollok-lsp-ide-0.5.3/out/server/src/server.js:37:57871\n    at Zr (/home/publico/.var/app/com.visualstudio.code/data/vscode/extensions/uqbar.wollok-lsp-ide-0.5.3/out/server/src/server.js:8:1561)","timestamp":"2025-10-22T15:19:15.119Z"}
{"level":"error","message":"✘ Failed to rebuild document Failed to parse src/gimnasia.wtest: \n-- PARSING FAILED --------------------------------------------------\n\n  107 | //\t}\n  108 | \t\n> 109 | }\n      | ^\n\nExpected one of the following: \n\n'@', 'class', 'const', 'describe', 'mixin', 'object', 'only', 'package', 'program', 'test', 'var', '{', EOF, comment, not \"}\", whitespace\n","stack":"Error: Failed to parse src/gimnasia.wtest: \n-- PARSING FAILED --------------------------------------------------\n\n  107 | //\t}\n  108 | \t\n> 109 | }\n      | ^\n\nExpected one of the following: \n\n'@', 'class', 'const', 'describe', 'mixin', 'object', 'only', 'package', 'program', 'test', 'var', '{', EOF, comment, not \"}\", whitespace\n\n    at /home/publico/.var/app/com.visualstudio.code/data/vscode/extensions/uqbar.wollok-lsp-ide-0.5.3/out/server/src/server.js:2348:13026\n    at Array.map (<anonymous>)\n    at W1n (/home/publico/.var/app/com.visualstudio.code/data/vscode/extensions/uqbar.wollok-lsp-ide-0.5.3/out/server/src/server.js:2348:12950)\n    at U2.buildEnvironmentFrom (/home/publico/.var/app/com.visualstudio.code/data/vscode/extensions/uqbar.wollok-lsp-ide-0.5.3/out/server/src/server.js:2393:5254)\n    at U2.updateEnvironmentWith (/home/publico/.var/app/com.visualstudio.code/data/vscode/extensions/uqbar.wollok-lsp-ide-0.5.3/out/server/src/server.js:2393:4989)\n    at JF (/home/publico/.var/app/com.visualstudio.code/data/vscode/extensions/uqbar.wollok-lsp-ide-0.5.3/out/server/src/server.js:2393:7383)\n    at F3.invoke (/home/publico/.var/app/com.visualstudio.code/data/vscode/extensions/uqbar.wollok-lsp-ide-0.5.3/out/server/src/server.js:3:157334)\n    at o.fire (/home/publico/.var/app/com.visualstudio.code/data/vscode/extensions/uqbar.wollok-lsp-ide-0.5.3/out/server/src/server.js:3:158104)\n    at /home/publico/.var/app/com.visualstudio.code/data/vscode/extensions/uqbar.wollok-lsp-ide-0.5.3/out/server/src/server.js:37:57871\n    at Zr (/home/publico/.var/app/com.visualstudio.code/data/vscode/extensions/uqbar.wollok-lsp-ide-0.5.3/out/server/src/server.js:8:1561)","timestamp":"2025-10-22T15:19:15.165Z"}
{"level":"error","message":"✘ Failed to rebuild document Failed to parse src/gimnasia.wtest: \n-- PARSING FAILED --------------------------------------------------\n\n  107 | //\t}\n  108 | \t\n> 109 | }\n      | ^\n\nExpected one of the following: \n\n'@', 'class', 'const', 'describe', 'mixin', 'object', 'only', 'package', 'program', 'test', 'var', '{', EOF, comment, not \"}\", whitespace\n","stack":"Error: Failed to parse src/gimnasia.wtest: \n-- PARSING FAILED --------------------------------------------------\n\n  107 | //\t}\n  108 | \t\n> 109 | }\n      | ^\n\nExpected one of the following: \n\n'@', 'class', 'const', 'describe', 'mixin', 'object', 'only', 'package', 'program', 'test', 'var', '{', EOF, comment, not \"}\", whitespace\n\n    at /home/publico/.var/app/com.visualstudio.code/data/vscode/extensions/uqbar.wollok-lsp-ide-0.5.3/out/server/src/server.js:2348:13026\n    at Array.map (<anonymous>)\n    at W1n (/home/publico/.var/app/com.visualstudio.code/data/vscode/extensions/uqbar.wollok-lsp-ide-0.5.3/out/server/src/server.js:2348:12950)\n    at U2.buildEnvironmentFrom (/home/publico/.var/app/com.visualstudio.code/data/vscode/extensions/uqbar.wollok-lsp-ide-0.5.3/out/server/src/server.js:2393:5254)\n    at U2.updateEnvironmentWith (/home/publico/.var/app/com.visualstudio.code/data/vscode/extensions/uqbar.wollok-lsp-ide-0.5.3/out/server/src/server.js:2393:4989)\n    at JF (/home/publico/.var/app/com.visualstudio.code/data/vscode/extensions/uqbar.wollok-lsp-ide-0.5.3/out/server/src/server.js:2393:7383)\n    at F3.invoke (/home/publico/.var/app/com.visualstudio.code/data/vscode/extensions/uqbar.wollok-lsp-ide-0.5.3/out/server/src/server.js:3:157334)\n    at o.fire (/home/publico/.var/app/com.visualstudio.code/data/vscode/extensions/uqbar.wollok-lsp-ide-0.5.3/out/server/src/server.js:3:158104)\n    at /home/publico/.var/app/com.visualstudio.code/data/vscode/extensions/uqbar.wollok-lsp-ide-0.5.3/out/server/src/server.js:37:57871\n    at Zr (/home/publico/.var/app/com.visualstudio.code/data/vscode/extensions/uqbar.wollok-lsp-ide-0.5.3/out/server/src/server.js:8:1561)","timestamp":"2025-10-22T15:19:15.211Z"}
{"level":"error","message":"✘ Failed to rebuild document Failed to parse src/gimnasia.wtest: \n-- PARSING FAILED --------------------------------------------------\n\n  107 | //\t}\n  108 | \t\n> 109 | }\n      | ^\n\nExpected one of the following: \n\n'@', 'class', 'const', 'describe', 'mixin', 'object', 'only', 'package', 'program', 'test', 'var', '{', EOF, comment, not \"}\", whitespace\n","stack":"Error: Failed to parse src/gimnasia.wtest: \n-- PARSING FAILED --------------------------------------------------\n\n  107 | //\t}\n  108 | \t\n> 109 | }\n      | ^\n\nExpected one of the following: \n\n'@', 'class', 'const', 'describe', 'mixin', 'object', 'only', 'package', 'program', 'test', 'var', '{', EOF, comment, not \"}\", whitespace\n\n    at /home/publico/.var/app/com.visualstudio.code/data/vscode/extensions/uqbar.wollok-lsp-ide-0.5.3/out/server/src/server.js:2348:13026\n    at Array.map (<anonymous>)\n    at W1n (/home/publico/.var/app/com.visualstudio.code/data/vscode/extensions/uqbar.wollok-lsp-ide-0.5.3/out/server/src/server.js:2348:12950)\n    at U2.buildEnvironmentFrom (/home/publico/.var/app/com.visualstudio.code/data/vscode/extensions/uqbar.wollok-lsp-ide-0.5.3/out/server/src/server.js:2393:5254)\n    at U2.updateEnvironmentWith (/home/publico/.var/app/com.visualstudio.code/data/vscode/extensions/uqbar.wollok-lsp-ide-0.5.3/out/server/src/server.js:2393:4989)\n    at JF (/home/publico/.var/app/com.visualstudio.code/data/vscode/extensions/uqbar.wollok-lsp-ide-0.5.3/out/server/src/server.js:2393:7383)\n    at F3.invoke (/home/publico/.var/app/com.visualstudio.code/data/vscode/extensions/uqbar.wollok-lsp-ide-0.5.3/out/server/src/server.js:3:157334)\n    at o.fire (/home/publico/.var/app/com.visualstudio.code/data/vscode/extensions/uqbar.wollok-lsp-ide-0.5.3/out/server/src/server.js:3:158104)\n    at /home/publico/.var/app/com.visualstudio.code/data/vscode/extensions/uqbar.wollok-lsp-ide-0.5.3/out/server/src/server.js:37:57871\n    at Zr (/home/publico/.var/app/com.visualstudio.code/data/vscode/extensions/uqbar.wollok-lsp-ide-0.5.3/out/server/src/server.js:8:1561)","timestamp":"2025-10-22T15:19:15.264Z"}
{"level":"error","message":"✘ Failed to rebuild document Failed to parse src/gimnasia.wtest: \n-- PARSING FAILED --------------------------------------------------\n\n  107 | //\t}\n  108 | \t\n> 109 | }\n      | ^\n\nExpected one of the following: \n\n'@', 'class', 'const', 'describe', 'mixin', 'object', 'only', 'package', 'program', 'test', 'var', '{', EOF, comment, not \"}\", whitespace\n","stack":"Error: Failed to parse src/gimnasia.wtest: \n-- PARSING FAILED --------------------------------------------------\n\n  107 | //\t}\n  108 | \t\n> 109 | }\n      | ^\n\nExpected one of the following: \n\n'@', 'class', 'const', 'describe', 'mixin', 'object', 'only', 'package', 'program', 'test', 'var', '{', EOF, comment, not \"}\", whitespace\n\n    at /home/publico/.var/app/com.visualstudio.code/data/vscode/extensions/uqbar.wollok-lsp-ide-0.5.3/out/server/src/server.js:2348:13026\n    at Array.map (<anonymous>)\n    at W1n (/home/publico/.var/app/com.visualstudio.code/data/vscode/extensions/uqbar.wollok-lsp-ide-0.5.3/out/server/src/server.js:2348:12950)\n    at U2.buildEnvironmentFrom (/home/publico/.var/app/com.visualstudio.code/data/vscode/extensions/uqbar.wollok-lsp-ide-0.5.3/out/server/src/server.js:2393:5254)\n    at U2.updateEnvironmentWith (/home/publico/.var/app/com.visualstudio.code/data/vscode/extensions/uqbar.wollok-lsp-ide-0.5.3/out/server/src/server.js:2393:4989)\n    at JF (/home/publico/.var/app/com.visualstudio.code/data/vscode/extensions/uqbar.wollok-lsp-ide-0.5.3/out/server/src/server.js:2393:7383)\n    at F3.invoke (/home/publico/.var/app/com.visualstudio.code/data/vscode/extensions/uqbar.wollok-lsp-ide-0.5.3/out/server/src/server.js:3:157334)\n    at o.fire (/home/publico/.var/app/com.visualstudio.code/data/vscode/extensions/uqbar.wollok-lsp-ide-0.5.3/out/server/src/server.js:3:158104)\n    at /home/publico/.var/app/com.visualstudio.code/data/vscode/extensions/uqbar.wollok-lsp-ide-0.5.3/out/server/src/server.js:37:57871\n    at Zr (/home/publico/.var/app/com.visualstudio.code/data/vscode/extensions/uqbar.wollok-lsp-ide-0.5.3/out/server/src/server.js:8:1561)","timestamp":"2025-10-22T15:19:15.315Z"}
{"level":"error","message":"✘ Failed to rebuild document Failed to parse src/gimnasia.wtest: \n-- PARSING FAILED --------------------------------------------------\n\n  107 | //\t}\n  108 | \t\n> 109 | }\n      | ^\n\nExpected one of the following: \n\n'@', 'class', 'const', 'describe', 'mixin', 'object', 'only', 'package', 'program', 'test', 'var', '{', EOF, comment, not \"}\", whitespace\n","stack":"Error: Failed to parse src/gimnasia.wtest: \n-- PARSING FAILED --------------------------------------------------\n\n  107 | //\t}\n  108 | \t\n> 109 | }\n      | ^\n\nExpected one of the following: \n\n'@', 'class', 'const', 'describe', 'mixin', 'object', 'only', 'package', 'program', 'test', 'var', '{', EOF, comment, not \"}\", whitespace\n\n    at /home/publico/.var/app/com.visualstudio.code/data/vscode/extensions/uqbar.wollok-lsp-ide-0.5.3/out/server/src/server.js:2348:13026\n    at Array.map (<anonymous>)\n    at W1n (/home/publico/.var/app/com.visualstudio.code/data/vscode/extensions/uqbar.wollok-lsp-ide-0.5.3/out/server/src/server.js:2348:12950)\n    at U2.buildEnvironmentFrom (/home/publico/.var/app/com.visualstudio.code/data/vscode/extensions/uqbar.wollok-lsp-ide-0.5.3/out/server/src/server.js:2393:5254)\n    at U2.updateEnvironmentWith (/home/publico/.var/app/com.visualstudio.code/data/vscode/extensions/uqbar.wollok-lsp-ide-0.5.3/out/server/src/server.js:2393:4989)\n    at JF (/home/publico/.var/app/com.visualstudio.code/data/vscode/extensions/uqbar.wollok-lsp-ide-0.5.3/out/server/src/server.js:2393:7383)\n    at F3.invoke (/home/publico/.var/app/com.visualstudio.code/data/vscode/extensions/uqbar.wollok-lsp-ide-0.5.3/out/server/src/server.js:3:157334)\n    at o.fire (/home/publico/.var/app/com.visualstudio.code/data/vscode/extensions/uqbar.wollok-lsp-ide-0.5.3/out/server/src/server.js:3:158104)\n    at /home/publico/.var/app/com.visualstudio.code/data/vscode/extensions/uqbar.wollok-lsp-ide-0.5.3/out/server/src/server.js:37:57871\n    at Zr (/home/publico/.var/app/com.visualstudio.code/data/vscode/extensions/uqbar.wollok-lsp-ide-0.5.3/out/server/src/server.js:8:1561)","timestamp":"2025-10-22T15:19:15.360Z"}
{"level":"error","message":"✘ Failed to rebuild document Failed to parse src/gimnasia.wtest: \n-- PARSING FAILED --------------------------------------------------\n\n  107 | //\t}\n  108 | \t\n> 109 | }\n      | ^\n\nExpected one of the following: \n\n'@', 'class', 'const', 'describe', 'mixin', 'object', 'only', 'package', 'program', 'test', 'var', '{', EOF, comment, not \"}\", whitespace\n","stack":"Error: Failed to parse src/gimnasia.wtest: \n-- PARSING FAILED --------------------------------------------------\n\n  107 | //\t}\n  108 | \t\n> 109 | }\n      | ^\n\nExpected one of the following: \n\n'@', 'class', 'const', 'describe', 'mixin', 'object', 'only', 'package', 'program', 'test', 'var', '{', EOF, comment, not \"}\", whitespace\n\n    at /home/publico/.var/app/com.visualstudio.code/data/vscode/extensions/uqbar.wollok-lsp-ide-0.5.3/out/server/src/server.js:2348:13026\n    at Array.map (<anonymous>)\n    at W1n (/home/publico/.var/app/com.visualstudio.code/data/vscode/extensions/uqbar.wollok-lsp-ide-0.5.3/out/server/src/server.js:2348:12950)\n    at U2.buildEnvironmentFrom (/home/publico/.var/app/com.visualstudio.code/data/vscode/extensions/uqbar.wollok-lsp-ide-0.5.3/out/server/src/server.js:2393:5254)\n    at U2.updateEnvironmentWith (/home/publico/.var/app/com.visualstudio.code/data/vscode/extensions/uqbar.wollok-lsp-ide-0.5.3/out/server/src/server.js:2393:4989)\n    at JF (/home/publico/.var/app/com.visualstudio.code/data/vscode/extensions/uqbar.wollok-lsp-ide-0.5.3/out/server/src/server.js:2393:7383)\n    at F3.invoke (/home/publico/.var/app/com.visualstudio.code/data/vscode/extensions/uqbar.wollok-lsp-ide-0.5.3/out/server/src/server.js:3:157334)\n    at o.fire (/home/publico/.var/app/com.visualstudio.code/data/vscode/extensions/uqbar.wollok-lsp-ide-0.5.3/out/server/src/server.js:3:158104)\n    at /home/publico/.var/app/com.visualstudio.code/data/vscode/extensions/uqbar.wollok-lsp-ide-0.5.3/out/server/src/server.js:37:57871\n    at Zr (/home/publico/.var/app/com.visualstudio.code/data/vscode/extensions/uqbar.wollok-lsp-ide-0.5.3/out/server/src/server.js:8:1561)","timestamp":"2025-10-22T15:19:15.404Z"}
{"level":"error","message":"✘ Failed to rebuild document Failed to parse src/gimnasia.wtest: \n-- PARSING FAILED --------------------------------------------------\n\n  107 | //\t}\n  108 | \t\n> 109 | }\n      | ^\n\nExpected one of the following: \n\n'@', 'class', 'const', 'describe', 'mixin', 'object', 'only', 'package', 'program', 'test', 'var', '{', EOF, comment, not \"}\", whitespace\n","stack":"Error: Failed to parse src/gimnasia.wtest: \n-- PARSING FAILED --------------------------------------------------\n\n  107 | //\t}\n  108 | \t\n> 109 | }\n      | ^\n\nExpected one of the following: \n\n'@', 'class', 'const', 'describe', 'mixin', 'object', 'only', 'package', 'program', 'test', 'var', '{', EOF, comment, not \"}\", whitespace\n\n    at /home/publico/.var/app/com.visualstudio.code/data/vscode/extensions/uqbar.wollok-lsp-ide-0.5.3/out/server/src/server.js:2348:13026\n    at Array.map (<anonymous>)\n    at W1n (/home/publico/.var/app/com.visualstudio.code/data/vscode/extensions/uqbar.wollok-lsp-ide-0.5.3/out/server/src/server.js:2348:12950)\n    at U2.buildEnvironmentFrom (/home/publico/.var/app/com.visualstudio.code/data/vscode/extensions/uqbar.wollok-lsp-ide-0.5.3/out/server/src/server.js:2393:5254)\n    at U2.updateEnvironmentWith (/home/publico/.var/app/com.visualstudio.code/data/vscode/extensions/uqbar.wollok-lsp-ide-0.5.3/out/server/src/server.js:2393:4989)\n    at JF (/home/publico/.var/app/com.visualstudio.code/data/vscode/extensions/uqbar.wollok-lsp-ide-0.5.3/out/server/src/server.js:2393:7383)\n    at F3.invoke (/home/publico/.var/app/com.visualstudio.code/data/vscode/extensions/uqbar.wollok-lsp-ide-0.5.3/out/server/src/server.js:3:157334)\n    at o.fire (/home/publico/.var/app/com.visualstudio.code/data/vscode/extensions/uqbar.wollok-lsp-ide-0.5.3/out/server/src/server.js:3:158104)\n    at /home/publico/.var/app/com.visualstudio.code/data/vscode/extensions/uqbar.wollok-lsp-ide-0.5.3/out/server/src/server.js:37:57871\n    at Zr (/home/publico/.var/app/com.visualstudio.code/data/vscode/extensions/uqbar.wollok-lsp-ide-0.5.3/out/server/src/server.js:8:1561)","timestamp":"2025-10-22T15:19:15.444Z"}
{"level":"error","message":"✘ Failed to rebuild document Failed to parse src/gimnasia.wtest: \n-- PARSING FAILED --------------------------------------------------\n\n  107 | //\t}\n  108 | \t\n> 109 | }\n      | ^\n\nExpected one of the following: \n\n'@', 'class', 'const', 'describe', 'mixin', 'object', 'only', 'package', 'program', 'test', 'var', '{', EOF, comment, not \"}\", whitespace\n","stack":"Error: Failed to parse src/gimnasia.wtest: \n-- PARSING FAILED --------------------------------------------------\n\n  107 | //\t}\n  108 | \t\n> 109 | }\n      | ^\n\nExpected one of the following: \n\n'@', 'class', 'const', 'describe', 'mixin', 'object', 'only', 'package', 'program', 'test', 'var', '{', EOF, comment, not \"}\", whitespace\n\n    at /home/publico/.var/app/com.visualstudio.code/data/vscode/extensions/uqbar.wollok-lsp-ide-0.5.3/out/server/src/server.js:2348:13026\n    at Array.map (<anonymous>)\n    at W1n (/home/publico/.var/app/com.visualstudio.code/data/vscode/extensions/uqbar.wollok-lsp-ide-0.5.3/out/server/src/server.js:2348:12950)\n    at U2.buildEnvironmentFrom (/home/publico/.var/app/com.visualstudio.code/data/vscode/extensions/uqbar.wollok-lsp-ide-0.5.3/out/server/src/server.js:2393:5254)\n    at U2.updateEnvironmentWith (/home/publico/.var/app/com.visualstudio.code/data/vscode/extensions/uqbar.wollok-lsp-ide-0.5.3/out/server/src/server.js:2393:4989)\n    at JF (/home/publico/.var/app/com.visualstudio.code/data/vscode/extensions/uqbar.wollok-lsp-ide-0.5.3/out/server/src/server.js:2393:7383)\n    at F3.invoke (/home/publico/.var/app/com.visualstudio.code/data/vscode/extensions/uqbar.wollok-lsp-ide-0.5.3/out/server/src/server.js:3:157334)\n    at o.fire (/home/publico/.var/app/com.visualstudio.code/data/vscode/extensions/uqbar.wollok-lsp-ide-0.5.3/out/server/src/server.js:3:158104)\n    at /home/publico/.var/app/com.visualstudio.code/data/vscode/extensions/uqbar.wollok-lsp-ide-0.5.3/out/server/src/server.js:37:57871\n    at Zr (/home/publico/.var/app/com.visualstudio.code/data/vscode/extensions/uqbar.wollok-lsp-ide-0.5.3/out/server/src/server.js:8:1561)","timestamp":"2025-10-22T15:19:15.483Z"}
{"level":"error","message":"✘ Failed to rebuild document Failed to parse src/gimnasia.wtest: \n-- PARSING FAILED --------------------------------------------------\n\n  107 | //\t}\n  108 | \t\n> 109 | }\n      | ^\n\nExpected one of the following: \n\n'@', 'class', 'const', 'describe', 'mixin', 'object', 'only', 'package', 'program', 'test', 'var', '{', EOF, comment, not \"}\", whitespace\n","stack":"Error: Failed to parse src/gimnasia.wtest: \n-- PARSING FAILED --------------------------------------------------\n\n  107 | //\t}\n  108 | \t\n> 109 | }\n      | ^\n\nExpected one of the following: \n\n'@', 'class', 'const', 'describe', 'mixin', 'object', 'only', 'package', 'program', 'test', 'var', '{', EOF, comment, not \"}\", whitespace\n\n    at /home/publico/.var/app/com.visualstudio.code/data/vscode/extensions/uqbar.wollok-lsp-ide-0.5.3/out/server/src/server.js:2348:13026\n    at Array.map (<anonymous>)\n    at W1n (/home/publico/.var/app/com.visualstudio.code/data/vscode/extensions/uqbar.wollok-lsp-ide-0.5.3/out/server/src/server.js:2348:12950)\n    at U2.buildEnvironmentFrom (/home/publico/.var/app/com.visualstudio.code/data/vscode/extensions/uqbar.wollok-lsp-ide-0.5.3/out/server/src/server.js:2393:5254)\n    at U2.updateEnvironmentWith (/home/publico/.var/app/com.visualstudio.code/data/vscode/extensions/uqbar.wollok-lsp-ide-0.5.3/out/server/src/server.js:2393:4989)\n    at JF (/home/publico/.var/app/com.visualstudio.code/data/vscode/extensions/uqbar.wollok-lsp-ide-0.5.3/out/server/src/server.js:2393:7383)\n    at F3.invoke (/home/publico/.var/app/com.visualstudio.code/data/vscode/extensions/uqbar.wollok-lsp-ide-0.5.3/out/server/src/server.js:3:157334)\n    at o.fire (/home/publico/.var/app/com.visualstudio.code/data/vscode/extensions/uqbar.wollok-lsp-ide-0.5.3/out/server/src/server.js:3:158104)\n    at /home/publico/.var/app/com.visualstudio.code/data/vscode/extensions/uqbar.wollok-lsp-ide-0.5.3/out/server/src/server.js:37:57871\n    at Zr (/home/publico/.var/app/com.visualstudio.code/data/vscode/extensions/uqbar.wollok-lsp-ide-0.5.3/out/server/src/server.js:8:1561)","timestamp":"2025-10-22T15:19:15.532Z"}
{"level":"error","message":"✘ Failed to rebuild document Failed to parse src/gimnasia.wtest: \n-- PARSING FAILED --------------------------------------------------\n\n  107 | //\t}\n  108 | \t\n> 109 | }\n      | ^\n\nExpected one of the following: \n\n'@', 'class', 'const', 'describe', 'mixin', 'object', 'only', 'package', 'program', 'test', 'var', '{', EOF, comment, not \"}\", whitespace\n","stack":"Error: Failed to parse src/gimnasia.wtest: \n-- PARSING FAILED --------------------------------------------------\n\n  107 | //\t}\n  108 | \t\n> 109 | }\n      | ^\n\nExpected one of the following: \n\n'@', 'class', 'const', 'describe', 'mixin', 'object', 'only', 'package', 'program', 'test', 'var', '{', EOF, comment, not \"}\", whitespace\n\n    at /home/publico/.var/app/com.visualstudio.code/data/vscode/extensions/uqbar.wollok-lsp-ide-0.5.3/out/server/src/server.js:2348:13026\n    at Array.map (<anonymous>)\n    at W1n (/home/publico/.var/app/com.visualstudio.code/data/vscode/extensions/uqbar.wollok-lsp-ide-0.5.3/out/server/src/server.js:2348:12950)\n    at U2.buildEnvironmentFrom (/home/publico/.var/app/com.visualstudio.code/data/vscode/extensions/uqbar.wollok-lsp-ide-0.5.3/out/server/src/server.js:2393:5254)\n    at U2.updateEnvironmentWith (/home/publico/.var/app/com.visualstudio.code/data/vscode/extensions/uqbar.wollok-lsp-ide-0.5.3/out/server/src/server.js:2393:4989)\n    at JF (/home/publico/.var/app/com.visualstudio.code/data/vscode/extensions/uqbar.wollok-lsp-ide-0.5.3/out/server/src/server.js:2393:7383)\n    at F3.invoke (/home/publico/.var/app/com.visualstudio.code/data/vscode/extensions/uqbar.wollok-lsp-ide-0.5.3/out/server/src/server.js:3:157334)\n    at o.fire (/home/publico/.var/app/com.visualstudio.code/data/vscode/extensions/uqbar.wollok-lsp-ide-0.5.3/out/server/src/server.js:3:158104)\n    at /home/publico/.var/app/com.visualstudio.code/data/vscode/extensions/uqbar.wollok-lsp-ide-0.5.3/out/server/src/server.js:37:57871\n    at Zr (/home/publico/.var/app/com.visualstudio.code/data/vscode/extensions/uqbar.wollok-lsp-ide-0.5.3/out/server/src/server.js:8:1561)","timestamp":"2025-10-22T15:19:15.575Z"}
{"level":"error","message":"✘ Failed to rebuild document Failed to parse src/gimnasia.wtest: \n-- PARSING FAILED --------------------------------------------------\n\n  107 | //\t}\n  108 | \t\n> 109 | }\n      | ^\n\nExpected one of the following: \n\n'@', 'class', 'const', 'describe', 'mixin', 'object', 'only', 'package', 'program', 'test', 'var', '{', EOF, comment, not \"}\", whitespace\n","stack":"Error: Failed to parse src/gimnasia.wtest: \n-- PARSING FAILED --------------------------------------------------\n\n  107 | //\t}\n  108 | \t\n> 109 | }\n      | ^\n\nExpected one of the following: \n\n'@', 'class', 'const', 'describe', 'mixin', 'object', 'only', 'package', 'program', 'test', 'var', '{', EOF, comment, not \"}\", whitespace\n\n    at /home/publico/.var/app/com.visualstudio.code/data/vscode/extensions/uqbar.wollok-lsp-ide-0.5.3/out/server/src/server.js:2348:13026\n    at Array.map (<anonymous>)\n    at W1n (/home/publico/.var/app/com.visualstudio.code/data/vscode/extensions/uqbar.wollok-lsp-ide-0.5.3/out/server/src/server.js:2348:12950)\n    at U2.buildEnvironmentFrom (/home/publico/.var/app/com.visualstudio.code/data/vscode/extensions/uqbar.wollok-lsp-ide-0.5.3/out/server/src/server.js:2393:5254)\n    at U2.updateEnvironmentWith (/home/publico/.var/app/com.visualstudio.code/data/vscode/extensions/uqbar.wollok-lsp-ide-0.5.3/out/server/src/server.js:2393:4989)\n    at JF (/home/publico/.var/app/com.visualstudio.code/data/vscode/extensions/uqbar.wollok-lsp-ide-0.5.3/out/server/src/server.js:2393:7383)\n    at F3.invoke (/home/publico/.var/app/com.visualstudio.code/data/vscode/extensions/uqbar.wollok-lsp-ide-0.5.3/out/server/src/server.js:3:157334)\n    at o.fire (/home/publico/.var/app/com.visualstudio.code/data/vscode/extensions/uqbar.wollok-lsp-ide-0.5.3/out/server/src/server.js:3:158104)\n    at /home/publico/.var/app/com.visualstudio.code/data/vscode/extensions/uqbar.wollok-lsp-ide-0.5.3/out/server/src/server.js:37:57871\n    at Zr (/home/publico/.var/app/com.visualstudio.code/data/vscode/extensions/uqbar.wollok-lsp-ide-0.5.3/out/server/src/server.js:8:1561)","timestamp":"2025-10-22T15:19:15.622Z"}
{"level":"error","message":"✘ Failed to rebuild document Failed to parse src/gimnasia.wtest: \n-- PARSING FAILED --------------------------------------------------\n\n  107 | //\t}\n  108 | \t\n> 109 | }\n      | ^\n\nExpected one of the following: \n\n'@', 'class', 'const', 'describe', 'mixin', 'object', 'only', 'package', 'program', 'test', 'var', '{', EOF, comment, not \"}\", whitespace\n","stack":"Error: Failed to parse src/gimnasia.wtest: \n-- PARSING FAILED --------------------------------------------------\n\n  107 | //\t}\n  108 | \t\n> 109 | }\n      | ^\n\nExpected one of the following: \n\n'@', 'class', 'const', 'describe', 'mixin', 'object', 'only', 'package', 'program', 'test', 'var', '{', EOF, comment, not \"}\", whitespace\n\n    at /home/publico/.var/app/com.visualstudio.code/data/vscode/extensions/uqbar.wollok-lsp-ide-0.5.3/out/server/src/server.js:2348:13026\n    at Array.map (<anonymous>)\n    at W1n (/home/publico/.var/app/com.visualstudio.code/data/vscode/extensions/uqbar.wollok-lsp-ide-0.5.3/out/server/src/server.js:2348:12950)\n    at U2.buildEnvironmentFrom (/home/publico/.var/app/com.visualstudio.code/data/vscode/extensions/uqbar.wollok-lsp-ide-0.5.3/out/server/src/server.js:2393:5254)\n    at U2.updateEnvironmentWith (/home/publico/.var/app/com.visualstudio.code/data/vscode/extensions/uqbar.wollok-lsp-ide-0.5.3/out/server/src/server.js:2393:4989)\n    at JF (/home/publico/.var/app/com.visualstudio.code/data/vscode/extensions/uqbar.wollok-lsp-ide-0.5.3/out/server/src/server.js:2393:7383)\n    at F3.invoke (/home/publico/.var/app/com.visualstudio.code/data/vscode/extensions/uqbar.wollok-lsp-ide-0.5.3/out/server/src/server.js:3:157334)\n    at o.fire (/home/publico/.var/app/com.visualstudio.code/data/vscode/extensions/uqbar.wollok-lsp-ide-0.5.3/out/server/src/server.js:3:158104)\n    at /home/publico/.var/app/com.visualstudio.code/data/vscode/extensions/uqbar.wollok-lsp-ide-0.5.3/out/server/src/server.js:37:57871\n    at Zr (/home/publico/.var/app/com.visualstudio.code/data/vscode/extensions/uqbar.wollok-lsp-ide-0.5.3/out/server/src/server.js:8:1561)","timestamp":"2025-10-22T15:19:15.664Z"}
{"level":"error","message":"✘ Failed to rebuild document Failed to parse src/gimnasia.wtest: \n-- PARSING FAILED --------------------------------------------------\n\n  107 | //\t}\n  108 | \t\n> 109 | }\n      | ^\n\nExpected one of the following: \n\n'@', 'class', 'const', 'describe', 'mixin', 'object', 'only', 'package', 'program', 'test', 'var', '{', EOF, comment, not \"}\", whitespace\n","stack":"Error: Failed to parse src/gimnasia.wtest: \n-- PARSING FAILED --------------------------------------------------\n\n  107 | //\t}\n  108 | \t\n> 109 | }\n      | ^\n\nExpected one of the following: \n\n'@', 'class', 'const', 'describe', 'mixin', 'object', 'only', 'package', 'program', 'test', 'var', '{', EOF, comment, not \"}\", whitespace\n\n    at /home/publico/.var/app/com.visualstudio.code/data/vscode/extensions/uqbar.wollok-lsp-ide-0.5.3/out/server/src/server.js:2348:13026\n    at Array.map (<anonymous>)\n    at W1n (/home/publico/.var/app/com.visualstudio.code/data/vscode/extensions/uqbar.wollok-lsp-ide-0.5.3/out/server/src/server.js:2348:12950)\n    at U2.buildEnvironmentFrom (/home/publico/.var/app/com.visualstudio.code/data/vscode/extensions/uqbar.wollok-lsp-ide-0.5.3/out/server/src/server.js:2393:5254)\n    at U2.updateEnvironmentWith (/home/publico/.var/app/com.visualstudio.code/data/vscode/extensions/uqbar.wollok-lsp-ide-0.5.3/out/server/src/server.js:2393:4989)\n    at JF (/home/publico/.var/app/com.visualstudio.code/data/vscode/extensions/uqbar.wollok-lsp-ide-0.5.3/out/server/src/server.js:2393:7383)\n    at F3.invoke (/home/publico/.var/app/com.visualstudio.code/data/vscode/extensions/uqbar.wollok-lsp-ide-0.5.3/out/server/src/server.js:3:157334)\n    at o.fire (/home/publico/.var/app/com.visualstudio.code/data/vscode/extensions/uqbar.wollok-lsp-ide-0.5.3/out/server/src/server.js:3:158104)\n    at /home/publico/.var/app/com.visualstudio.code/data/vscode/extensions/uqbar.wollok-lsp-ide-0.5.3/out/server/src/server.js:37:57871\n    at Zr (/home/publico/.var/app/com.visualstudio.code/data/vscode/extensions/uqbar.wollok-lsp-ide-0.5.3/out/server/src/server.js:8:1561)","timestamp":"2025-10-22T15:19:15.706Z"}
{"level":"error","message":"✘ Failed to rebuild document Failed to parse src/gimnasia.wtest: \n-- PARSING FAILED --------------------------------------------------\n\n  107 | //\t}\n  108 | \t\n> 109 | }\n      | ^\n\nExpected one of the following: \n\n'@', 'class', 'const', 'describe', 'mixin', 'object', 'only', 'package', 'program', 'test', 'var', '{', EOF, comment, not \"}\", whitespace\n","stack":"Error: Failed to parse src/gimnasia.wtest: \n-- PARSING FAILED --------------------------------------------------\n\n  107 | //\t}\n  108 | \t\n> 109 | }\n      | ^\n\nExpected one of the following: \n\n'@', 'class', 'const', 'describe', 'mixin', 'object', 'only', 'package', 'program', 'test', 'var', '{', EOF, comment, not \"}\", whitespace\n\n    at /home/publico/.var/app/com.visualstudio.code/data/vscode/extensions/uqbar.wollok-lsp-ide-0.5.3/out/server/src/server.js:2348:13026\n    at Array.map (<anonymous>)\n    at W1n (/home/publico/.var/app/com.visualstudio.code/data/vscode/extensions/uqbar.wollok-lsp-ide-0.5.3/out/server/src/server.js:2348:12950)\n    at U2.buildEnvironmentFrom (/home/publico/.var/app/com.visualstudio.code/data/vscode/extensions/uqbar.wollok-lsp-ide-0.5.3/out/server/src/server.js:2393:5254)\n    at U2.updateEnvironmentWith (/home/publico/.var/app/com.visualstudio.code/data/vscode/extensions/uqbar.wollok-lsp-ide-0.5.3/out/server/src/server.js:2393:4989)\n    at JF (/home/publico/.var/app/com.visualstudio.code/data/vscode/extensions/uqbar.wollok-lsp-ide-0.5.3/out/server/src/server.js:2393:7383)\n    at F3.invoke (/home/publico/.var/app/com.visualstudio.code/data/vscode/extensions/uqbar.wollok-lsp-ide-0.5.3/out/server/src/server.js:3:157334)\n    at o.fire (/home/publico/.var/app/com.visualstudio.code/data/vscode/extensions/uqbar.wollok-lsp-ide-0.5.3/out/server/src/server.js:3:158104)\n    at /home/publico/.var/app/com.visualstudio.code/data/vscode/extensions/uqbar.wollok-lsp-ide-0.5.3/out/server/src/server.js:37:57871\n    at Zr (/home/publico/.var/app/com.visualstudio.code/data/vscode/extensions/uqbar.wollok-lsp-ide-0.5.3/out/server/src/server.js:8:1561)","timestamp":"2025-10-22T15:19:15.752Z"}
{"level":"error","message":"✘ Failed to rebuild document Failed to parse src/gimnasia.wtest: \n-- PARSING FAILED --------------------------------------------------\n\n  107 | //\t}\n  108 | \t\n> 109 | }\n      | ^\n\nExpected one of the following: \n\n'@', 'class', 'const', 'describe', 'mixin', 'object', 'only', 'package', 'program', 'test', 'var', '{', EOF, comment, not \"}\", whitespace\n","stack":"Error: Failed to parse src/gimnasia.wtest: \n-- PARSING FAILED --------------------------------------------------\n\n  107 | //\t}\n  108 | \t\n> 109 | }\n      | ^\n\nExpected one of the following: \n\n'@', 'class', 'const', 'describe', 'mixin', 'object', 'only', 'package', 'program', 'test', 'var', '{', EOF, comment, not \"}\", whitespace\n\n    at /home/publico/.var/app/com.visualstudio.code/data/vscode/extensions/uqbar.wollok-lsp-ide-0.5.3/out/server/src/server.js:2348:13026\n    at Array.map (<anonymous>)\n    at W1n (/home/publico/.var/app/com.visualstudio.code/data/vscode/extensions/uqbar.wollok-lsp-ide-0.5.3/out/server/src/server.js:2348:12950)\n    at U2.buildEnvironmentFrom (/home/publico/.var/app/com.visualstudio.code/data/vscode/extensions/uqbar.wollok-lsp-ide-0.5.3/out/server/src/server.js:2393:5254)\n    at U2.updateEnvironmentWith (/home/publico/.var/app/com.visualstudio.code/data/vscode/extensions/uqbar.wollok-lsp-ide-0.5.3/out/server/src/server.js:2393:4989)\n    at JF (/home/publico/.var/app/com.visualstudio.code/data/vscode/extensions/uqbar.wollok-lsp-ide-0.5.3/out/server/src/server.js:2393:7383)\n    at F3.invoke (/home/publico/.var/app/com.visualstudio.code/data/vscode/extensions/uqbar.wollok-lsp-ide-0.5.3/out/server/src/server.js:3:157334)\n    at o.fire (/home/publico/.var/app/com.visualstudio.code/data/vscode/extensions/uqbar.wollok-lsp-ide-0.5.3/out/server/src/server.js:3:158104)\n    at /home/publico/.var/app/com.visualstudio.code/data/vscode/extensions/uqbar.wollok-lsp-ide-0.5.3/out/server/src/server.js:37:57871\n    at Zr (/home/publico/.var/app/com.visualstudio.code/data/vscode/extensions/uqbar.wollok-lsp-ide-0.5.3/out/server/src/server.js:8:1561)","timestamp":"2025-10-22T15:19:15.798Z"}
{"level":"error","message":"✘ Failed to rebuild document Failed to parse src/gimnasia.wtest: \n-- PARSING FAILED --------------------------------------------------\n\n  107 | //\t}\n  108 | \t\n> 109 | }\n      | ^\n\nExpected one of the following: \n\n'@', 'class', 'const', 'describe', 'mixin', 'object', 'only', 'package', 'program', 'test', 'var', '{', EOF, comment, not \"}\", whitespace\n","stack":"Error: Failed to parse src/gimnasia.wtest: \n-- PARSING FAILED --------------------------------------------------\n\n  107 | //\t}\n  108 | \t\n> 109 | }\n      | ^\n\nExpected one of the following: \n\n'@', 'class', 'const', 'describe', 'mixin', 'object', 'only', 'package', 'program', 'test', 'var', '{', EOF, comment, not \"}\", whitespace\n\n    at /home/publico/.var/app/com.visualstudio.code/data/vscode/extensions/uqbar.wollok-lsp-ide-0.5.3/out/server/src/server.js:2348:13026\n    at Array.map (<anonymous>)\n    at W1n (/home/publico/.var/app/com.visualstudio.code/data/vscode/extensions/uqbar.wollok-lsp-ide-0.5.3/out/server/src/server.js:2348:12950)\n    at U2.buildEnvironmentFrom (/home/publico/.var/app/com.visualstudio.code/data/vscode/extensions/uqbar.wollok-lsp-ide-0.5.3/out/server/src/server.js:2393:5254)\n    at U2.updateEnvironmentWith (/home/publico/.var/app/com.visualstudio.code/data/vscode/extensions/uqbar.wollok-lsp-ide-0.5.3/out/server/src/server.js:2393:4989)\n    at JF (/home/publico/.var/app/com.visualstudio.code/data/vscode/extensions/uqbar.wollok-lsp-ide-0.5.3/out/server/src/server.js:2393:7383)\n    at F3.invoke (/home/publico/.var/app/com.visualstudio.code/data/vscode/extensions/uqbar.wollok-lsp-ide-0.5.3/out/server/src/server.js:3:157334)\n    at o.fire (/home/publico/.var/app/com.visualstudio.code/data/vscode/extensions/uqbar.wollok-lsp-ide-0.5.3/out/server/src/server.js:3:158104)\n    at /home/publico/.var/app/com.visualstudio.code/data/vscode/extensions/uqbar.wollok-lsp-ide-0.5.3/out/server/src/server.js:37:57871\n    at Zr (/home/publico/.var/app/com.visualstudio.code/data/vscode/extensions/uqbar.wollok-lsp-ide-0.5.3/out/server/src/server.js:8:1561)","timestamp":"2025-10-22T15:19:15.841Z"}
{"level":"error","message":"✘ Failed to rebuild document Failed to parse src/gimnasia.wtest: \n-- PARSING FAILED --------------------------------------------------\n\n  107 | //\t}\n  108 | \t\n> 109 | }\n      | ^\n\nExpected one of the following: \n\n'@', 'class', 'const', 'describe', 'mixin', 'object', 'only', 'package', 'program', 'test', 'var', '{', EOF, comment, not \"}\", whitespace\n","stack":"Error: Failed to parse src/gimnasia.wtest: \n-- PARSING FAILED --------------------------------------------------\n\n  107 | //\t}\n  108 | \t\n> 109 | }\n      | ^\n\nExpected one of the following: \n\n'@', 'class', 'const', 'describe', 'mixin', 'object', 'only', 'package', 'program', 'test', 'var', '{', EOF, comment, not \"}\", whitespace\n\n    at /home/publico/.var/app/com.visualstudio.code/data/vscode/extensions/uqbar.wollok-lsp-ide-0.5.3/out/server/src/server.js:2348:13026\n    at Array.map (<anonymous>)\n    at W1n (/home/publico/.var/app/com.visualstudio.code/data/vscode/extensions/uqbar.wollok-lsp-ide-0.5.3/out/server/src/server.js:2348:12950)\n    at U2.buildEnvironmentFrom (/home/publico/.var/app/com.visualstudio.code/data/vscode/extensions/uqbar.wollok-lsp-ide-0.5.3/out/server/src/server.js:2393:5254)\n    at U2.updateEnvironmentWith (/home/publico/.var/app/com.visualstudio.code/data/vscode/extensions/uqbar.wollok-lsp-ide-0.5.3/out/server/src/server.js:2393:4989)\n    at JF (/home/publico/.var/app/com.visualstudio.code/data/vscode/extensions/uqbar.wollok-lsp-ide-0.5.3/out/server/src/server.js:2393:7383)\n    at F3.invoke (/home/publico/.var/app/com.visualstudio.code/data/vscode/extensions/uqbar.wollok-lsp-ide-0.5.3/out/server/src/server.js:3:157334)\n    at o.fire (/home/publico/.var/app/com.visualstudio.code/data/vscode/extensions/uqbar.wollok-lsp-ide-0.5.3/out/server/src/server.js:3:158104)\n    at /home/publico/.var/app/com.visualstudio.code/data/vscode/extensions/uqbar.wollok-lsp-ide-0.5.3/out/server/src/server.js:37:57871\n    at Zr (/home/publico/.var/app/com.visualstudio.code/data/vscode/extensions/uqbar.wollok-lsp-ide-0.5.3/out/server/src/server.js:8:1561)","timestamp":"2025-10-22T15:19:15.886Z"}
{"level":"error","message":"✘ Failed to rebuild document Failed to parse src/gimnasia.wtest: \n-- PARSING FAILED --------------------------------------------------\n\n  107 | //\t}\n  108 | \t\n> 109 | }\n      | ^\n\nExpected one of the following: \n\n'@', 'class', 'const', 'describe', 'mixin', 'object', 'only', 'package', 'program', 'test', 'var', '{', EOF, comment, not \"}\", whitespace\n","stack":"Error: Failed to parse src/gimnasia.wtest: \n-- PARSING FAILED --------------------------------------------------\n\n  107 | //\t}\n  108 | \t\n> 109 | }\n      | ^\n\nExpected one of the following: \n\n'@', 'class', 'const', 'describe', 'mixin', 'object', 'only', 'package', 'program', 'test', 'var', '{', EOF, comment, not \"}\", whitespace\n\n    at /home/publico/.var/app/com.visualstudio.code/data/vscode/extensions/uqbar.wollok-lsp-ide-0.5.3/out/server/src/server.js:2348:13026\n    at Array.map (<anonymous>)\n    at W1n (/home/publico/.var/app/com.visualstudio.code/data/vscode/extensions/uqbar.wollok-lsp-ide-0.5.3/out/server/src/server.js:2348:12950)\n    at U2.buildEnvironmentFrom (/home/publico/.var/app/com.visualstudio.code/data/vscode/extensions/uqbar.wollok-lsp-ide-0.5.3/out/server/src/server.js:2393:5254)\n    at U2.updateEnvironmentWith (/home/publico/.var/app/com.visualstudio.code/data/vscode/extensions/uqbar.wollok-lsp-ide-0.5.3/out/server/src/server.js:2393:4989)\n    at JF (/home/publico/.var/app/com.visualstudio.code/data/vscode/extensions/uqbar.wollok-lsp-ide-0.5.3/out/server/src/server.js:2393:7383)\n    at F3.invoke (/home/publico/.var/app/com.visualstudio.code/data/vscode/extensions/uqbar.wollok-lsp-ide-0.5.3/out/server/src/server.js:3:157334)\n    at o.fire (/home/publico/.var/app/com.visualstudio.code/data/vscode/extensions/uqbar.wollok-lsp-ide-0.5.3/out/server/src/server.js:3:158104)\n    at /home/publico/.var/app/com.visualstudio.code/data/vscode/extensions/uqbar.wollok-lsp-ide-0.5.3/out/server/src/server.js:37:57871\n    at Zr (/home/publico/.var/app/com.visualstudio.code/data/vscode/extensions/uqbar.wollok-lsp-ide-0.5.3/out/server/src/server.js:8:1561)","timestamp":"2025-10-22T15:19:15.937Z"}
{"level":"error","message":"✘ Failed to rebuild document Failed to parse src/gimnasia.wtest: \n-- PARSING FAILED --------------------------------------------------\n\n  107 | //\t}\n  108 | \t\n> 109 | }\n      | ^\n\nExpected one of the following: \n\n'@', 'class', 'const', 'describe', 'mixin', 'object', 'only', 'package', 'program', 'test', 'var', '{', EOF, comment, not \"}\", whitespace\n","stack":"Error: Failed to parse src/gimnasia.wtest: \n-- PARSING FAILED --------------------------------------------------\n\n  107 | //\t}\n  108 | \t\n> 109 | }\n      | ^\n\nExpected one of the following: \n\n'@', 'class', 'const', 'describe', 'mixin', 'object', 'only', 'package', 'program', 'test', 'var', '{', EOF, comment, not \"}\", whitespace\n\n    at /home/publico/.var/app/com.visualstudio.code/data/vscode/extensions/uqbar.wollok-lsp-ide-0.5.3/out/server/src/server.js:2348:13026\n    at Array.map (<anonymous>)\n    at W1n (/home/publico/.var/app/com.visualstudio.code/data/vscode/extensions/uqbar.wollok-lsp-ide-0.5.3/out/server/src/server.js:2348:12950)\n    at U2.buildEnvironmentFrom (/home/publico/.var/app/com.visualstudio.code/data/vscode/extensions/uqbar.wollok-lsp-ide-0.5.3/out/server/src/server.js:2393:5254)\n    at U2.updateEnvironmentWith (/home/publico/.var/app/com.visualstudio.code/data/vscode/extensions/uqbar.wollok-lsp-ide-0.5.3/out/server/src/server.js:2393:4989)\n    at JF (/home/publico/.var/app/com.visualstudio.code/data/vscode/extensions/uqbar.wollok-lsp-ide-0.5.3/out/server/src/server.js:2393:7383)\n    at F3.invoke (/home/publico/.var/app/com.visualstudio.code/data/vscode/extensions/uqbar.wollok-lsp-ide-0.5.3/out/server/src/server.js:3:157334)\n    at o.fire (/home/publico/.var/app/com.visualstudio.code/data/vscode/extensions/uqbar.wollok-lsp-ide-0.5.3/out/server/src/server.js:3:158104)\n    at /home/publico/.var/app/com.visualstudio.code/data/vscode/extensions/uqbar.wollok-lsp-ide-0.5.3/out/server/src/server.js:37:57871\n    at Zr (/home/publico/.var/app/com.visualstudio.code/data/vscode/extensions/uqbar.wollok-lsp-ide-0.5.3/out/server/src/server.js:8:1561)","timestamp":"2025-10-22T15:19:15.982Z"}
{"level":"error","message":"✘ Failed to rebuild document Failed to parse src/gimnasia.wtest: \n-- PARSING FAILED --------------------------------------------------\n\n  107 | //\t}\n  108 | \t\n> 109 | }\n      | ^\n\nExpected one of the following: \n\n'@', 'class', 'const', 'describe', 'mixin', 'object', 'only', 'package', 'program', 'test', 'var', '{', EOF, comment, not \"}\", whitespace\n","stack":"Error: Failed to parse src/gimnasia.wtest: \n-- PARSING FAILED --------------------------------------------------\n\n  107 | //\t}\n  108 | \t\n> 109 | }\n      | ^\n\nExpected one of the following: \n\n'@', 'class', 'const', 'describe', 'mixin', 'object', 'only', 'package', 'program', 'test', 'var', '{', EOF, comment, not \"}\", whitespace\n\n    at /home/publico/.var/app/com.visualstudio.code/data/vscode/extensions/uqbar.wollok-lsp-ide-0.5.3/out/server/src/server.js:2348:13026\n    at Array.map (<anonymous>)\n    at W1n (/home/publico/.var/app/com.visualstudio.code/data/vscode/extensions/uqbar.wollok-lsp-ide-0.5.3/out/server/src/server.js:2348:12950)\n    at U2.buildEnvironmentFrom (/home/publico/.var/app/com.visualstudio.code/data/vscode/extensions/uqbar.wollok-lsp-ide-0.5.3/out/server/src/server.js:2393:5254)\n    at U2.updateEnvironmentWith (/home/publico/.var/app/com.visualstudio.code/data/vscode/extensions/uqbar.wollok-lsp-ide-0.5.3/out/server/src/server.js:2393:4989)\n    at JF (/home/publico/.var/app/com.visualstudio.code/data/vscode/extensions/uqbar.wollok-lsp-ide-0.5.3/out/server/src/server.js:2393:7383)\n    at F3.invoke (/home/publico/.var/app/com.visualstudio.code/data/vscode/extensions/uqbar.wollok-lsp-ide-0.5.3/out/server/src/server.js:3:157334)\n    at o.fire (/home/publico/.var/app/com.visualstudio.code/data/vscode/extensions/uqbar.wollok-lsp-ide-0.5.3/out/server/src/server.js:3:158104)\n    at /home/publico/.var/app/com.visualstudio.code/data/vscode/extensions/uqbar.wollok-lsp-ide-0.5.3/out/server/src/server.js:37:57871\n    at Zr (/home/publico/.var/app/com.visualstudio.code/data/vscode/extensions/uqbar.wollok-lsp-ide-0.5.3/out/server/src/server.js:8:1561)","timestamp":"2025-10-22T15:19:16.035Z"}
{"level":"error","message":"✘ Failed to rebuild document Failed to parse src/gimnasia.wtest: \n-- PARSING FAILED --------------------------------------------------\n\n  107 | //\t}\n  108 | \t\n> 109 | }\n      | ^\n\nExpected one of the following: \n\n'@', 'class', 'const', 'describe', 'mixin', 'object', 'only', 'package', 'program', 'test', 'var', '{', EOF, comment, not \"}\", whitespace\n","stack":"Error: Failed to parse src/gimnasia.wtest: \n-- PARSING FAILED --------------------------------------------------\n\n  107 | //\t}\n  108 | \t\n> 109 | }\n      | ^\n\nExpected one of the following: \n\n'@', 'class', 'const', 'describe', 'mixin', 'object', 'only', 'package', 'program', 'test', 'var', '{', EOF, comment, not \"}\", whitespace\n\n    at /home/publico/.var/app/com.visualstudio.code/data/vscode/extensions/uqbar.wollok-lsp-ide-0.5.3/out/server/src/server.js:2348:13026\n    at Array.map (<anonymous>)\n    at W1n (/home/publico/.var/app/com.visualstudio.code/data/vscode/extensions/uqbar.wollok-lsp-ide-0.5.3/out/server/src/server.js:2348:12950)\n    at U2.buildEnvironmentFrom (/home/publico/.var/app/com.visualstudio.code/data/vscode/extensions/uqbar.wollok-lsp-ide-0.5.3/out/server/src/server.js:2393:5254)\n    at U2.updateEnvironmentWith (/home/publico/.var/app/com.visualstudio.code/data/vscode/extensions/uqbar.wollok-lsp-ide-0.5.3/out/server/src/server.js:2393:4989)\n    at JF (/home/publico/.var/app/com.visualstudio.code/data/vscode/extensions/uqbar.wollok-lsp-ide-0.5.3/out/server/src/server.js:2393:7383)\n    at F3.invoke (/home/publico/.var/app/com.visualstudio.code/data/vscode/extensions/uqbar.wollok-lsp-ide-0.5.3/out/server/src/server.js:3:157334)\n    at o.fire (/home/publico/.var/app/com.visualstudio.code/data/vscode/extensions/uqbar.wollok-lsp-ide-0.5.3/out/server/src/server.js:3:158104)\n    at /home/publico/.var/app/com.visualstudio.code/data/vscode/extensions/uqbar.wollok-lsp-ide-0.5.3/out/server/src/server.js:37:57871\n    at Zr (/home/publico/.var/app/com.visualstudio.code/data/vscode/extensions/uqbar.wollok-lsp-ide-0.5.3/out/server/src/server.js:8:1561)","timestamp":"2025-10-22T15:19:16.080Z"}
{"level":"error","message":"✘ Failed to rebuild document Failed to parse src/gimnasia.wtest: \n-- PARSING FAILED --------------------------------------------------\n\n  107 | //\t}\n  108 | \t\n> 109 | }\n      | ^\n\nExpected one of the following: \n\n'@', 'class', 'const', 'describe', 'mixin', 'object', 'only', 'package', 'program', 'test', 'var', '{', EOF, comment, not \"}\", whitespace\n","stack":"Error: Failed to parse src/gimnasia.wtest: \n-- PARSING FAILED --------------------------------------------------\n\n  107 | //\t}\n  108 | \t\n> 109 | }\n      | ^\n\nExpected one of the following: \n\n'@', 'class', 'const', 'describe', 'mixin', 'object', 'only', 'package', 'program', 'test', 'var', '{', EOF, comment, not \"}\", whitespace\n\n    at /home/publico/.var/app/com.visualstudio.code/data/vscode/extensions/uqbar.wollok-lsp-ide-0.5.3/out/server/src/server.js:2348:13026\n    at Array.map (<anonymous>)\n    at W1n (/home/publico/.var/app/com.visualstudio.code/data/vscode/extensions/uqbar.wollok-lsp-ide-0.5.3/out/server/src/server.js:2348:12950)\n    at U2.buildEnvironmentFrom (/home/publico/.var/app/com.visualstudio.code/data/vscode/extensions/uqbar.wollok-lsp-ide-0.5.3/out/server/src/server.js:2393:5254)\n    at U2.updateEnvironmentWith (/home/publico/.var/app/com.visualstudio.code/data/vscode/extensions/uqbar.wollok-lsp-ide-0.5.3/out/server/src/server.js:2393:4989)\n    at JF (/home/publico/.var/app/com.visualstudio.code/data/vscode/extensions/uqbar.wollok-lsp-ide-0.5.3/out/server/src/server.js:2393:7383)\n    at F3.invoke (/home/publico/.var/app/com.visualstudio.code/data/vscode/extensions/uqbar.wollok-lsp-ide-0.5.3/out/server/src/server.js:3:157334)\n    at o.fire (/home/publico/.var/app/com.visualstudio.code/data/vscode/extensions/uqbar.wollok-lsp-ide-0.5.3/out/server/src/server.js:3:158104)\n    at /home/publico/.var/app/com.visualstudio.code/data/vscode/extensions/uqbar.wollok-lsp-ide-0.5.3/out/server/src/server.js:37:57871\n    at Zr (/home/publico/.var/app/com.visualstudio.code/data/vscode/extensions/uqbar.wollok-lsp-ide-0.5.3/out/server/src/server.js:8:1561)","timestamp":"2025-10-22T15:19:16.133Z"}
{"level":"error","message":"✘ Failed to rebuild document Failed to parse src/gimnasia.wtest: \n-- PARSING FAILED --------------------------------------------------\n\n  107 | //\t}\n  108 | \t\n> 109 | }\n      | ^\n\nExpected one of the following: \n\n'@', 'class', 'const', 'describe', 'mixin', 'object', 'only', 'package', 'program', 'test', 'var', '{', EOF, comment, not \"}\", whitespace\n","stack":"Error: Failed to parse src/gimnasia.wtest: \n-- PARSING FAILED --------------------------------------------------\n\n  107 | //\t}\n  108 | \t\n> 109 | }\n      | ^\n\nExpected one of the following: \n\n'@', 'class', 'const', 'describe', 'mixin', 'object', 'only', 'package', 'program', 'test', 'var', '{', EOF, comment, not \"}\", whitespace\n\n    at /home/publico/.var/app/com.visualstudio.code/data/vscode/extensions/uqbar.wollok-lsp-ide-0.5.3/out/server/src/server.js:2348:13026\n    at Array.map (<anonymous>)\n    at W1n (/home/publico/.var/app/com.visualstudio.code/data/vscode/extensions/uqbar.wollok-lsp-ide-0.5.3/out/server/src/server.js:2348:12950)\n    at U2.buildEnvironmentFrom (/home/publico/.var/app/com.visualstudio.code/data/vscode/extensions/uqbar.wollok-lsp-ide-0.5.3/out/server/src/server.js:2393:5254)\n    at U2.updateEnvironmentWith (/home/publico/.var/app/com.visualstudio.code/data/vscode/extensions/uqbar.wollok-lsp-ide-0.5.3/out/server/src/server.js:2393:4989)\n    at JF (/home/publico/.var/app/com.visualstudio.code/data/vscode/extensions/uqbar.wollok-lsp-ide-0.5.3/out/server/src/server.js:2393:7383)\n    at F3.invoke (/home/publico/.var/app/com.visualstudio.code/data/vscode/extensions/uqbar.wollok-lsp-ide-0.5.3/out/server/src/server.js:3:157334)\n    at o.fire (/home/publico/.var/app/com.visualstudio.code/data/vscode/extensions/uqbar.wollok-lsp-ide-0.5.3/out/server/src/server.js:3:158104)\n    at /home/publico/.var/app/com.visualstudio.code/data/vscode/extensions/uqbar.wollok-lsp-ide-0.5.3/out/server/src/server.js:37:57871\n    at Zr (/home/publico/.var/app/com.visualstudio.code/data/vscode/extensions/uqbar.wollok-lsp-ide-0.5.3/out/server/src/server.js:8:1561)","timestamp":"2025-10-22T15:19:16.181Z"}
{"level":"error","message":"✘ Failed to rebuild document Failed to parse src/gimnasia.wtest: \n-- PARSING FAILED --------------------------------------------------\n\n  107 | //\t}\n  108 | \t\n> 109 | }\n      | ^\n\nExpected one of the following: \n\n'@', 'class', 'const', 'describe', 'mixin', 'object', 'only', 'package', 'program', 'test', 'var', '{', EOF, comment, not \"}\", whitespace\n","stack":"Error: Failed to parse src/gimnasia.wtest: \n-- PARSING FAILED --------------------------------------------------\n\n  107 | //\t}\n  108 | \t\n> 109 | }\n      | ^\n\nExpected one of the following: \n\n'@', 'class', 'const', 'describe', 'mixin', 'object', 'only', 'package', 'program', 'test', 'var', '{', EOF, comment, not \"}\", whitespace\n\n    at /home/publico/.var/app/com.visualstudio.code/data/vscode/extensions/uqbar.wollok-lsp-ide-0.5.3/out/server/src/server.js:2348:13026\n    at Array.map (<anonymous>)\n    at W1n (/home/publico/.var/app/com.visualstudio.code/data/vscode/extensions/uqbar.wollok-lsp-ide-0.5.3/out/server/src/server.js:2348:12950)\n    at U2.buildEnvironmentFrom (/home/publico/.var/app/com.visualstudio.code/data/vscode/extensions/uqbar.wollok-lsp-ide-0.5.3/out/server/src/server.js:2393:5254)\n    at U2.updateEnvironmentWith (/home/publico/.var/app/com.visualstudio.code/data/vscode/extensions/uqbar.wollok-lsp-ide-0.5.3/out/server/src/server.js:2393:4989)\n    at JF (/home/publico/.var/app/com.visualstudio.code/data/vscode/extensions/uqbar.wollok-lsp-ide-0.5.3/out/server/src/server.js:2393:7383)\n    at F3.invoke (/home/publico/.var/app/com.visualstudio.code/data/vscode/extensions/uqbar.wollok-lsp-ide-0.5.3/out/server/src/server.js:3:157334)\n    at o.fire (/home/publico/.var/app/com.visualstudio.code/data/vscode/extensions/uqbar.wollok-lsp-ide-0.5.3/out/server/src/server.js:3:158104)\n    at /home/publico/.var/app/com.visualstudio.code/data/vscode/extensions/uqbar.wollok-lsp-ide-0.5.3/out/server/src/server.js:37:57871\n    at Zr (/home/publico/.var/app/com.visualstudio.code/data/vscode/extensions/uqbar.wollok-lsp-ide-0.5.3/out/server/src/server.js:8:1561)","timestamp":"2025-10-22T15:19:16.233Z"}
{"level":"error","message":"✘ Failed to rebuild document Failed to parse src/gimnasia.wtest: \n-- PARSING FAILED --------------------------------------------------\n\n  107 | //\t}\n  108 | \t\n> 109 | }\n      | ^\n\nExpected one of the following: \n\n'@', 'class', 'const', 'describe', 'mixin', 'object', 'only', 'package', 'program', 'test', 'var', '{', EOF, comment, not \"}\", whitespace\n","stack":"Error: Failed to parse src/gimnasia.wtest: \n-- PARSING FAILED --------------------------------------------------\n\n  107 | //\t}\n  108 | \t\n> 109 | }\n      | ^\n\nExpected one of the following: \n\n'@', 'class', 'const', 'describe', 'mixin', 'object', 'only', 'package', 'program', 'test', 'var', '{', EOF, comment, not \"}\", whitespace\n\n    at /home/publico/.var/app/com.visualstudio.code/data/vscode/extensions/uqbar.wollok-lsp-ide-0.5.3/out/server/src/server.js:2348:13026\n    at Array.map (<anonymous>)\n    at W1n (/home/publico/.var/app/com.visualstudio.code/data/vscode/extensions/uqbar.wollok-lsp-ide-0.5.3/out/server/src/server.js:2348:12950)\n    at U2.buildEnvironmentFrom (/home/publico/.var/app/com.visualstudio.code/data/vscode/extensions/uqbar.wollok-lsp-ide-0.5.3/out/server/src/server.js:2393:5254)\n    at U2.updateEnvironmentWith (/home/publico/.var/app/com.visualstudio.code/data/vscode/extensions/uqbar.wollok-lsp-ide-0.5.3/out/server/src/server.js:2393:4989)\n    at JF (/home/publico/.var/app/com.visualstudio.code/data/vscode/extensions/uqbar.wollok-lsp-ide-0.5.3/out/server/src/server.js:2393:7383)\n    at F3.invoke (/home/publico/.var/app/com.visualstudio.code/data/vscode/extensions/uqbar.wollok-lsp-ide-0.5.3/out/server/src/server.js:3:157334)\n    at o.fire (/home/publico/.var/app/com.visualstudio.code/data/vscode/extensions/uqbar.wollok-lsp-ide-0.5.3/out/server/src/server.js:3:158104)\n    at /home/publico/.var/app/com.visualstudio.code/data/vscode/extensions/uqbar.wollok-lsp-ide-0.5.3/out/server/src/server.js:37:57871\n    at Zr (/home/publico/.var/app/com.visualstudio.code/data/vscode/extensions/uqbar.wollok-lsp-ide-0.5.3/out/server/src/server.js:8:1561)","timestamp":"2025-10-22T15:19:16.276Z"}
{"level":"error","message":"✘ Failed to rebuild document Failed to parse src/gimnasia.wtest: \n-- PARSING FAILED --------------------------------------------------\n\n  107 | //\t}\n  108 | \t\n> 109 | }\n      | ^\n\nExpected one of the following: \n\n'@', 'class', 'const', 'describe', 'mixin', 'object', 'only', 'package', 'program', 'test', 'var', '{', EOF, comment, not \"}\", whitespace\n","stack":"Error: Failed to parse src/gimnasia.wtest: \n-- PARSING FAILED --------------------------------------------------\n\n  107 | //\t}\n  108 | \t\n> 109 | }\n      | ^\n\nExpected one of the following: \n\n'@', 'class', 'const', 'describe', 'mixin', 'object', 'only', 'package', 'program', 'test', 'var', '{', EOF, comment, not \"}\", whitespace\n\n    at /home/publico/.var/app/com.visualstudio.code/data/vscode/extensions/uqbar.wollok-lsp-ide-0.5.3/out/server/src/server.js:2348:13026\n    at Array.map (<anonymous>)\n    at W1n (/home/publico/.var/app/com.visualstudio.code/data/vscode/extensions/uqbar.wollok-lsp-ide-0.5.3/out/server/src/server.js:2348:12950)\n    at U2.buildEnvironmentFrom (/home/publico/.var/app/com.visualstudio.code/data/vscode/extensions/uqbar.wollok-lsp-ide-0.5.3/out/server/src/server.js:2393:5254)\n    at U2.updateEnvironmentWith (/home/publico/.var/app/com.visualstudio.code/data/vscode/extensions/uqbar.wollok-lsp-ide-0.5.3/out/server/src/server.js:2393:4989)\n    at JF (/home/publico/.var/app/com.visualstudio.code/data/vscode/extensions/uqbar.wollok-lsp-ide-0.5.3/out/server/src/server.js:2393:7383)\n    at F3.invoke (/home/publico/.var/app/com.visualstudio.code/data/vscode/extensions/uqbar.wollok-lsp-ide-0.5.3/out/server/src/server.js:3:157334)\n    at o.fire (/home/publico/.var/app/com.visualstudio.code/data/vscode/extensions/uqbar.wollok-lsp-ide-0.5.3/out/server/src/server.js:3:158104)\n    at /home/publico/.var/app/com.visualstudio.code/data/vscode/extensions/uqbar.wollok-lsp-ide-0.5.3/out/server/src/server.js:37:57871\n    at Zr (/home/publico/.var/app/com.visualstudio.code/data/vscode/extensions/uqbar.wollok-lsp-ide-0.5.3/out/server/src/server.js:8:1561)","timestamp":"2025-10-22T15:19:16.331Z"}
{"level":"error","message":"✘ Failed to rebuild document Failed to parse src/gimnasia.wtest: \n-- PARSING FAILED --------------------------------------------------\n\n  107 | //\t}\n  108 | \t\n> 109 | }\n      | ^\n\nExpected one of the following: \n\n'@', 'class', 'const', 'describe', 'mixin', 'object', 'only', 'package', 'program', 'test', 'var', '{', EOF, comment, not \"}\", whitespace\n","stack":"Error: Failed to parse src/gimnasia.wtest: \n-- PARSING FAILED --------------------------------------------------\n\n  107 | //\t}\n  108 | \t\n> 109 | }\n      | ^\n\nExpected one of the following: \n\n'@', 'class', 'const', 'describe', 'mixin', 'object', 'only', 'package', 'program', 'test', 'var', '{', EOF, comment, not \"}\", whitespace\n\n    at /home/publico/.var/app/com.visualstudio.code/data/vscode/extensions/uqbar.wollok-lsp-ide-0.5.3/out/server/src/server.js:2348:13026\n    at Array.map (<anonymous>)\n    at W1n (/home/publico/.var/app/com.visualstudio.code/data/vscode/extensions/uqbar.wollok-lsp-ide-0.5.3/out/server/src/server.js:2348:12950)\n    at U2.buildEnvironmentFrom (/home/publico/.var/app/com.visualstudio.code/data/vscode/extensions/uqbar.wollok-lsp-ide-0.5.3/out/server/src/server.js:2393:5254)\n    at U2.updateEnvironmentWith (/home/publico/.var/app/com.visualstudio.code/data/vscode/extensions/uqbar.wollok-lsp-ide-0.5.3/out/server/src/server.js:2393:4989)\n    at JF (/home/publico/.var/app/com.visualstudio.code/data/vscode/extensions/uqbar.wollok-lsp-ide-0.5.3/out/server/src/server.js:2393:7383)\n    at F3.invoke (/home/publico/.var/app/com.visualstudio.code/data/vscode/extensions/uqbar.wollok-lsp-ide-0.5.3/out/server/src/server.js:3:157334)\n    at o.fire (/home/publico/.var/app/com.visualstudio.code/data/vscode/extensions/uqbar.wollok-lsp-ide-0.5.3/out/server/src/server.js:3:158104)\n    at /home/publico/.var/app/com.visualstudio.code/data/vscode/extensions/uqbar.wollok-lsp-ide-0.5.3/out/server/src/server.js:37:57871\n    at Zr (/home/publico/.var/app/com.visualstudio.code/data/vscode/extensions/uqbar.wollok-lsp-ide-0.5.3/out/server/src/server.js:8:1561)","timestamp":"2025-10-22T15:19:16.382Z"}
{"level":"error","message":"✘ Failed to rebuild document Failed to parse src/gimnasia.wtest: \n-- PARSING FAILED --------------------------------------------------\n\n  107 | //\t}\n  108 | \t\n> 109 | }\n      | ^\n\nExpected one of the following: \n\n'@', 'class', 'const', 'describe', 'mixin', 'object', 'only', 'package', 'program', 'test', 'var', '{', EOF, comment, not \"}\", whitespace\n","stack":"Error: Failed to parse src/gimnasia.wtest: \n-- PARSING FAILED --------------------------------------------------\n\n  107 | //\t}\n  108 | \t\n> 109 | }\n      | ^\n\nExpected one of the following: \n\n'@', 'class', 'const', 'describe', 'mixin', 'object', 'only', 'package', 'program', 'test', 'var', '{', EOF, comment, not \"}\", whitespace\n\n    at /home/publico/.var/app/com.visualstudio.code/data/vscode/extensions/uqbar.wollok-lsp-ide-0.5.3/out/server/src/server.js:2348:13026\n    at Array.map (<anonymous>)\n    at W1n (/home/publico/.var/app/com.visualstudio.code/data/vscode/extensions/uqbar.wollok-lsp-ide-0.5.3/out/server/src/server.js:2348:12950)\n    at U2.buildEnvironmentFrom (/home/publico/.var/app/com.visualstudio.code/data/vscode/extensions/uqbar.wollok-lsp-ide-0.5.3/out/server/src/server.js:2393:5254)\n    at U2.updateEnvironmentWith (/home/publico/.var/app/com.visualstudio.code/data/vscode/extensions/uqbar.wollok-lsp-ide-0.5.3/out/server/src/server.js:2393:4989)\n    at JF (/home/publico/.var/app/com.visualstudio.code/data/vscode/extensions/uqbar.wollok-lsp-ide-0.5.3/out/server/src/server.js:2393:7383)\n    at F3.invoke (/home/publico/.var/app/com.visualstudio.code/data/vscode/extensions/uqbar.wollok-lsp-ide-0.5.3/out/server/src/server.js:3:157334)\n    at o.fire (/home/publico/.var/app/com.visualstudio.code/data/vscode/extensions/uqbar.wollok-lsp-ide-0.5.3/out/server/src/server.js:3:158104)\n    at /home/publico/.var/app/com.visualstudio.code/data/vscode/extensions/uqbar.wollok-lsp-ide-0.5.3/out/server/src/server.js:37:57871\n    at Zr (/home/publico/.var/app/com.visualstudio.code/data/vscode/extensions/uqbar.wollok-lsp-ide-0.5.3/out/server/src/server.js:8:1561)","timestamp":"2025-10-22T15:19:16.426Z"}
{"level":"error","message":"✘ Failed to rebuild document Failed to parse src/gimnasia.wtest: \n-- PARSING FAILED --------------------------------------------------\n\n  107 | //\t}\n  108 | \t\n> 109 | }\n      | ^\n\nExpected one of the following: \n\n'@', 'class', 'const', 'describe', 'mixin', 'object', 'only', 'package', 'program', 'test', 'var', '{', EOF, comment, not \"}\", whitespace\n","stack":"Error: Failed to parse src/gimnasia.wtest: \n-- PARSING FAILED --------------------------------------------------\n\n  107 | //\t}\n  108 | \t\n> 109 | }\n      | ^\n\nExpected one of the following: \n\n'@', 'class', 'const', 'describe', 'mixin', 'object', 'only', 'package', 'program', 'test', 'var', '{', EOF, comment, not \"}\", whitespace\n\n    at /home/publico/.var/app/com.visualstudio.code/data/vscode/extensions/uqbar.wollok-lsp-ide-0.5.3/out/server/src/server.js:2348:13026\n    at Array.map (<anonymous>)\n    at W1n (/home/publico/.var/app/com.visualstudio.code/data/vscode/extensions/uqbar.wollok-lsp-ide-0.5.3/out/server/src/server.js:2348:12950)\n    at U2.buildEnvironmentFrom (/home/publico/.var/app/com.visualstudio.code/data/vscode/extensions/uqbar.wollok-lsp-ide-0.5.3/out/server/src/server.js:2393:5254)\n    at U2.updateEnvironmentWith (/home/publico/.var/app/com.visualstudio.code/data/vscode/extensions/uqbar.wollok-lsp-ide-0.5.3/out/server/src/server.js:2393:4989)\n    at JF (/home/publico/.var/app/com.visualstudio.code/data/vscode/extensions/uqbar.wollok-lsp-ide-0.5.3/out/server/src/server.js:2393:7383)\n    at F3.invoke (/home/publico/.var/app/com.visualstudio.code/data/vscode/extensions/uqbar.wollok-lsp-ide-0.5.3/out/server/src/server.js:3:157334)\n    at o.fire (/home/publico/.var/app/com.visualstudio.code/data/vscode/extensions/uqbar.wollok-lsp-ide-0.5.3/out/server/src/server.js:3:158104)\n    at /home/publico/.var/app/com.visualstudio.code/data/vscode/extensions/uqbar.wollok-lsp-ide-0.5.3/out/server/src/server.js:37:57871\n    at Zr (/home/publico/.var/app/com.visualstudio.code/data/vscode/extensions/uqbar.wollok-lsp-ide-0.5.3/out/server/src/server.js:8:1561)","timestamp":"2025-10-22T15:19:16.481Z"}
{"level":"error","message":"✘ Failed to rebuild document Failed to parse src/gimnasia.wtest: \n-- PARSING FAILED --------------------------------------------------\n\n  107 | //\t}\n  108 | \t\n> 109 | }\n      | ^\n\nExpected one of the following: \n\n'@', 'class', 'const', 'describe', 'mixin', 'object', 'only', 'package', 'program', 'test', 'var', '{', EOF, comment, not \"}\", whitespace\n","stack":"Error: Failed to parse src/gimnasia.wtest: \n-- PARSING FAILED --------------------------------------------------\n\n  107 | //\t}\n  108 | \t\n> 109 | }\n      | ^\n\nExpected one of the following: \n\n'@', 'class', 'const', 'describe', 'mixin', 'object', 'only', 'package', 'program', 'test', 'var', '{', EOF, comment, not \"}\", whitespace\n\n    at /home/publico/.var/app/com.visualstudio.code/data/vscode/extensions/uqbar.wollok-lsp-ide-0.5.3/out/server/src/server.js:2348:13026\n    at Array.map (<anonymous>)\n    at W1n (/home/publico/.var/app/com.visualstudio.code/data/vscode/extensions/uqbar.wollok-lsp-ide-0.5.3/out/server/src/server.js:2348:12950)\n    at U2.buildEnvironmentFrom (/home/publico/.var/app/com.visualstudio.code/data/vscode/extensions/uqbar.wollok-lsp-ide-0.5.3/out/server/src/server.js:2393:5254)\n    at U2.updateEnvironmentWith (/home/publico/.var/app/com.visualstudio.code/data/vscode/extensions/uqbar.wollok-lsp-ide-0.5.3/out/server/src/server.js:2393:4989)\n    at JF (/home/publico/.var/app/com.visualstudio.code/data/vscode/extensions/uqbar.wollok-lsp-ide-0.5.3/out/server/src/server.js:2393:7383)\n    at F3.invoke (/home/publico/.var/app/com.visualstudio.code/data/vscode/extensions/uqbar.wollok-lsp-ide-0.5.3/out/server/src/server.js:3:157334)\n    at o.fire (/home/publico/.var/app/com.visualstudio.code/data/vscode/extensions/uqbar.wollok-lsp-ide-0.5.3/out/server/src/server.js:3:158104)\n    at /home/publico/.var/app/com.visualstudio.code/data/vscode/extensions/uqbar.wollok-lsp-ide-0.5.3/out/server/src/server.js:37:57871\n    at Zr (/home/publico/.var/app/com.visualstudio.code/data/vscode/extensions/uqbar.wollok-lsp-ide-0.5.3/out/server/src/server.js:8:1561)","timestamp":"2025-10-22T15:19:16.527Z"}
{"level":"error","message":"✘ Failed to rebuild document Failed to parse src/gimnasia.wtest: \n-- PARSING FAILED --------------------------------------------------\n\n  107 | //\t}\n  108 | \t\n> 109 | }\n      | ^\n\nExpected one of the following: \n\n'@', 'class', 'const', 'describe', 'mixin', 'object', 'only', 'package', 'program', 'test', 'var', '{', EOF, comment, not \"}\", whitespace\n","stack":"Error: Failed to parse src/gimnasia.wtest: \n-- PARSING FAILED --------------------------------------------------\n\n  107 | //\t}\n  108 | \t\n> 109 | }\n      | ^\n\nExpected one of the following: \n\n'@', 'class', 'const', 'describe', 'mixin', 'object', 'only', 'package', 'program', 'test', 'var', '{', EOF, comment, not \"}\", whitespace\n\n    at /home/publico/.var/app/com.visualstudio.code/data/vscode/extensions/uqbar.wollok-lsp-ide-0.5.3/out/server/src/server.js:2348:13026\n    at Array.map (<anonymous>)\n    at W1n (/home/publico/.var/app/com.visualstudio.code/data/vscode/extensions/uqbar.wollok-lsp-ide-0.5.3/out/server/src/server.js:2348:12950)\n    at U2.buildEnvironmentFrom (/home/publico/.var/app/com.visualstudio.code/data/vscode/extensions/uqbar.wollok-lsp-ide-0.5.3/out/server/src/server.js:2393:5254)\n    at U2.updateEnvironmentWith (/home/publico/.var/app/com.visualstudio.code/data/vscode/extensions/uqbar.wollok-lsp-ide-0.5.3/out/server/src/server.js:2393:4989)\n    at JF (/home/publico/.var/app/com.visualstudio.code/data/vscode/extensions/uqbar.wollok-lsp-ide-0.5.3/out/server/src/server.js:2393:7383)\n    at F3.invoke (/home/publico/.var/app/com.visualstudio.code/data/vscode/extensions/uqbar.wollok-lsp-ide-0.5.3/out/server/src/server.js:3:157334)\n    at o.fire (/home/publico/.var/app/com.visualstudio.code/data/vscode/extensions/uqbar.wollok-lsp-ide-0.5.3/out/server/src/server.js:3:158104)\n    at /home/publico/.var/app/com.visualstudio.code/data/vscode/extensions/uqbar.wollok-lsp-ide-0.5.3/out/server/src/server.js:37:57871\n    at Zr (/home/publico/.var/app/com.visualstudio.code/data/vscode/extensions/uqbar.wollok-lsp-ide-0.5.3/out/server/src/server.js:8:1561)","timestamp":"2025-10-22T15:19:16.587Z"}
{"level":"error","message":"✘ Failed to rebuild document Failed to parse src/gimnasia.wtest: \n-- PARSING FAILED --------------------------------------------------\n\n  107 | //\t}\n  108 | \t\n> 109 | }\n      | ^\n\nExpected one of the following: \n\n'@', 'class', 'const', 'describe', 'mixin', 'object', 'only', 'package', 'program', 'test', 'var', '{', EOF, comment, not \"}\", whitespace\n","stack":"Error: Failed to parse src/gimnasia.wtest: \n-- PARSING FAILED --------------------------------------------------\n\n  107 | //\t}\n  108 | \t\n> 109 | }\n      | ^\n\nExpected one of the following: \n\n'@', 'class', 'const', 'describe', 'mixin', 'object', 'only', 'package', 'program', 'test', 'var', '{', EOF, comment, not \"}\", whitespace\n\n    at /home/publico/.var/app/com.visualstudio.code/data/vscode/extensions/uqbar.wollok-lsp-ide-0.5.3/out/server/src/server.js:2348:13026\n    at Array.map (<anonymous>)\n    at W1n (/home/publico/.var/app/com.visualstudio.code/data/vscode/extensions/uqbar.wollok-lsp-ide-0.5.3/out/server/src/server.js:2348:12950)\n    at U2.buildEnvironmentFrom (/home/publico/.var/app/com.visualstudio.code/data/vscode/extensions/uqbar.wollok-lsp-ide-0.5.3/out/server/src/server.js:2393:5254)\n    at U2.updateEnvironmentWith (/home/publico/.var/app/com.visualstudio.code/data/vscode/extensions/uqbar.wollok-lsp-ide-0.5.3/out/server/src/server.js:2393:4989)\n    at JF (/home/publico/.var/app/com.visualstudio.code/data/vscode/extensions/uqbar.wollok-lsp-ide-0.5.3/out/server/src/server.js:2393:7383)\n    at F3.invoke (/home/publico/.var/app/com.visualstudio.code/data/vscode/extensions/uqbar.wollok-lsp-ide-0.5.3/out/server/src/server.js:3:157334)\n    at o.fire (/home/publico/.var/app/com.visualstudio.code/data/vscode/extensions/uqbar.wollok-lsp-ide-0.5.3/out/server/src/server.js:3:158104)\n    at /home/publico/.var/app/com.visualstudio.code/data/vscode/extensions/uqbar.wollok-lsp-ide-0.5.3/out/server/src/server.js:37:57871\n    at Zr (/home/publico/.var/app/com.visualstudio.code/data/vscode/extensions/uqbar.wollok-lsp-ide-0.5.3/out/server/src/server.js:8:1561)","timestamp":"2025-10-22T15:19:16.640Z"}
{"level":"error","message":"✘ Failed to rebuild document Failed to parse src/gimnasia.wtest: \n-- PARSING FAILED --------------------------------------------------\n\n  107 | //\t}\n  108 | \t\n> 109 | }\n      | ^\n\nExpected one of the following: \n\n'@', 'class', 'const', 'describe', 'mixin', 'object', 'only', 'package', 'program', 'test', 'var', '{', EOF, comment, not \"}\", whitespace\n","stack":"Error: Failed to parse src/gimnasia.wtest: \n-- PARSING FAILED --------------------------------------------------\n\n  107 | //\t}\n  108 | \t\n> 109 | }\n      | ^\n\nExpected one of the following: \n\n'@', 'class', 'const', 'describe', 'mixin', 'object', 'only', 'package', 'program', 'test', 'var', '{', EOF, comment, not \"}\", whitespace\n\n    at /home/publico/.var/app/com.visualstudio.code/data/vscode/extensions/uqbar.wollok-lsp-ide-0.5.3/out/server/src/server.js:2348:13026\n    at Array.map (<anonymous>)\n    at W1n (/home/publico/.var/app/com.visualstudio.code/data/vscode/extensions/uqbar.wollok-lsp-ide-0.5.3/out/server/src/server.js:2348:12950)\n    at U2.buildEnvironmentFrom (/home/publico/.var/app/com.visualstudio.code/data/vscode/extensions/uqbar.wollok-lsp-ide-0.5.3/out/server/src/server.js:2393:5254)\n    at U2.updateEnvironmentWith (/home/publico/.var/app/com.visualstudio.code/data/vscode/extensions/uqbar.wollok-lsp-ide-0.5.3/out/server/src/server.js:2393:4989)\n    at JF (/home/publico/.var/app/com.visualstudio.code/data/vscode/extensions/uqbar.wollok-lsp-ide-0.5.3/out/server/src/server.js:2393:7383)\n    at F3.invoke (/home/publico/.var/app/com.visualstudio.code/data/vscode/extensions/uqbar.wollok-lsp-ide-0.5.3/out/server/src/server.js:3:157334)\n    at o.fire (/home/publico/.var/app/com.visualstudio.code/data/vscode/extensions/uqbar.wollok-lsp-ide-0.5.3/out/server/src/server.js:3:158104)\n    at /home/publico/.var/app/com.visualstudio.code/data/vscode/extensions/uqbar.wollok-lsp-ide-0.5.3/out/server/src/server.js:37:57871\n    at Zr (/home/publico/.var/app/com.visualstudio.code/data/vscode/extensions/uqbar.wollok-lsp-ide-0.5.3/out/server/src/server.js:8:1561)","timestamp":"2025-10-22T15:19:16.677Z"}
{"level":"error","message":"✘ Failed to rebuild document Failed to parse src/gimnasia.wtest: \n-- PARSING FAILED --------------------------------------------------\n\n  107 | //\t}\n  108 | \t\n> 109 | }\n      | ^\n\nExpected one of the following: \n\n'@', 'class', 'const', 'describe', 'mixin', 'object', 'only', 'package', 'program', 'test', 'var', '{', EOF, comment, not \"}\", whitespace\n","stack":"Error: Failed to parse src/gimnasia.wtest: \n-- PARSING FAILED --------------------------------------------------\n\n  107 | //\t}\n  108 | \t\n> 109 | }\n      | ^\n\nExpected one of the following: \n\n'@', 'class', 'const', 'describe', 'mixin', 'object', 'only', 'package', 'program', 'test', 'var', '{', EOF, comment, not \"}\", whitespace\n\n    at /home/publico/.var/app/com.visualstudio.code/data/vscode/extensions/uqbar.wollok-lsp-ide-0.5.3/out/server/src/server.js:2348:13026\n    at Array.map (<anonymous>)\n    at W1n (/home/publico/.var/app/com.visualstudio.code/data/vscode/extensions/uqbar.wollok-lsp-ide-0.5.3/out/server/src/server.js:2348:12950)\n    at U2.buildEnvironmentFrom (/home/publico/.var/app/com.visualstudio.code/data/vscode/extensions/uqbar.wollok-lsp-ide-0.5.3/out/server/src/server.js:2393:5254)\n    at U2.updateEnvironmentWith (/home/publico/.var/app/com.visualstudio.code/data/vscode/extensions/uqbar.wollok-lsp-ide-0.5.3/out/server/src/server.js:2393:4989)\n    at JF (/home/publico/.var/app/com.visualstudio.code/data/vscode/extensions/uqbar.wollok-lsp-ide-0.5.3/out/server/src/server.js:2393:7383)\n    at F3.invoke (/home/publico/.var/app/com.visualstudio.code/data/vscode/extensions/uqbar.wollok-lsp-ide-0.5.3/out/server/src/server.js:3:157334)\n    at o.fire (/home/publico/.var/app/com.visualstudio.code/data/vscode/extensions/uqbar.wollok-lsp-ide-0.5.3/out/server/src/server.js:3:158104)\n    at /home/publico/.var/app/com.visualstudio.code/data/vscode/extensions/uqbar.wollok-lsp-ide-0.5.3/out/server/src/server.js:37:57871\n    at Zr (/home/publico/.var/app/com.visualstudio.code/data/vscode/extensions/uqbar.wollok-lsp-ide-0.5.3/out/server/src/server.js:8:1561)","timestamp":"2025-10-22T15:19:16.734Z"}
{"level":"error","message":"✘ Failed to rebuild document Failed to parse src/gimnasia.wtest: \n-- PARSING FAILED --------------------------------------------------\n\n  107 | //\t}\n  108 | \t\n> 109 | }\n      | ^\n\nExpected one of the following: \n\n'@', 'class', 'const', 'describe', 'mixin', 'object', 'only', 'package', 'program', 'test', 'var', '{', EOF, comment, not \"}\", whitespace\n","stack":"Error: Failed to parse src/gimnasia.wtest: \n-- PARSING FAILED --------------------------------------------------\n\n  107 | //\t}\n  108 | \t\n> 109 | }\n      | ^\n\nExpected one of the following: \n\n'@', 'class', 'const', 'describe', 'mixin', 'object', 'only', 'package', 'program', 'test', 'var', '{', EOF, comment, not \"}\", whitespace\n\n    at /home/publico/.var/app/com.visualstudio.code/data/vscode/extensions/uqbar.wollok-lsp-ide-0.5.3/out/server/src/server.js:2348:13026\n    at Array.map (<anonymous>)\n    at W1n (/home/publico/.var/app/com.visualstudio.code/data/vscode/extensions/uqbar.wollok-lsp-ide-0.5.3/out/server/src/server.js:2348:12950)\n    at U2.buildEnvironmentFrom (/home/publico/.var/app/com.visualstudio.code/data/vscode/extensions/uqbar.wollok-lsp-ide-0.5.3/out/server/src/server.js:2393:5254)\n    at U2.updateEnvironmentWith (/home/publico/.var/app/com.visualstudio.code/data/vscode/extensions/uqbar.wollok-lsp-ide-0.5.3/out/server/src/server.js:2393:4989)\n    at JF (/home/publico/.var/app/com.visualstudio.code/data/vscode/extensions/uqbar.wollok-lsp-ide-0.5.3/out/server/src/server.js:2393:7383)\n    at F3.invoke (/home/publico/.var/app/com.visualstudio.code/data/vscode/extensions/uqbar.wollok-lsp-ide-0.5.3/out/server/src/server.js:3:157334)\n    at o.fire (/home/publico/.var/app/com.visualstudio.code/data/vscode/extensions/uqbar.wollok-lsp-ide-0.5.3/out/server/src/server.js:3:158104)\n    at /home/publico/.var/app/com.visualstudio.code/data/vscode/extensions/uqbar.wollok-lsp-ide-0.5.3/out/server/src/server.js:37:57871\n    at Zr (/home/publico/.var/app/com.visualstudio.code/data/vscode/extensions/uqbar.wollok-lsp-ide-0.5.3/out/server/src/server.js:8:1561)","timestamp":"2025-10-22T15:19:16.774Z"}
{"level":"error","message":"✘ Failed to rebuild document Failed to parse src/gimnasia.wtest: \n-- PARSING FAILED --------------------------------------------------\n\n  107 | //\t}\n  108 | \t\n> 109 | }\n      | ^\n\nExpected one of the following: \n\n'@', 'class', 'const', 'describe', 'mixin', 'object', 'only', 'package', 'program', 'test', 'var', '{', EOF, comment, not \"}\", whitespace\n","stack":"Error: Failed to parse src/gimnasia.wtest: \n-- PARSING FAILED --------------------------------------------------\n\n  107 | //\t}\n  108 | \t\n> 109 | }\n      | ^\n\nExpected one of the following: \n\n'@', 'class', 'const', 'describe', 'mixin', 'object', 'only', 'package', 'program', 'test', 'var', '{', EOF, comment, not \"}\", whitespace\n\n    at /home/publico/.var/app/com.visualstudio.code/data/vscode/extensions/uqbar.wollok-lsp-ide-0.5.3/out/server/src/server.js:2348:13026\n    at Array.map (<anonymous>)\n    at W1n (/home/publico/.var/app/com.visualstudio.code/data/vscode/extensions/uqbar.wollok-lsp-ide-0.5.3/out/server/src/server.js:2348:12950)\n    at U2.buildEnvironmentFrom (/home/publico/.var/app/com.visualstudio.code/data/vscode/extensions/uqbar.wollok-lsp-ide-0.5.3/out/server/src/server.js:2393:5254)\n    at U2.updateEnvironmentWith (/home/publico/.var/app/com.visualstudio.code/data/vscode/extensions/uqbar.wollok-lsp-ide-0.5.3/out/server/src/server.js:2393:4989)\n    at JF (/home/publico/.var/app/com.visualstudio.code/data/vscode/extensions/uqbar.wollok-lsp-ide-0.5.3/out/server/src/server.js:2393:7383)\n    at F3.invoke (/home/publico/.var/app/com.visualstudio.code/data/vscode/extensions/uqbar.wollok-lsp-ide-0.5.3/out/server/src/server.js:3:157334)\n    at o.fire (/home/publico/.var/app/com.visualstudio.code/data/vscode/extensions/uqbar.wollok-lsp-ide-0.5.3/out/server/src/server.js:3:158104)\n    at /home/publico/.var/app/com.visualstudio.code/data/vscode/extensions/uqbar.wollok-lsp-ide-0.5.3/out/server/src/server.js:37:57871\n    at Zr (/home/publico/.var/app/com.visualstudio.code/data/vscode/extensions/uqbar.wollok-lsp-ide-0.5.3/out/server/src/server.js:8:1561)","timestamp":"2025-10-22T15:19:16.835Z"}
{"level":"error","message":"✘ Failed to rebuild document Failed to parse src/gimnasia.wtest: \n-- PARSING FAILED --------------------------------------------------\n\n  107 | //\t}\n  108 | \t\n> 109 | }\n      | ^\n\nExpected one of the following: \n\n'@', 'class', 'const', 'describe', 'mixin', 'object', 'only', 'package', 'program', 'test', 'var', '{', EOF, comment, not \"}\", whitespace\n","stack":"Error: Failed to parse src/gimnasia.wtest: \n-- PARSING FAILED --------------------------------------------------\n\n  107 | //\t}\n  108 | \t\n> 109 | }\n      | ^\n\nExpected one of the following: \n\n'@', 'class', 'const', 'describe', 'mixin', 'object', 'only', 'package', 'program', 'test', 'var', '{', EOF, comment, not \"}\", whitespace\n\n    at /home/publico/.var/app/com.visualstudio.code/data/vscode/extensions/uqbar.wollok-lsp-ide-0.5.3/out/server/src/server.js:2348:13026\n    at Array.map (<anonymous>)\n    at W1n (/home/publico/.var/app/com.visualstudio.code/data/vscode/extensions/uqbar.wollok-lsp-ide-0.5.3/out/server/src/server.js:2348:12950)\n    at U2.buildEnvironmentFrom (/home/publico/.var/app/com.visualstudio.code/data/vscode/extensions/uqbar.wollok-lsp-ide-0.5.3/out/server/src/server.js:2393:5254)\n    at U2.updateEnvironmentWith (/home/publico/.var/app/com.visualstudio.code/data/vscode/extensions/uqbar.wollok-lsp-ide-0.5.3/out/server/src/server.js:2393:4989)\n    at JF (/home/publico/.var/app/com.visualstudio.code/data/vscode/extensions/uqbar.wollok-lsp-ide-0.5.3/out/server/src/server.js:2393:7383)\n    at F3.invoke (/home/publico/.var/app/com.visualstudio.code/data/vscode/extensions/uqbar.wollok-lsp-ide-0.5.3/out/server/src/server.js:3:157334)\n    at o.fire (/home/publico/.var/app/com.visualstudio.code/data/vscode/extensions/uqbar.wollok-lsp-ide-0.5.3/out/server/src/server.js:3:158104)\n    at /home/publico/.var/app/com.visualstudio.code/data/vscode/extensions/uqbar.wollok-lsp-ide-0.5.3/out/server/src/server.js:37:57871\n    at Zr (/home/publico/.var/app/com.visualstudio.code/data/vscode/extensions/uqbar.wollok-lsp-ide-0.5.3/out/server/src/server.js:8:1561)","timestamp":"2025-10-22T15:19:16.895Z"}
{"level":"error","message":"✘ Failed to rebuild document Failed to parse src/gimnasia.wtest: \n-- PARSING FAILED --------------------------------------------------\n\n  107 | //\t}\n  108 | \t\n> 109 | }\n      | ^\n\nExpected one of the following: \n\n'@', 'class', 'const', 'describe', 'mixin', 'object', 'only', 'package', 'program', 'test', 'var', '{', EOF, comment, not \"}\", whitespace\n","stack":"Error: Failed to parse src/gimnasia.wtest: \n-- PARSING FAILED --------------------------------------------------\n\n  107 | //\t}\n  108 | \t\n> 109 | }\n      | ^\n\nExpected one of the following: \n\n'@', 'class', 'const', 'describe', 'mixin', 'object', 'only', 'package', 'program', 'test', 'var', '{', EOF, comment, not \"}\", whitespace\n\n    at /home/publico/.var/app/com.visualstudio.code/data/vscode/extensions/uqbar.wollok-lsp-ide-0.5.3/out/server/src/server.js:2348:13026\n    at Array.map (<anonymous>)\n    at W1n (/home/publico/.var/app/com.visualstudio.code/data/vscode/extensions/uqbar.wollok-lsp-ide-0.5.3/out/server/src/server.js:2348:12950)\n    at U2.buildEnvironmentFrom (/home/publico/.var/app/com.visualstudio.code/data/vscode/extensions/uqbar.wollok-lsp-ide-0.5.3/out/server/src/server.js:2393:5254)\n    at U2.updateEnvironmentWith (/home/publico/.var/app/com.visualstudio.code/data/vscode/extensions/uqbar.wollok-lsp-ide-0.5.3/out/server/src/server.js:2393:4989)\n    at JF (/home/publico/.var/app/com.visualstudio.code/data/vscode/extensions/uqbar.wollok-lsp-ide-0.5.3/out/server/src/server.js:2393:7383)\n    at F3.invoke (/home/publico/.var/app/com.visualstudio.code/data/vscode/extensions/uqbar.wollok-lsp-ide-0.5.3/out/server/src/server.js:3:157334)\n    at o.fire (/home/publico/.var/app/com.visualstudio.code/data/vscode/extensions/uqbar.wollok-lsp-ide-0.5.3/out/server/src/server.js:3:158104)\n    at /home/publico/.var/app/com.visualstudio.code/data/vscode/extensions/uqbar.wollok-lsp-ide-0.5.3/out/server/src/server.js:37:57871\n    at Zr (/home/publico/.var/app/com.visualstudio.code/data/vscode/extensions/uqbar.wollok-lsp-ide-0.5.3/out/server/src/server.js:8:1561)","timestamp":"2025-10-22T15:19:16.943Z"}
{"level":"error","message":"✘ Failed to rebuild document Failed to parse src/gimnasia.wtest: \n-- PARSING FAILED --------------------------------------------------\n\n  107 | //\t}\n  108 | \t\n> 109 | }\n      | ^\n\nExpected one of the following: \n\n'@', 'class', 'const', 'describe', 'mixin', 'object', 'only', 'package', 'program', 'test', 'var', '{', EOF, comment, not \"}\", whitespace\n","stack":"Error: Failed to parse src/gimnasia.wtest: \n-- PARSING FAILED --------------------------------------------------\n\n  107 | //\t}\n  108 | \t\n> 109 | }\n      | ^\n\nExpected one of the following: \n\n'@', 'class', 'const', 'describe', 'mixin', 'object', 'only', 'package', 'program', 'test', 'var', '{', EOF, comment, not \"}\", whitespace\n\n    at /home/publico/.var/app/com.visualstudio.code/data/vscode/extensions/uqbar.wollok-lsp-ide-0.5.3/out/server/src/server.js:2348:13026\n    at Array.map (<anonymous>)\n    at W1n (/home/publico/.var/app/com.visualstudio.code/data/vscode/extensions/uqbar.wollok-lsp-ide-0.5.3/out/server/src/server.js:2348:12950)\n    at U2.buildEnvironmentFrom (/home/publico/.var/app/com.visualstudio.code/data/vscode/extensions/uqbar.wollok-lsp-ide-0.5.3/out/server/src/server.js:2393:5254)\n    at U2.updateEnvironmentWith (/home/publico/.var/app/com.visualstudio.code/data/vscode/extensions/uqbar.wollok-lsp-ide-0.5.3/out/server/src/server.js:2393:4989)\n    at JF (/home/publico/.var/app/com.visualstudio.code/data/vscode/extensions/uqbar.wollok-lsp-ide-0.5.3/out/server/src/server.js:2393:7383)\n    at F3.invoke (/home/publico/.var/app/com.visualstudio.code/data/vscode/extensions/uqbar.wollok-lsp-ide-0.5.3/out/server/src/server.js:3:157334)\n    at o.fire (/home/publico/.var/app/com.visualstudio.code/data/vscode/extensions/uqbar.wollok-lsp-ide-0.5.3/out/server/src/server.js:3:158104)\n    at /home/publico/.var/app/com.visualstudio.code/data/vscode/extensions/uqbar.wollok-lsp-ide-0.5.3/out/server/src/server.js:37:57871\n    at Zr (/home/publico/.var/app/com.visualstudio.code/data/vscode/extensions/uqbar.wollok-lsp-ide-0.5.3/out/server/src/server.js:8:1561)","timestamp":"2025-10-22T15:19:16.999Z"}
{"level":"error","message":"✘ Failed to rebuild document Failed to parse src/gimnasia.wtest: \n-- PARSING FAILED --------------------------------------------------\n\n  107 | //\t}\n  108 | \t\n> 109 | }\n      | ^\n\nExpected one of the following: \n\n'@', 'class', 'const', 'describe', 'mixin', 'object', 'only', 'package', 'program', 'test', 'var', '{', EOF, comment, not \"}\", whitespace\n","stack":"Error: Failed to parse src/gimnasia.wtest: \n-- PARSING FAILED --------------------------------------------------\n\n  107 | //\t}\n  108 | \t\n> 109 | }\n      | ^\n\nExpected one of the following: \n\n'@', 'class', 'const', 'describe', 'mixin', 'object', 'only', 'package', 'program', 'test', 'var', '{', EOF, comment, not \"}\", whitespace\n\n    at /home/publico/.var/app/com.visualstudio.code/data/vscode/extensions/uqbar.wollok-lsp-ide-0.5.3/out/server/src/server.js:2348:13026\n    at Array.map (<anonymous>)\n    at W1n (/home/publico/.var/app/com.visualstudio.code/data/vscode/extensions/uqbar.wollok-lsp-ide-0.5.3/out/server/src/server.js:2348:12950)\n    at U2.buildEnvironmentFrom (/home/publico/.var/app/com.visualstudio.code/data/vscode/extensions/uqbar.wollok-lsp-ide-0.5.3/out/server/src/server.js:2393:5254)\n    at U2.updateEnvironmentWith (/home/publico/.var/app/com.visualstudio.code/data/vscode/extensions/uqbar.wollok-lsp-ide-0.5.3/out/server/src/server.js:2393:4989)\n    at JF (/home/publico/.var/app/com.visualstudio.code/data/vscode/extensions/uqbar.wollok-lsp-ide-0.5.3/out/server/src/server.js:2393:7383)\n    at F3.invoke (/home/publico/.var/app/com.visualstudio.code/data/vscode/extensions/uqbar.wollok-lsp-ide-0.5.3/out/server/src/server.js:3:157334)\n    at o.fire (/home/publico/.var/app/com.visualstudio.code/data/vscode/extensions/uqbar.wollok-lsp-ide-0.5.3/out/server/src/server.js:3:158104)\n    at /home/publico/.var/app/com.visualstudio.code/data/vscode/extensions/uqbar.wollok-lsp-ide-0.5.3/out/server/src/server.js:37:57871\n    at Zr (/home/publico/.var/app/com.visualstudio.code/data/vscode/extensions/uqbar.wollok-lsp-ide-0.5.3/out/server/src/server.js:8:1561)","timestamp":"2025-10-22T15:19:17.067Z"}
{"level":"error","message":"✘ Failed to rebuild document Failed to parse src/gimnasia.wtest: \n-- PARSING FAILED --------------------------------------------------\n\n  107 | //\t}\n  108 | \t\n> 109 | }\n      | ^\n\nExpected one of the following: \n\n'@', 'class', 'const', 'describe', 'mixin', 'object', 'only', 'package', 'program', 'test', 'var', '{', EOF, comment, not \"}\", whitespace\n","stack":"Error: Failed to parse src/gimnasia.wtest: \n-- PARSING FAILED --------------------------------------------------\n\n  107 | //\t}\n  108 | \t\n> 109 | }\n      | ^\n\nExpected one of the following: \n\n'@', 'class', 'const', 'describe', 'mixin', 'object', 'only', 'package', 'program', 'test', 'var', '{', EOF, comment, not \"}\", whitespace\n\n    at /home/publico/.var/app/com.visualstudio.code/data/vscode/extensions/uqbar.wollok-lsp-ide-0.5.3/out/server/src/server.js:2348:13026\n    at Array.map (<anonymous>)\n    at W1n (/home/publico/.var/app/com.visualstudio.code/data/vscode/extensions/uqbar.wollok-lsp-ide-0.5.3/out/server/src/server.js:2348:12950)\n    at U2.buildEnvironmentFrom (/home/publico/.var/app/com.visualstudio.code/data/vscode/extensions/uqbar.wollok-lsp-ide-0.5.3/out/server/src/server.js:2393:5254)\n    at U2.updateEnvironmentWith (/home/publico/.var/app/com.visualstudio.code/data/vscode/extensions/uqbar.wollok-lsp-ide-0.5.3/out/server/src/server.js:2393:4989)\n    at JF (/home/publico/.var/app/com.visualstudio.code/data/vscode/extensions/uqbar.wollok-lsp-ide-0.5.3/out/server/src/server.js:2393:7383)\n    at F3.invoke (/home/publico/.var/app/com.visualstudio.code/data/vscode/extensions/uqbar.wollok-lsp-ide-0.5.3/out/server/src/server.js:3:157334)\n    at o.fire (/home/publico/.var/app/com.visualstudio.code/data/vscode/extensions/uqbar.wollok-lsp-ide-0.5.3/out/server/src/server.js:3:158104)\n    at /home/publico/.var/app/com.visualstudio.code/data/vscode/extensions/uqbar.wollok-lsp-ide-0.5.3/out/server/src/server.js:37:57871\n    at Zr (/home/publico/.var/app/com.visualstudio.code/data/vscode/extensions/uqbar.wollok-lsp-ide-0.5.3/out/server/src/server.js:8:1561)","timestamp":"2025-10-22T15:19:17.115Z"}
{"level":"error","message":"✘ Failed to rebuild document Failed to parse src/gimnasia.wtest: \n-- PARSING FAILED --------------------------------------------------\n\n  107 | //\t}\n  108 | \t\n> 109 | }\n      | ^\n\nExpected one of the following: \n\n'@', 'class', 'const', 'describe', 'mixin', 'object', 'only', 'package', 'program', 'test', 'var', '{', EOF, comment, not \"}\", whitespace\n","stack":"Error: Failed to parse src/gimnasia.wtest: \n-- PARSING FAILED --------------------------------------------------\n\n  107 | //\t}\n  108 | \t\n> 109 | }\n      | ^\n\nExpected one of the following: \n\n'@', 'class', 'const', 'describe', 'mixin', 'object', 'only', 'package', 'program', 'test', 'var', '{', EOF, comment, not \"}\", whitespace\n\n    at /home/publico/.var/app/com.visualstudio.code/data/vscode/extensions/uqbar.wollok-lsp-ide-0.5.3/out/server/src/server.js:2348:13026\n    at Array.map (<anonymous>)\n    at W1n (/home/publico/.var/app/com.visualstudio.code/data/vscode/extensions/uqbar.wollok-lsp-ide-0.5.3/out/server/src/server.js:2348:12950)\n    at U2.buildEnvironmentFrom (/home/publico/.var/app/com.visualstudio.code/data/vscode/extensions/uqbar.wollok-lsp-ide-0.5.3/out/server/src/server.js:2393:5254)\n    at U2.updateEnvironmentWith (/home/publico/.var/app/com.visualstudio.code/data/vscode/extensions/uqbar.wollok-lsp-ide-0.5.3/out/server/src/server.js:2393:4989)\n    at JF (/home/publico/.var/app/com.visualstudio.code/data/vscode/extensions/uqbar.wollok-lsp-ide-0.5.3/out/server/src/server.js:2393:7383)\n    at F3.invoke (/home/publico/.var/app/com.visualstudio.code/data/vscode/extensions/uqbar.wollok-lsp-ide-0.5.3/out/server/src/server.js:3:157334)\n    at o.fire (/home/publico/.var/app/com.visualstudio.code/data/vscode/extensions/uqbar.wollok-lsp-ide-0.5.3/out/server/src/server.js:3:158104)\n    at /home/publico/.var/app/com.visualstudio.code/data/vscode/extensions/uqbar.wollok-lsp-ide-0.5.3/out/server/src/server.js:37:57871\n    at Zr (/home/publico/.var/app/com.visualstudio.code/data/vscode/extensions/uqbar.wollok-lsp-ide-0.5.3/out/server/src/server.js:8:1561)","timestamp":"2025-10-22T15:19:17.179Z"}
{"level":"error","message":"✘ Failed to rebuild document Failed to parse src/gimnasia.wtest: \n-- PARSING FAILED --------------------------------------------------\n\n  107 | //\t}\n  108 | \t\n> 109 | }\n      | ^\n\nExpected one of the following: \n\n'@', 'class', 'const', 'describe', 'mixin', 'object', 'only', 'package', 'program', 'test', 'var', '{', EOF, comment, not \"}\", whitespace\n","stack":"Error: Failed to parse src/gimnasia.wtest: \n-- PARSING FAILED --------------------------------------------------\n\n  107 | //\t}\n  108 | \t\n> 109 | }\n      | ^\n\nExpected one of the following: \n\n'@', 'class', 'const', 'describe', 'mixin', 'object', 'only', 'package', 'program', 'test', 'var', '{', EOF, comment, not \"}\", whitespace\n\n    at /home/publico/.var/app/com.visualstudio.code/data/vscode/extensions/uqbar.wollok-lsp-ide-0.5.3/out/server/src/server.js:2348:13026\n    at Array.map (<anonymous>)\n    at W1n (/home/publico/.var/app/com.visualstudio.code/data/vscode/extensions/uqbar.wollok-lsp-ide-0.5.3/out/server/src/server.js:2348:12950)\n    at U2.buildEnvironmentFrom (/home/publico/.var/app/com.visualstudio.code/data/vscode/extensions/uqbar.wollok-lsp-ide-0.5.3/out/server/src/server.js:2393:5254)\n    at U2.updateEnvironmentWith (/home/publico/.var/app/com.visualstudio.code/data/vscode/extensions/uqbar.wollok-lsp-ide-0.5.3/out/server/src/server.js:2393:4989)\n    at JF (/home/publico/.var/app/com.visualstudio.code/data/vscode/extensions/uqbar.wollok-lsp-ide-0.5.3/out/server/src/server.js:2393:7383)\n    at F3.invoke (/home/publico/.var/app/com.visualstudio.code/data/vscode/extensions/uqbar.wollok-lsp-ide-0.5.3/out/server/src/server.js:3:157334)\n    at o.fire (/home/publico/.var/app/com.visualstudio.code/data/vscode/extensions/uqbar.wollok-lsp-ide-0.5.3/out/server/src/server.js:3:158104)\n    at /home/publico/.var/app/com.visualstudio.code/data/vscode/extensions/uqbar.wollok-lsp-ide-0.5.3/out/server/src/server.js:37:57871\n    at Zr (/home/publico/.var/app/com.visualstudio.code/data/vscode/extensions/uqbar.wollok-lsp-ide-0.5.3/out/server/src/server.js:8:1561)","timestamp":"2025-10-22T15:19:17.240Z"}
{"level":"error","message":"✘ Failed to rebuild document Failed to parse src/gimnasia.wtest: \n-- PARSING FAILED --------------------------------------------------\n\n  107 | //\t}\n  108 | \t\n> 109 | }\n      | ^\n\nExpected one of the following: \n\n'@', 'class', 'const', 'describe', 'mixin', 'object', 'only', 'package', 'program', 'test', 'var', '{', EOF, comment, not \"}\", whitespace\n","stack":"Error: Failed to parse src/gimnasia.wtest: \n-- PARSING FAILED --------------------------------------------------\n\n  107 | //\t}\n  108 | \t\n> 109 | }\n      | ^\n\nExpected one of the following: \n\n'@', 'class', 'const', 'describe', 'mixin', 'object', 'only', 'package', 'program', 'test', 'var', '{', EOF, comment, not \"}\", whitespace\n\n    at /home/publico/.var/app/com.visualstudio.code/data/vscode/extensions/uqbar.wollok-lsp-ide-0.5.3/out/server/src/server.js:2348:13026\n    at Array.map (<anonymous>)\n    at W1n (/home/publico/.var/app/com.visualstudio.code/data/vscode/extensions/uqbar.wollok-lsp-ide-0.5.3/out/server/src/server.js:2348:12950)\n    at U2.buildEnvironmentFrom (/home/publico/.var/app/com.visualstudio.code/data/vscode/extensions/uqbar.wollok-lsp-ide-0.5.3/out/server/src/server.js:2393:5254)\n    at U2.updateEnvironmentWith (/home/publico/.var/app/com.visualstudio.code/data/vscode/extensions/uqbar.wollok-lsp-ide-0.5.3/out/server/src/server.js:2393:4989)\n    at JF (/home/publico/.var/app/com.visualstudio.code/data/vscode/extensions/uqbar.wollok-lsp-ide-0.5.3/out/server/src/server.js:2393:7383)\n    at F3.invoke (/home/publico/.var/app/com.visualstudio.code/data/vscode/extensions/uqbar.wollok-lsp-ide-0.5.3/out/server/src/server.js:3:157334)\n    at o.fire (/home/publico/.var/app/com.visualstudio.code/data/vscode/extensions/uqbar.wollok-lsp-ide-0.5.3/out/server/src/server.js:3:158104)\n    at /home/publico/.var/app/com.visualstudio.code/data/vscode/extensions/uqbar.wollok-lsp-ide-0.5.3/out/server/src/server.js:37:57871\n    at Zr (/home/publico/.var/app/com.visualstudio.code/data/vscode/extensions/uqbar.wollok-lsp-ide-0.5.3/out/server/src/server.js:8:1561)","timestamp":"2025-10-22T15:19:17.296Z"}
{"level":"error","message":"✘ Failed to rebuild document Failed to parse src/gimnasia.wtest: \n-- PARSING FAILED --------------------------------------------------\n\n  107 | //\t}\n  108 | \t\n> 109 | }\n      | ^\n\nExpected one of the following: \n\n'@', 'class', 'const', 'describe', 'mixin', 'object', 'only', 'package', 'program', 'test', 'var', '{', EOF, comment, not \"}\", whitespace\n","stack":"Error: Failed to parse src/gimnasia.wtest: \n-- PARSING FAILED --------------------------------------------------\n\n  107 | //\t}\n  108 | \t\n> 109 | }\n      | ^\n\nExpected one of the following: \n\n'@', 'class', 'const', 'describe', 'mixin', 'object', 'only', 'package', 'program', 'test', 'var', '{', EOF, comment, not \"}\", whitespace\n\n    at /home/publico/.var/app/com.visualstudio.code/data/vscode/extensions/uqbar.wollok-lsp-ide-0.5.3/out/server/src/server.js:2348:13026\n    at Array.map (<anonymous>)\n    at W1n (/home/publico/.var/app/com.visualstudio.code/data/vscode/extensions/uqbar.wollok-lsp-ide-0.5.3/out/server/src/server.js:2348:12950)\n    at U2.buildEnvironmentFrom (/home/publico/.var/app/com.visualstudio.code/data/vscode/extensions/uqbar.wollok-lsp-ide-0.5.3/out/server/src/server.js:2393:5254)\n    at U2.updateEnvironmentWith (/home/publico/.var/app/com.visualstudio.code/data/vscode/extensions/uqbar.wollok-lsp-ide-0.5.3/out/server/src/server.js:2393:4989)\n    at JF (/home/publico/.var/app/com.visualstudio.code/data/vscode/extensions/uqbar.wollok-lsp-ide-0.5.3/out/server/src/server.js:2393:7383)\n    at F3.invoke (/home/publico/.var/app/com.visualstudio.code/data/vscode/extensions/uqbar.wollok-lsp-ide-0.5.3/out/server/src/server.js:3:157334)\n    at o.fire (/home/publico/.var/app/com.visualstudio.code/data/vscode/extensions/uqbar.wollok-lsp-ide-0.5.3/out/server/src/server.js:3:158104)\n    at /home/publico/.var/app/com.visualstudio.code/data/vscode/extensions/uqbar.wollok-lsp-ide-0.5.3/out/server/src/server.js:37:57871\n    at Zr (/home/publico/.var/app/com.visualstudio.code/data/vscode/extensions/uqbar.wollok-lsp-ide-0.5.3/out/server/src/server.js:8:1561)","timestamp":"2025-10-22T15:19:17.356Z"}
{"level":"error","message":"✘ Failed to rebuild document Failed to parse src/gimnasia.wtest: \n-- PARSING FAILED --------------------------------------------------\n\n  107 | //\t}\n  108 | \t\n> 109 | }\n      | ^\n\nExpected one of the following: \n\n'@', 'class', 'const', 'describe', 'mixin', 'object', 'only', 'package', 'program', 'test', 'var', '{', EOF, comment, not \"}\", whitespace\n","stack":"Error: Failed to parse src/gimnasia.wtest: \n-- PARSING FAILED --------------------------------------------------\n\n  107 | //\t}\n  108 | \t\n> 109 | }\n      | ^\n\nExpected one of the following: \n\n'@', 'class', 'const', 'describe', 'mixin', 'object', 'only', 'package', 'program', 'test', 'var', '{', EOF, comment, not \"}\", whitespace\n\n    at /home/publico/.var/app/com.visualstudio.code/data/vscode/extensions/uqbar.wollok-lsp-ide-0.5.3/out/server/src/server.js:2348:13026\n    at Array.map (<anonymous>)\n    at W1n (/home/publico/.var/app/com.visualstudio.code/data/vscode/extensions/uqbar.wollok-lsp-ide-0.5.3/out/server/src/server.js:2348:12950)\n    at U2.buildEnvironmentFrom (/home/publico/.var/app/com.visualstudio.code/data/vscode/extensions/uqbar.wollok-lsp-ide-0.5.3/out/server/src/server.js:2393:5254)\n    at U2.updateEnvironmentWith (/home/publico/.var/app/com.visualstudio.code/data/vscode/extensions/uqbar.wollok-lsp-ide-0.5.3/out/server/src/server.js:2393:4989)\n    at JF (/home/publico/.var/app/com.visualstudio.code/data/vscode/extensions/uqbar.wollok-lsp-ide-0.5.3/out/server/src/server.js:2393:7383)\n    at F3.invoke (/home/publico/.var/app/com.visualstudio.code/data/vscode/extensions/uqbar.wollok-lsp-ide-0.5.3/out/server/src/server.js:3:157334)\n    at o.fire (/home/publico/.var/app/com.visualstudio.code/data/vscode/extensions/uqbar.wollok-lsp-ide-0.5.3/out/server/src/server.js:3:158104)\n    at /home/publico/.var/app/com.visualstudio.code/data/vscode/extensions/uqbar.wollok-lsp-ide-0.5.3/out/server/src/server.js:37:57871\n    at Zr (/home/publico/.var/app/com.visualstudio.code/data/vscode/extensions/uqbar.wollok-lsp-ide-0.5.3/out/server/src/server.js:8:1561)","timestamp":"2025-10-22T15:19:17.401Z"}
{"level":"error","message":"✘ Failed to rebuild document Failed to parse src/gimnasia.wtest: \n-- PARSING FAILED --------------------------------------------------\n\n  107 | //\t}\n  108 | \t\n> 109 | }\n      | ^\n\nExpected one of the following: \n\n'@', 'class', 'const', 'describe', 'mixin', 'object', 'only', 'package', 'program', 'test', 'var', '{', EOF, comment, not \"}\", whitespace\n","stack":"Error: Failed to parse src/gimnasia.wtest: \n-- PARSING FAILED --------------------------------------------------\n\n  107 | //\t}\n  108 | \t\n> 109 | }\n      | ^\n\nExpected one of the following: \n\n'@', 'class', 'const', 'describe', 'mixin', 'object', 'only', 'package', 'program', 'test', 'var', '{', EOF, comment, not \"}\", whitespace\n\n    at /home/publico/.var/app/com.visualstudio.code/data/vscode/extensions/uqbar.wollok-lsp-ide-0.5.3/out/server/src/server.js:2348:13026\n    at Array.map (<anonymous>)\n    at W1n (/home/publico/.var/app/com.visualstudio.code/data/vscode/extensions/uqbar.wollok-lsp-ide-0.5.3/out/server/src/server.js:2348:12950)\n    at U2.buildEnvironmentFrom (/home/publico/.var/app/com.visualstudio.code/data/vscode/extensions/uqbar.wollok-lsp-ide-0.5.3/out/server/src/server.js:2393:5254)\n    at U2.updateEnvironmentWith (/home/publico/.var/app/com.visualstudio.code/data/vscode/extensions/uqbar.wollok-lsp-ide-0.5.3/out/server/src/server.js:2393:4989)\n    at JF (/home/publico/.var/app/com.visualstudio.code/data/vscode/extensions/uqbar.wollok-lsp-ide-0.5.3/out/server/src/server.js:2393:7383)\n    at F3.invoke (/home/publico/.var/app/com.visualstudio.code/data/vscode/extensions/uqbar.wollok-lsp-ide-0.5.3/out/server/src/server.js:3:157334)\n    at o.fire (/home/publico/.var/app/com.visualstudio.code/data/vscode/extensions/uqbar.wollok-lsp-ide-0.5.3/out/server/src/server.js:3:158104)\n    at /home/publico/.var/app/com.visualstudio.code/data/vscode/extensions/uqbar.wollok-lsp-ide-0.5.3/out/server/src/server.js:37:57871\n    at Zr (/home/publico/.var/app/com.visualstudio.code/data/vscode/extensions/uqbar.wollok-lsp-ide-0.5.3/out/server/src/server.js:8:1561)","timestamp":"2025-10-22T15:19:17.461Z"}
{"level":"error","message":"✘ Failed to rebuild document Failed to parse src/gimnasia.wtest: \n-- PARSING FAILED --------------------------------------------------\n\n  107 | //\t}\n  108 | \t\n> 109 | }\n      | ^\n\nExpected one of the following: \n\n'@', 'class', 'const', 'describe', 'mixin', 'object', 'only', 'package', 'program', 'test', 'var', '{', EOF, comment, not \"}\", whitespace\n","stack":"Error: Failed to parse src/gimnasia.wtest: \n-- PARSING FAILED --------------------------------------------------\n\n  107 | //\t}\n  108 | \t\n> 109 | }\n      | ^\n\nExpected one of the following: \n\n'@', 'class', 'const', 'describe', 'mixin', 'object', 'only', 'package', 'program', 'test', 'var', '{', EOF, comment, not \"}\", whitespace\n\n    at /home/publico/.var/app/com.visualstudio.code/data/vscode/extensions/uqbar.wollok-lsp-ide-0.5.3/out/server/src/server.js:2348:13026\n    at Array.map (<anonymous>)\n    at W1n (/home/publico/.var/app/com.visualstudio.code/data/vscode/extensions/uqbar.wollok-lsp-ide-0.5.3/out/server/src/server.js:2348:12950)\n    at U2.buildEnvironmentFrom (/home/publico/.var/app/com.visualstudio.code/data/vscode/extensions/uqbar.wollok-lsp-ide-0.5.3/out/server/src/server.js:2393:5254)\n    at U2.updateEnvironmentWith (/home/publico/.var/app/com.visualstudio.code/data/vscode/extensions/uqbar.wollok-lsp-ide-0.5.3/out/server/src/server.js:2393:4989)\n    at JF (/home/publico/.var/app/com.visualstudio.code/data/vscode/extensions/uqbar.wollok-lsp-ide-0.5.3/out/server/src/server.js:2393:7383)\n    at F3.invoke (/home/publico/.var/app/com.visualstudio.code/data/vscode/extensions/uqbar.wollok-lsp-ide-0.5.3/out/server/src/server.js:3:157334)\n    at o.fire (/home/publico/.var/app/com.visualstudio.code/data/vscode/extensions/uqbar.wollok-lsp-ide-0.5.3/out/server/src/server.js:3:158104)\n    at /home/publico/.var/app/com.visualstudio.code/data/vscode/extensions/uqbar.wollok-lsp-ide-0.5.3/out/server/src/server.js:37:57871\n    at Zr (/home/publico/.var/app/com.visualstudio.code/data/vscode/extensions/uqbar.wollok-lsp-ide-0.5.3/out/server/src/server.js:8:1561)","timestamp":"2025-10-22T15:19:17.512Z"}
{"level":"error","message":"✘ Failed to rebuild document Failed to parse src/gimnasia.wtest: \n-- PARSING FAILED --------------------------------------------------\n\n  107 | //\t}\n  108 | \t\n> 109 | }\n      | ^\n\nExpected one of the following: \n\n'@', 'class', 'const', 'describe', 'mixin', 'object', 'only', 'package', 'program', 'test', 'var', '{', EOF, comment, not \"}\", whitespace\n","stack":"Error: Failed to parse src/gimnasia.wtest: \n-- PARSING FAILED --------------------------------------------------\n\n  107 | //\t}\n  108 | \t\n> 109 | }\n      | ^\n\nExpected one of the following: \n\n'@', 'class', 'const', 'describe', 'mixin', 'object', 'only', 'package', 'program', 'test', 'var', '{', EOF, comment, not \"}\", whitespace\n\n    at /home/publico/.var/app/com.visualstudio.code/data/vscode/extensions/uqbar.wollok-lsp-ide-0.5.3/out/server/src/server.js:2348:13026\n    at Array.map (<anonymous>)\n    at W1n (/home/publico/.var/app/com.visualstudio.code/data/vscode/extensions/uqbar.wollok-lsp-ide-0.5.3/out/server/src/server.js:2348:12950)\n    at U2.buildEnvironmentFrom (/home/publico/.var/app/com.visualstudio.code/data/vscode/extensions/uqbar.wollok-lsp-ide-0.5.3/out/server/src/server.js:2393:5254)\n    at U2.updateEnvironmentWith (/home/publico/.var/app/com.visualstudio.code/data/vscode/extensions/uqbar.wollok-lsp-ide-0.5.3/out/server/src/server.js:2393:4989)\n    at JF (/home/publico/.var/app/com.visualstudio.code/data/vscode/extensions/uqbar.wollok-lsp-ide-0.5.3/out/server/src/server.js:2393:7383)\n    at F3.invoke (/home/publico/.var/app/com.visualstudio.code/data/vscode/extensions/uqbar.wollok-lsp-ide-0.5.3/out/server/src/server.js:3:157334)\n    at o.fire (/home/publico/.var/app/com.visualstudio.code/data/vscode/extensions/uqbar.wollok-lsp-ide-0.5.3/out/server/src/server.js:3:158104)\n    at /home/publico/.var/app/com.visualstudio.code/data/vscode/extensions/uqbar.wollok-lsp-ide-0.5.3/out/server/src/server.js:37:57871\n    at Zr (/home/publico/.var/app/com.visualstudio.code/data/vscode/extensions/uqbar.wollok-lsp-ide-0.5.3/out/server/src/server.js:8:1561)","timestamp":"2025-10-22T15:19:17.572Z"}
{"level":"error","message":"✘ Failed to rebuild document Failed to parse src/gimnasia.wtest: \n-- PARSING FAILED --------------------------------------------------\n\n  107 | //\t}\n  108 | \t\n> 109 | }\n      | ^\n\nExpected one of the following: \n\n'@', 'class', 'const', 'describe', 'mixin', 'object', 'only', 'package', 'program', 'test', 'var', '{', EOF, comment, not \"}\", whitespace\n","stack":"Error: Failed to parse src/gimnasia.wtest: \n-- PARSING FAILED --------------------------------------------------\n\n  107 | //\t}\n  108 | \t\n> 109 | }\n      | ^\n\nExpected one of the following: \n\n'@', 'class', 'const', 'describe', 'mixin', 'object', 'only', 'package', 'program', 'test', 'var', '{', EOF, comment, not \"}\", whitespace\n\n    at /home/publico/.var/app/com.visualstudio.code/data/vscode/extensions/uqbar.wollok-lsp-ide-0.5.3/out/server/src/server.js:2348:13026\n    at Array.map (<anonymous>)\n    at W1n (/home/publico/.var/app/com.visualstudio.code/data/vscode/extensions/uqbar.wollok-lsp-ide-0.5.3/out/server/src/server.js:2348:12950)\n    at U2.buildEnvironmentFrom (/home/publico/.var/app/com.visualstudio.code/data/vscode/extensions/uqbar.wollok-lsp-ide-0.5.3/out/server/src/server.js:2393:5254)\n    at U2.updateEnvironmentWith (/home/publico/.var/app/com.visualstudio.code/data/vscode/extensions/uqbar.wollok-lsp-ide-0.5.3/out/server/src/server.js:2393:4989)\n    at JF (/home/publico/.var/app/com.visualstudio.code/data/vscode/extensions/uqbar.wollok-lsp-ide-0.5.3/out/server/src/server.js:2393:7383)\n    at F3.invoke (/home/publico/.var/app/com.visualstudio.code/data/vscode/extensions/uqbar.wollok-lsp-ide-0.5.3/out/server/src/server.js:3:157334)\n    at o.fire (/home/publico/.var/app/com.visualstudio.code/data/vscode/extensions/uqbar.wollok-lsp-ide-0.5.3/out/server/src/server.js:3:158104)\n    at /home/publico/.var/app/com.visualstudio.code/data/vscode/extensions/uqbar.wollok-lsp-ide-0.5.3/out/server/src/server.js:37:57871\n    at Zr (/home/publico/.var/app/com.visualstudio.code/data/vscode/extensions/uqbar.wollok-lsp-ide-0.5.3/out/server/src/server.js:8:1561)","timestamp":"2025-10-22T15:19:17.616Z"}
{"level":"error","message":"✘ Failed to rebuild document Failed to parse src/gimnasia.wtest: \n-- PARSING FAILED --------------------------------------------------\n\n  107 | //\t}\n  108 | \t\n> 109 | }\n      | ^\n\nExpected one of the following: \n\n'@', 'class', 'const', 'describe', 'mixin', 'object', 'only', 'package', 'program', 'test', 'var', '{', EOF, comment, not \"}\", whitespace\n","stack":"Error: Failed to parse src/gimnasia.wtest: \n-- PARSING FAILED --------------------------------------------------\n\n  107 | //\t}\n  108 | \t\n> 109 | }\n      | ^\n\nExpected one of the following: \n\n'@', 'class', 'const', 'describe', 'mixin', 'object', 'only', 'package', 'program', 'test', 'var', '{', EOF, comment, not \"}\", whitespace\n\n    at /home/publico/.var/app/com.visualstudio.code/data/vscode/extensions/uqbar.wollok-lsp-ide-0.5.3/out/server/src/server.js:2348:13026\n    at Array.map (<anonymous>)\n    at W1n (/home/publico/.var/app/com.visualstudio.code/data/vscode/extensions/uqbar.wollok-lsp-ide-0.5.3/out/server/src/server.js:2348:12950)\n    at U2.buildEnvironmentFrom (/home/publico/.var/app/com.visualstudio.code/data/vscode/extensions/uqbar.wollok-lsp-ide-0.5.3/out/server/src/server.js:2393:5254)\n    at U2.updateEnvironmentWith (/home/publico/.var/app/com.visualstudio.code/data/vscode/extensions/uqbar.wollok-lsp-ide-0.5.3/out/server/src/server.js:2393:4989)\n    at JF (/home/publico/.var/app/com.visualstudio.code/data/vscode/extensions/uqbar.wollok-lsp-ide-0.5.3/out/server/src/server.js:2393:7383)\n    at F3.invoke (/home/publico/.var/app/com.visualstudio.code/data/vscode/extensions/uqbar.wollok-lsp-ide-0.5.3/out/server/src/server.js:3:157334)\n    at o.fire (/home/publico/.var/app/com.visualstudio.code/data/vscode/extensions/uqbar.wollok-lsp-ide-0.5.3/out/server/src/server.js:3:158104)\n    at /home/publico/.var/app/com.visualstudio.code/data/vscode/extensions/uqbar.wollok-lsp-ide-0.5.3/out/server/src/server.js:37:57871\n    at Zr (/home/publico/.var/app/com.visualstudio.code/data/vscode/extensions/uqbar.wollok-lsp-ide-0.5.3/out/server/src/server.js:8:1561)","timestamp":"2025-10-22T15:19:17.656Z"}
{"level":"error","message":"✘ Failed to get type description: Error: Failed to print, found malformed node Failed to print, found malformed node","node":{"id":"e03af5d6-57d1-47e7-987e-80309b5c5189","members":[{"id":"91a66e5a-0b1c-4d12-b164-15bd3bce0fe3","isConstant":true,"isProperty":false,"metadata":[{"args":{"position":"start","text":"// Punto 1: rutinas"},"name":"comment"}],"name":"correrEnLaPlaya","scope":{"containerScope":{"containerScope":{"containerScope":{"containerScope":{"contributions":{},"includedScopes":[]},"contributions":{},"includedScopes":[]},"contributions":{},"includedScopes":[{"contributions":{},"includedScopes":[]},{"contributions":{},"includedScopes":[]}]},"contributions":{},"includedScopes":[{"containerScope":{"containerScope":{"containerScope":{"contributions":{},"includedScopes":[]},"contributions":{},"includedScopes":[]},"contributions":{},"includedScopes":[]},"contributions":{},"includedScopes":[]}]},"contributions":{},"includedScopes":[]},"sourceMap":{"end":{"column":61,"line":7,"offset":138},"start":{"column":4,"line":7,"offset":81}},"value":{"args":[{"id":"b459e75a-45a7-4ad8-adf3-867cba8a14b5","metadata":[],"name":"intensidad","scope":{"containerScope":{"containerScope":{"containerScope":{"containerScope":{"containerScope":{"containerScope":{"contributions":{},"includedScopes":[]},"contributions":{},"includedScopes":[]},"contributions":{},"includedScopes":[{"contributions":{},"includedScopes":[]},{"contributions":{},"includedScopes":[]}]},"contributions":{},"includedScopes":[{"containerScope":{"containerScope":{"containerScope":{"contributions":{},"includedScopes":[]},"contributions":{},"includedScopes":[]},"contributions":{},"includedScopes":[]},"contributions":{},"includedScopes":[]}]},"contributions":{},"includedScopes":[]},"contributions":{},"includedScopes":[]},"contributions":{},"includedScopes":[]},"sourceMap":{"end":{"column":60,"line":7,"offset":137},"start":{"column":44,"line":7,"offset":121}},"value":{"id":"45e8723d-b495-4ee5-80c0-e76dce2455d7","metadata":[],"scope":{"containerScope":{"containerScope":{"containerScope":{"containerScope":{"containerScope":{"containerScope":{"containerScope":{"contributions":{},"includedScopes":[]},"contributions":{},"includedScopes":[]},"contributions":{},"includedScopes":[{"contributions":{},"includedScopes":[]},{"contributions":{},"includedScopes":[]}]},"contributions":{},"includedScopes":[{"containerScope":{"containerScope":{"containerScope":{"contributions":{},"includedScopes":[]},"contributions":{},"includedScopes":[]},"contributions":{},"includedScopes":[]},"contributions":{},"includedScopes":[]}]},"contributions":{},"includedScopes":[]},"contributions":{},"includedScopes":[]},"contributions":{},"includedScopes":[]},"contributions":{},"includedScopes":[]},"sourceMap":{"end":{"column":60,"line":7,"offset":137},"start":{"column":57,"line":7,"offset":134}},"value":1.2}}],"id":"c40640e9-5341-4764-a4a1-12bfd6ef7702","instantiated":{"id":"17b80462-252c-4af4-b02e-3995852615c9","metadata":[],"name":"Running","scope":{"containerScope":{"containerScope":{"containerScope":{"containerScope":{"containerScope":{"containerScope":{"contributions":{},"includedScopes":[]},"contributions":{},"includedScopes":[]},"contributions":{},"includedScopes":[{"contributions":{},"includedScopes":[]},{"contributions":{},"includedScopes":[]}]},"contributions":{},"includedScopes":[{"containerScope":{"containerScope":{"containerScope":{"contributions":{},"includedScopes":[]},"contributions":{},"includedScopes":[]},"contributions":{},"includedScopes":[]},"contributions":{},"includedScopes":[]}]},"contributions":{},"includedScopes":[]},"contributions":{},"includedScopes":[]},"contributions":{},"includedScopes":[]},"sourceMap":{"end":{"column":43,"line":7,"offset":120},"start":{"column":36,"line":7,"offset":113}}},"metadata":[],"scope":{"containerScope":{"containerScope":{"containerScope":{"containerScope":{"containerScope":{"contributions":{},"includedScopes":[]},"contributions":{},"includedScopes":[]},"contributions":{},"includedScopes":[{"contributions":{},"includedScopes":[]},{"contributions":{},"includedScopes":[]}]},"contributions":{},"includedScopes":[{"containerScope":{"containerScope":{"containerScope":{"contributions":{},"includedScopes":[]},"contributions":{},"includedScopes":[]},"contributions":{},"includedScopes":[]},"contributions":{},"includedScopes":[]}]},"contributions":{},"includedScopes":[]},"contributions":{},"includedScopes":[]},"sourceMap":{"end":{"column":61,"line":7,"offset":138},"start":{"column":32,"line":7,"offset":109}}}},{"id":"b348cb9d-2af1-4d3b-9579-6f5f2986f0d1","isConstant":true,"isProperty":false,"metadata":[],"name":"maratonBA","scope":{"containerScope":{"containerScope":{"containerScope":{"containerScope":{"contributions":{},"includedScopes":[]},"contributions":{},"includedScopes":[]},"contributions":{},"includedScopes":[{"contributions":{},"includedScopes":[]},{"contributions":{},"includedScopes":[]}]},"contributions":{},"includedScopes":[{"containerScope":{"containerScope":{"containerScope":{"contributions":{},"includedScopes":[]},"contributions":{},"includedScopes":[]},"contributions":{},"includedScopes":[]},"contributions":{},"includedScopes":[]}]},"contributions":{},"includedScopes":[]},"sourceMap":{"end":{"column":57,"line":8,"offset":195},"start":{"column":2,"line":8,"offset":140}},"value":{"args":[{"id":"5525c8ef-a619-4665-bb13-644d17a7be57","metadata":[],"name":"intensidad","scope":{"containerScope":{"containerScope":{"containerScope":{"containerScope":{"containerScope":{"containerScope":{"contributions":{},"includedScopes":[]},"contributions":{},"includedScopes":[]},"contributions":{},"includedScopes":[{"contributions":{},"includedScopes":[]},{"contributions":{},"includedScopes":[]}]},"contributions":{},"includedScopes":[{"containerScope":{"containerScope":{"containerScope":{"contributions":{},"includedScopes":[]},"contributions":{},"includedScopes":[]},"contributions":{},"includedScopes":[]},"contributions":{},"includedScopes":[]}]},"contributions":{},"includedScopes":[]},"contributions":{},"includedScopes":[]},"contributions":{},"includedScopes":[]},"sourceMap":{"end":{"column":56,"line":8,"offset":194},"start":{"column":40,"line":8,"offset":178}},"value":{"id":"e81289f9-9b17-41c9-b880-49e36cecdfb5","metadata":[],"scope":{"containerScope":{"containerScope":{"containerScope":{"containerScope":{"containerScope":{"containerScope":{"containerScope":{"contributions":{},"includedScopes":[]},"contributions":{},"includedScopes":[]},"contributions":{},"includedScopes":[{"contributions":{},"includedScopes":[]},{"contributions":{},"includedScopes":[]}]},"contributions":{},"includedScopes":[{"containerScope":{"containerScope":{"containerScope":{"contributions":{},"includedScopes":[]},"contributions":{},"includedScopes":[]},"contributions":{},"includedScopes":[]},"contributions":{},"includedScopes":[]}]},"contributions":{},"includedScopes":[]},"contributions":{},"includedScopes":[]},"contributions":{},"includedScopes":[]},"contributions":{},"includedScopes":[]},"sourceMap":{"end":{"column":56,"line":8,"offset":194},"start":{"column":53,"line":8,"offset":191}},"value":1.5}}],"id":"39e16b03-d2ce-42e6-bf87-df29decee9ad","instantiated":{"id":"fa5ae931-688e-422b-b344-0c03cf00f14a","metadata":[],"name":"Maraton","scope":{"containerScope":{"containerScope":{"containerScope":{"containerScope":{"containerScope":{"containerScope":{"contributions":{},"includedScopes":[]},"contributions":{},"includedScopes":[]},"contributions":{},"includedScopes":[{"contributions":{},"includedScopes":[]},{"contributions":{},"includedScopes":[]}]},"contributions":{},"includedScopes":[{"containerScope":{"containerScope":{"containerScope":{"contributions":{},"includedScopes":[]},"contributions":{},"includedScopes":[]},"contributions":{},"includedScopes":[]},"contributions":{},"includedScopes":[]}]},"contributions":{},"includedScopes":[]},"contributions":{},"includedScopes":[]},"contributions":{},"includedScopes":[]},"sourceMap":{"end":{"column":39,"line":8,"offset":177},"start":{"column":32,"line":8,"offset":170}}},"metadata":[],"scope":{"containerScope":{"containerScope":{"containerScope":{"containerScope":{"containerScope":{"contributions":{},"includedScopes":[]},"contributions":{},"includedScopes":[]},"contributions":{},"includedScopes":[{"contributions":{},"includedScopes":[]},{"contributions":{},"includedScopes":[]}]},"contributions":{},"includedScopes":[{"containerScope":{"containerScope":{"containerScope":{"contributions":{},"includedScopes":[]},"contributions":{},"includedScopes":[]},"contributions":{},"includedScopes":[]},"contributions":{},"includedScopes":[]}]},"contributions":{},"includedScopes":[]},"contributions":{},"includedScopes":[]},"sourceMap":{"end":{"column":57,"line":8,"offset":195},"start":{"column":28,"line":8,"offset":166}}}},{"id":"4d3e2069-817a-474a-af38-b463904fe656","isConstant":true,"isProperty":false,"metadata":[],"name":"remarEnElDelta","scope":{"containerScope":{"containerScope":{"containerScope":{"containerScope":{"contributions":{},"includedScopes":[]},"contributions":{},"includedScopes":[]},"contributions":{},"includedScopes":[{"contributions":{},"includedScopes":[]},{"contributions":{},"includedScopes":[]}]},"contributions":{},"includedScopes":[{"containerScope":{"containerScope":{"containerScope":{"contributions":{},"includedScopes":[]},"contributions":{},"includedScopes":[]},"contributions":{},"includedScopes":[]},"contributions":{},"includedScopes":[]}]},"contributions":{},"includedScopes":[]},"sourceMap":{"end":{"column":41,"line":9,"offset":236},"start":{"column":2,"line":9,"offset":197}},"value":{"args":[],"id":"9e4bbe4b-a7cc-4fa6-b4c5-7507c8c78b2d","instantiated":{"id":"9dc5ed39-9574-44c0-8972-fa4490075b7f","metadata":[],"name":"Remo","scope":{"containerScope":{"containerScope":{"containerScope":{"containerScope":{"containerScope":{"containerScope":{"contributions":{},"includedScopes":[]},"contributions":{},"includedScopes":[]},"contributions":{},"includedScopes":[{"contributions":{},"includedScopes":[]},{"contributions":{},"includedScopes":[]}]},"contributions":{},"includedScopes":[{"containerScope":{"containerScope":{"containerScope":{"contributions":{},"includedScopes":[]},"contributions":{},"includedScopes":[]},"contributions":{},"includedScopes":[]},"contributions":{},"includedScopes":[]}]},"contributions":{},"includedScopes":[]},"contributions":{},"includedScopes":[]},"contributions":{},"includedScopes":[]},"sourceMap":{"end":{"column":39,"line":9,"offset":234},"start":{"column":35,"line":9,"offset":230}}},"metadata":[],"scope":{"containerScope":{"containerScope":{"containerScope":{"containerScope":{"containerScope":{"contributions":{},"includedScopes":[]},"contributions":{},"includedScopes":[]},"contributions":{},"includedScopes":[{"contributions":{},"includedScopes":[]},{"contributions":{},"includedScopes":[]}]},"contributions":{},"includedScopes":[{"containerScope":{"containerScope":{"containerScope":{"contributions":{},"includedScopes":[]},"contributions":{},"includedScopes":[]},"contributions":{},"includedScopes":[]},"contributions":{},"includedScopes":[]}]},"contributions":{},"includedScopes":[]},"contributions":{},"includedScopes":[]},"sourceMap":{"end":{"column":41,"line":9,"offset":236},"start":{"column":31,"line":9,"offset":226}}}},{"id":"04899661-0d6a-4e5f-92bf-5ac2c8dd093e","isConstant":true,"isProperty":false,"metadata":[],"name":"remarEnCaminoRemeros","scope":{"containerScope":{"containerScope":{"containerScope":{"containerScope":{"contributions":{},"includedScopes":[]},"contributions":{},"includedScopes":[]},"contributions":{},"includedScopes":[{"contributions":{},"includedScopes":[]},{"contributions":{},"includedScopes":[]}]},"contributions":{},"includedScopes":[{"containerScope":{"containerScope":{"containerScope":{"contributions":{},"includedScopes":[]},"contributions":{},"includedScopes":[]},"contributions":{},"includedScopes":[]},"contributions":{},"includedScopes":[]}]},"contributions":{},"includedScopes":[]},"sourceMap":{"end":{"column":54,"line":10,"offset":290},"start":{"column":2,"line":10,"offset":238}},"value":{"args":[],"id":"8676e7a3-533a-4b84-9dfa-61b45fd599ee","instantiated":{"id":"9e657700-371e-4d6d-9c5c-7e3cacae059d","metadata":[],"name":"RemoDeCompeticion","scope":{"containerScope":{"containerScope":{"containerScope":{"containerScope":{"containerScope":{"containerScope":{"contributions":{},"includedScopes":[]},"contributions":{},"includedScopes":[]},"contributions":{},"includedScopes":[{"contributions":{},"includedScopes":[]},{"contributions":{},"includedScopes":[]}]},"contributions":{},"includedScopes":[{"containerScope":{"containerScope":{"containerScope":{"contributions":{},"includedScopes":[]},"contributions":{},"includedScopes":[]},"contributions":{},"includedScopes":[]},"contributions":{},"includedScopes":[]}]},"contributions":{},"includedScopes":[]},"contributions":{},"includedScopes":[]},"contributions":{},"includedScopes":[]},"sourceMap":{"end":{"column":52,"line":10,"offset":288},"start":{"column":35,"line":10,"offset":271}}},"metadata":[],"scope":{"containerScope":{"containerScope":{"containerScope":{"containerScope":{"containerScope":{"contributions":{},"includedScopes":[]},"contributions":{},"includedScopes":[]},"contributions":{},"includedScopes":[{"contributions":{},"includedScopes":[]},{"contributions":{},"includedScopes":[]}]},"contributions":{},"includedScopes":[{"containerScope":{"containerScope":{"containerScope":{"contributions":{},"includedScopes":[]},"contributions":{},"includedScopes":[]},"contributions":{},"includedScopes":[]},"contributions":{},"includedScopes":[]}]},"contributions":{},"includedScopes":[]},"contributions":{},"includedScopes":[]},"sourceMap":{"end":{"column":54,"line":10,"offset":290},"start":{"column":31,"line":10,"offset":267}}}},{"id":"d80330c5-7109-49e7-a4e3-b48dfea6ef81","isConstant":true,"isProperty":false,"metadata":[{"args":{"position":"start","text":"//Punto 2: personas"},"name":"comment"}],"name":"calamardo","scope":{"containerScope":{"containerScope":{"containerScope":{"containerScope":{"contributions":{},"includedScopes":[]},"contributions":{},"includedScopes":[]},"contributions":{},"includedScopes":[{"contributions":{},"includedScopes":[]},{"contributions":{},"includedScopes":[]}]},"contributions":{},"includedScopes":[{"containerScope":{"containerScope":{"containerScope":{"contributions":{},"includedScopes":[]},"contributions":{},"includedScopes":[]},"contributions":{},"includedScopes":[]},"contributions":{},"includedScopes":[]}]},"contributions":{},"includedScopes":[]},"sourceMap":{"end":{"column":8,"line":14,"offset":399},"start":{"column":2,"line":13,"offset":313}},"value":{"id":"efe2504c-4c7c-400f-97b3-9b360ffb68e1","metadata":[{"args":{"position":"start","text":"//Una persona Sedentaria con peso 60 y tiempo de ejercicio 5"},"name":"comment"}],"name":"const","scope":{"containerScope":{"containerScope":{"containerScope":{"containerScope":{"containerScope":{"contributions":{},"includedScopes":[]},"contributions":{},"includedScopes":[]},"contributions":{},"includedScopes":[{"contributions":{},"includedScopes":[]},{"contributions":{},"includedScopes":[]}]},"contributions":{},"includedScopes":[{"containerScope":{"containerScope":{"containerScope":{"contributions":{},"includedScopes":[]},"contributions":{},"includedScopes":[]},"contributions":{},"includedScopes":[]},"contributions":{},"includedScopes":[]}]},"contributions":{},"includedScopes":[]},"contributions":{},"includedScopes":[]},"sourceMap":{"end":{"column":8,"line":14,"offset":399},"start":{"column":3,"line":14,"offset":394}}}},{"body":{"id":"58d7eb32-4f94-4264-ae25-5f8c692715b6","metadata":[],"problems":[],"scope":{"containerScope":{"containerScope":{"containerScope":{"containerScope":{"containerScope":{"contributions":{},"includedScopes":[]},"contributions":{},"includedScopes":[]},"contributions":{},"includedScopes":[{"contributions":{},"includedScopes":[]},{"contributions":{},"includedScopes":[]}]},"contributions":{},"includedScopes":[{"containerScope":{"containerScope":{"containerScope":{"contributions":{},"includedScopes":[]},"contributions":{},"includedScopes":[]},"contributions":{},"includedScopes":[]},"contributions":{},"includedScopes":[]}]},"contributions":{},"includedScopes":[]},"contributions":{},"includedScopes":[]},"sentences":[{"args":[{"id":"1d832512-e203-4b72-b0ad-7b9ac785f119","metadata":[],"scope":{"containerScope":{"containerScope":{"containerScope":{"containerScope":{"containerScope":{"containerScope":{"containerScope":{"contributions":{},"includedScopes":[]},"contributions":{},"includedScopes":[]},"contributions":{},"includedScopes":[{"contributions":{},"includedScopes":[]},{"contributions":{},"includedScopes":[]}]},"contributions":{},"includedScopes":[{"containerScope":{"containerScope":{"containerScope":{"contributions":{},"includedScopes":[]},"contributions":{},"includedScopes":[]},"contributions":{},"includedScopes":[]},"contributions":{},"includedScopes":[]}]},"contributions":{},"includedScopes":[]},"contributions":{},"includedScopes":[]},"contributions":{},"includedScopes":[]},"contributions":{},"includedScopes":[]},"sourceMap":{"end":{"column":20,"line":24,"offset":713},"start":{"column":17,"line":24,"offset":710}},"value":360},{"args":[{"id":"403594e1-e1d7-4349-86af-5dd0bac18299","metadata":[],"scope":{"containerScope":{"containerScope":{"containerScope":{"containerScope":{"containerScope":{"containerScope":{"containerScope":{"containerScope":{"contributions":{},"includedScopes":[]},"contributions":{},"includedScopes":[]},"contributions":{},"includedScopes":[{"contributions":{},"includedScopes":[]},{"contributions":{},"includedScopes":[]}]},"contributions":{},"includedScopes":[{"containerScope":{"containerScope":{"containerScope":{"contributions":{},"includedScopes":[]},"contributions":{},"includedScopes":[]},"contributions":{},"includedScopes":[]},"contributions":{},"includedScopes":[]}]},"contributions":{},"includedScopes":[]},"contributions":{},"includedScopes":[]},"contributions":{},"includedScopes":[]},"contributions":{},"includedScopes":[]},"contributions":{},"includedScopes":[]},"sourceMap":{"end":{"column":55,"line":24,"offset":748},"start":{"column":54,"line":24,"offset":747}},"value":5}],"id":"a4ce5608-e101-4478-9ec0-2efa42c41dfd","message":"caloriasAQuemar","metadata":[],"receiver":{"id":"327acd5c-7058-47d2-b8d1-1db0d5c1c371","metadata":[],"name":"correrEnLaPlaya","scope":{"containerScope":{"containerScope":{"containerScope":{"containerScope":{"containerScope":{"containerScope":{"containerScope":{"containerScope":{"contributions":{},"includedScopes":[]},"contributions":{},"includedScopes":[]},"contributions":{},"includedScopes":[{"contributions":{},"includedScopes":[]},{"contributions":{},"includedScopes":[]}]},"contributions":{},"includedScopes":[{"containerScope":{"containerScope":{"containerScope":{"contributions":{},"includedScopes":[]},"contributions":{},"includedScopes":[]},"contributions":{},"includedScopes":[]},"contributions":{},"includedScopes":[]}]},"contributions":{},"includedScopes":[]},"contributions":{},"includedScopes":[]},"contributions":{},"includedScopes":[]},"contributions":{},"includedScopes":[]},"contributions":{},"includedScopes":[]},"sourceMap":{"end":{"column":37,"line":24,"offset":730},"start":{"column":22,"line":24,"offset":715}}},"scope":{"containerScope":{"containerScope":{"containerScope":{"containerScope":{"containerScope":{"containerScope":{"containerScope":{"contributions":{},"includedScopes":[]},"contributions":{},"includedScopes":[]},"contributions":{},"includedScopes":[{"contributions":{},"includedScopes":[]},{"contributions":{},"includedScopes":[]}]},"contributions":{},"includedScopes":[{"containerScope":{"containerScope":{"containerScope":{"contributions":{},"includedScopes":[]},"contributions":{},"includedScopes":[]},"contributions":{},"includedScopes":[]},"contributions":{},"includedScopes":[]}]},"contributions":{},"includedScopes":[]},"contributions":{},"includedScopes":[]},"contributions":{},"includedScopes":[]},"contributions":{},"includedScopes":[]},"sourceMap":{"end":{"column":56,"line":24,"offset":749},"start":{"column":22,"line":24,"offset":715}}}],"id":"0ade34c5-9921-4dc6-aa92-8e123abd3677","message":"equals","metadata":[],"receiver":{"id":"09003ce0-1544-4f86-8e89-1a6b7a951f7e","metadata":[],"name":"assert","scope":{"containerScope":{"containerScope":{"containerScope":{"containerScope":{"containerScope":{"containerScope":{"containerScope":{"contributions":{},"includedScopes":[]},"contributions":{},"includedScopes":[]},"contributions":{},"includedScopes":[{"contributions":{},"includedScopes":[]},{"contributions":{},"includedScopes":[]}]},"contributions":{},"includedScopes":[{"containerScope":{"containerScope":{"containerScope":{"contributions":{},"includedScopes":[]},"contributions":{},"includedScopes":[]},"contributions":{},"includedScopes":[]},"contributions":{},"includedScopes":[]}]},"contributions":{},"includedScopes":[]},"contributions":{},"includedScopes":[]},"contributions":{},"includedScopes":[]},"contributions":{},"includedScopes":[]},"sourceMap":{"end":{"column":9,"line":24,"offset":702},"start":{"column":3,"line":24,"offset":696}}},"scope":{"containerScope":{"containerScope":{"containerScope":{"containerScope":{"containerScope":{"containerScope":{"contributions":{},"includedScopes":[]},"contributions":{},"includedScopes":[]},"contributions":{},"includedScopes":[{"contributions":{},"includedScopes":[]},{"contributions":{},"includedScopes":[]}]},"contributions":{},"includedScopes":[{"containerScope":{"containerScope":{"containerScope":{"contributions":{},"includedScopes":[]},"contributions":{},"includedScopes":[]},"contributions":{},"includedScopes":[]},"contributions":{},"includedScopes":[]}]},"contributions":{},"includedScopes":[]},"contributions":{},"includedScopes":[]},"contributions":{},"includedScopes":[]},"sourceMap":{"end":{"column":57,"line":24,"offset":750},"start":{"column":3,"line":24,"offset":696}}},{"args":[{"id":"eccc32f1-d92e-45ce-a17d-6c1f0f78d66c","metadata":[],"scope":{"containerScope":{"containerScope":{"containerScope":{"containerScope":{"containerScope":{"containerScope":{"containerScope":{"contributions":{},"includedScopes":[]},"contributions":{},"includedScopes":[]},"contributions":{},"includedScopes":[{"contributions":{},"includedScopes":[]},{"contributions":{},"includedScopes":[]}]},"contributions":{},"includedScopes":[{"containerScope":{"containerScope":{"containerScope":{"contributions":{},"includedScopes":[]},"contributions":{},"includedScopes":[]},"contributions":{},"includedScopes":[]},"contributions":{},"includedScopes":[]}]},"contributions":{},"includedScopes":[]},"contributions":{},"includedScopes":[]},"contributions":{},"includedScopes":[]},"contributions":{},"includedScopes":[]},"sourceMap":{"end":{"column":22,"line":25,"offset":772},"start":{"column":17,"line":25,"offset":767}},"value":10200},{"args":[{"id":"b38ecbbd-99a8-4486-8f63-2049072f57de","metadata":[],"scope":{"containerScope":{"containerScope":{"containerScope":{"containerScope":{"containerScope":{"containerScope":{"containerScope":{"containerScope":{"contributions":{},"includedScopes":[]},"contributions":{},"includedScopes":[]},"contributions":{},"includedScopes":[{"contributions":{},"includedScopes":[]},{"contributions":{},"includedScopes":[]}]},"contributions":{},"includedScopes":[{"containerScope":{"containerScope":{"containerScope":{"contributions":{},"includedScopes":[]},"contributions":{},"includedScopes":[]},"contributions":{},"includedScopes":[]},"contributions":{},"includedScopes":[]}]},"contributions":{},"includedScopes":[]},"contributions":{},"includedScopes":[]},"contributions":{},"includedScopes":[]},"contributions":{},"includedScopes":[]},"contributions":{},"includedScopes":[]},"sourceMap":{"end":{"column":58,"line":25,"offset":808},"start":{"column":56,"line":25,"offset":806}},"value":90}],"id":"d78cf5ae-2879-4cb2-b806-9ecf6d737122","message":"caloriasAQuemar","metadata":[],"receiver":{"id":"a8593a10-5012-4f2c-805c-fd2274469b9f","metadata":[],"name":"correrEnLaPlaya","scope":{"containerScope":{"containerScope":{"containerScope":{"containerScope":{"containerScope":{"containerScope":{"containerScope":{"containerScope":{"contributions":{},"includedScopes":[]},"contributions":{},"includedScopes":[]},"contributions":{},"includedScopes":[{"contributions":{},"includedScopes":[]},{"contributions":{},"includedScopes":[]}]},"contributions":{},"includedScopes":[{"containerScope":{"containerScope":{"containerScope":{"contributions":{},"includedScopes":[]},"contributions":{},"includedScopes":[]},"contributions":{},"includedScopes":[]},"contributions":{},"includedScopes":[]}]},"contributions":{},"includedScopes":[]},"contributions":{},"includedScopes":[]},"contributions":{},"includedScopes":[]},"contributions":{},"includedScopes":[]},"contributions":{},"includedScopes":[]},"sourceMap":{"end":{"column":39,"line":25,"offset":789},"start":{"column":24,"line":25,"offset":774}}},"scope":{"containerScope":{"containerScope":{"containerScope":{"containerScope":{"containerScope":{"containerScope":{"containerScope":{"contributions":{},"includedScopes":[]},"contributions":{},"includedScopes":[]},"contributions":{},"includedScopes":[{"contributions":{},"includedScopes":[]},{"contributions":{},"includedScopes":[]}]},"contributions":{},"includedScopes":[{"containerScope":{"containerScope":{"containerScope":{"contributions":{},"includedScopes":[]},"contributions":{},"includedScopes":[]},"contributions":{},"includedScopes":[]},"contributions":{},"includedScopes":[]}]},"contributions":{},"includedScopes":[]},"contributions":{},"includedScopes":[]},"contributions":{},"includedScopes":[]},"contributions":{},"includedScopes":[]},"sourceMap":{"end":{"column":59,"line":25,"offset":809},"start":{"column":24,"line":25,"offset":774}}}],"id":"7cead8be-8858-4c86-865e-041258bf7e44","message":"equals","metadata":[],"receiver":{"id":"8707b4c0-3dbd-40c6-9078-2c6b300641ca","metadata":[],"name":"assert","scope":{"containerScope":{"containerScope":{"containerScope":{"containerScope":{"containerScope":{"containerScope":{"containerScope":{"contributions":{},"includedScopes":[]},"contributions":{},"includedScopes":[]},"contributions":{},"includedScopes":[{"contributions":{},"includedScopes":[]},{"contributions":{},"includedScopes":[]}]},"contributions":{},"includedScopes":[{"containerScope":{"containerScope":{"containerScope":{"contributions":{},"includedScopes":[]},"contributions":{},"includedScopes":[]},"contributions":{},"includedScopes":[]},"contributions":{},"includedScopes":[]}]},"contributions":{},"includedScopes":[]},"contributions":{},"includedScopes":[]},"contributions":{},"includedScopes":[]},"contributions":{},"includedScopes":[]},"sourceMap":{"end":{"column":9,"line":25,"offset":759},"start":{"column":3,"line":25,"offset":753}}},"scope":{"containerScope":{"containerScope":{"containerScope":{"containerScope":{"containerScope":{"containerScope":{"contributions":{},"includedScopes":[]},"contributions":{},"includedScopes":[]},"contributions":{},"includedScopes":[{"contributions":{},"includedScopes":[]},{"contributions":{},"includedScopes":[]}]},"contributions":{},"includedScopes":[{"containerScope":{"containerScope":{"containerScope":{"contributions":{},"includedScopes":[]},"contributions":{},"includedScopes":[]},"contributions":{},"includedScopes":[]},"contributions":{},"includedScopes":[]}]},"contributions":{},"includedScopes":[]},"contributions":{},"includedScopes":[]},"contributions":{},"includedScopes":[]},"sourceMap":{"end":{"column":60,"line":25,"offset":810},"start":{"column":3,"line":25,"offset":753}}}],"sourceMap":{"end":{"column":3,"line":26,"offset":813},"start":{"column":30,"line":23,"offset":692}}},"id":"f240ba84-d0d0-4e02-bb9c-19cbe7b0b1a2","isOnly":false,"metadata":[{"args":{"position":"start","text":"//Punto 3: clubes"},"name":"comment"},{"args":{"position":"start","text":"//const recreo = //un predio con correrEnLaPlaya y maratonBA"},"name":"comment"},{"args":{"position":"start","text":"//const nautico = //un predio con remarEnElDelta y remarEnCaminoRemeros"},"name":"comment"},{"args":{"position":"start","text":"//const clubBarrial = //un club con recreo y nautico"},"name":"comment"},{"args":{"position":"start","text":"// PUNTO 1"},"name":"comment"}],"name":"\"1.1 consulta running\"","scope":{"containerScope":{"containerScope":{"containerScope":{"containerScope":{"contributions":{},"includedScopes":[]},"contributions":{},"includedScopes":[]},"contributions":{},"includedScopes":[{"contributions":{},"includedScopes":[]},{"contributions":{},"includedScopes":[]}]},"contributions":{},"includedScopes":[{"containerScope":{"containerScope":{"containerScope":{"contributions":{},"includedScopes":[]},"contributions":{},"includedScopes":[]},"contributions":{},"includedScopes":[]},"contributions":{},"includedScopes":[]}]},"contributions":{},"includedScopes":[]},"sourceMap":{"end":{"column":3,"line":26,"offset":813},"start":{"column":2,"line":23,"offset":664}}},{"body":{"id":"f38828f6-4af8-4bc6-abce-8f9829d74a62","metadata":[],"problems":[],"scope":{"containerScope":{"containerScope":{"containerScope":{"containerScope":{"containerScope":{"contributions":{},"includedScopes":[]},"contributions":{},"includedScopes":[]},"contributions":{},"includedScopes":[{"contributions":{},"includedScopes":[]},{"contributions":{},"includedScopes":[]}]},"contributions":{},"includedScopes":[{"containerScope":{"containerScope":{"containerScope":{"contributions":{},"includedScopes":[]},"contributions":{},"includedScopes":[]},"contributions":{},"includedScopes":[]},"contributions":{},"includedScopes":[]}]},"contributions":{},"includedScopes":[]},"contributions":{},"includedScopes":[]},"sentences":[{"args":[{"id":"2141318f-2f0a-4904-af32-ed4a7a739bba","metadata":[],"scope":{"containerScope":{"containerScope":{"containerScope":{"containerScope":{"containerScope":{"containerScope":{"containerScope":{"contributions":{},"includedScopes":[]},"contributions":{},"includedScopes":[]},"contributions":{},"includedScopes":[{"contributions":{},"includedScopes":[]},{"contributions":{},"includedScopes":[]}]},"contributions":{},"includedScopes":[{"containerScope":{"containerScope":{"containerScope":{"contributions":{},"includedScopes":[]},"contributions":{},"includedScopes":[]},"contributions":{},"includedScopes":[]},"contributions":{},"includedScopes":[]}]},"contributions":{},"includedScopes":[]},"contributions":{},"includedScopes":[]},"contributions":{},"includedScopes":[]},"contributions":{},"includedScopes":[]},"sourceMap":{"end":{"column":20,"line":29,"offset":865},"start":{"column":17,"line":29,"offset":862}},"value":900},{"args":[{"id":"662f6ecc-5873-4512-ab5c-96c209c5caa4","metadata":[],"scope":{"containerScope":{"containerScope":{"containerScope":{"containerScope":{"containerScope":{"containerScope":{"containerScope":{"containerScope":{"contributions":{},"includedScopes":[]},"contributions":{},"includedScopes":[]},"contributions":{},"includedScopes":[{"contributions":{},"includedScopes":[]},{"contributions":{},"includedScopes":[]}]},"contributions":{},"includedScopes":[{"containerScope":{"containerScope":{"containerScope":{"contributions":{},"includedScopes":[]},"contributions":{},"includedScopes":[]},"contributions":{},"includedScopes":[]},"contributions":{},"includedScopes":[]}]},"contributions":{},"includedScopes":[]},"contributions":{},"includedScopes":[]},"contributions":{},"includedScopes":[]},"contributions":{},"includedScopes":[]},"contributions":{},"includedScopes":[]},"sourceMap":{"end":{"column":49,"line":29,"offset":894},"start":{"column":48,"line":29,"offset":893}},"value":5}],"id":"de61653e-151d-4131-bc7d-ea2bc425ebdd","message":"caloriasAQuemar","metadata":[],"receiver":{"id":"537b7c44-4ff3-4178-ae6f-baae49866a5b","metadata":[],"name":"maratonBA","scope":{"containerScope":{"containerScope":{"containerScope":{"containerScope":{"containerScope":{"containerScope":{"containerScope":{"containerScope":{"contributions":{},"includedScopes":[]},"contributions":{},"includedScopes":[]},"contributions":{},"includedScopes":[{"contributions":{},"includedScopes":[]},{"contributions":{},"includedScopes":[]}]},"contributions":{},"includedScopes":[{"containerScope":{"containerScope":{"containerScope":{"contributions":{},"includedScopes":[]},"contributions":{},"includedScopes":[]},"contributions":{},"includedScopes":[]},"contributions":{},"includedScopes":[]}]},"contributions":{},"includedScopes":[]},"contributions":{},"includedScopes":[]},"contributions":{},"includedScopes":[]},"contributions":{},"includedScopes":[]},"contributions":{},"includedScopes":[]},"sourceMap":{"end":{"column":31,"line":29,"offset":876},"start":{"column":22,"line":29,"offset":867}}},"scope":{"containerScope":{"containerScope":{"containerScope":{"containerScope":{"containerScope":{"containerScope":{"containerScope":{"contributions":{},"includedScopes":[]},"contributions":{},"includedScopes":[]},"contributions":{},"includedScopes":[{"contributions":{},"includedScopes":[]},{"contributions":{},"includedScopes":[]}]},"contributions":{},"includedScopes":[{"containerScope":{"containerScope":{"containerScope":{"contributions":{},"includedScopes":[]},"contributions":{},"includedScopes":[]},"contributions":{},"includedScopes":[]},"contributions":{},"includedScopes":[]}]},"contributions":{},"includedScopes":[]},"contributions":{},"includedScopes":[]},"contributions":{},"includedScopes":[]},"contributions":{},"includedScopes":[]},"sourceMap":{"end":{"column":50,"line":29,"offset":895},"start":{"column":22,"line":29,"offset":867}}}],"id":"6ae98b2a-fdc3-42ea-94f7-21899fb79f67","message":"equals","metadata":[],"receiver":{"id":"24562639-5f53-45d2-ad18-6425b8d745d4","metadata":[],"name":"assert","scope":{"containerScope":{"containerScope":{"containerScope":{"containerScope":{"containerScope":{"containerScope":{"containerScope":{"contributions":{},"includedScopes":[]},"contributions":{},"includedScopes":[]},"contributions":{},"includedScopes":[{"contributions":{},"includedScopes":[]},{"contributions":{},"includedScopes":[]}]},"contributions":{},"includedScopes":[{"containerScope":{"containerScope":{"containerScope":{"contributions":{},"includedScopes":[]},"contributions":{},"includedScopes":[]},"contributions":{},"includedScopes":[]},"contributions":{},"includedScopes":[]}]},"contributions":{},"includedScopes":[]},"contributions":{},"includedScopes":[]},"contributions":{},"includedScopes":[]},"contributions":{},"includedScopes":[]},"sourceMap":{"end":{"column":9,"line":29,"offset":854},"start":{"column":3,"line":29,"offset":848}}},"scope":{"containerScope":{"containerScope":{"containerScope":{"containerScope":{"containerScope":{"containerScope":{"contributions":{},"includedScopes":[]},"contributions":{},"includedScopes":[]},"contributions":{},"includedScopes":[{"contributions":{},"includedScopes":[]},{"contributions":{},"includedScopes":[]}]},"contributions":{},"includedScopes":[{"containerScope":{"containerScope":{"containerScope":{"contributions":{},"includedScopes":[]},"contributions":{},"includedScopes":[]},"contributions":{},"includedScopes":[]},"contributions":{},"includedScopes":[]}]},"contributions":{},"includedScopes":[]},"contributions":{},"includedScopes":[]},"contributions":{},"includedScopes":[]},"sourceMap":{"end":{"column":51,"line":29,"offset":896},"start":{"column":3,"line":29,"offset":848}}},{"args":[{"id":"c8c8e73b-0150-44fa-a18d-431fc374f7ae","metadata":[],"scope":{"containerScope":{"containerScope":{"containerScope":{"containerScope":{"containerScope":{"containerScope":{"containerScope":{"contributions":{},"includedScopes":[]},"contributions":{},"includedScopes":[]},"contributions":{},"includedScopes":[{"contributions":{},"includedScopes":[]},{"contributions":{},"includedScopes":[]}]},"contributions":{},"includedScopes":[{"containerScope":{"containerScope":{"containerScope":{"contributions":{},"includedScopes":[]},"contributions":{},"includedScopes":[]},"contributions":{},"includedScopes":[]},"contributions":{},"includedScopes":[]}]},"contributions":{},"includedScopes":[]},"contributions":{},"includedScopes":[]},"contributions":{},"includedScopes":[]},"contributions":{},"includedScopes":[]},"sourceMap":{"end":{"column":22,"line":30,"offset":918},"start":{"column":17,"line":30,"offset":913}},"value":25500},{"args":[{"id":"5f34cd4c-9fc3-4842-8d99-9fab5c19ca1c","metadata":[],"scope":{"containerScope":{"containerScope":{"containerScope":{"containerScope":{"containerScope":{"containerScope":{"containerScope":{"containerScope":{"contributions":{},"includedScopes":[]},"contributions":{},"includedScopes":[]},"contributions":{},"includedScopes":[{"contributions":{},"includedScopes":[]},{"contributions":{},"includedScopes":[]}]},"contributions":{},"includedScopes":[{"containerScope":{"containerScope":{"containerScope":{"contributions":{},"includedScopes":[]},"contributions":{},"includedScopes":[]},"contributions":{},"includedScopes":[]},"contributions":{},"includedScopes":[]}]},"contributions":{},"includedScopes":[]},"contributions":{},"includedScopes":[]},"contributions":{},"includedScopes":[]},"contributions":{},"includedScopes":[]},"contributions":{},"includedScopes":[]},"sourceMap":{"end":{"column":52,"line":30,"offset":948},"start":{"column":50,"line":30,"offset":946}},"value":90}],"id":"06d121b2-76e9-4b82-a674-d74fa88ef2ba","message":"caloriasAQuemar","metadata":[],"receiver":{"id":"3b4c1276-4ad7-41f4-8a57-f9efb2e2462f","metadata":[],"name":"maratonBA","scope":{"containerScope":{"containerScope":{"containerScope":{"containerScope":{"containerScope":{"containerScope":{"containerScope":{"containerScope":{"contributions":{},"includedScopes":[]},"contributions":{},"includedScopes":[]},"contributions":{},"includedScopes":[{"contributions":{},"includedScopes":[]},{"contributions":{},"includedScopes":[]}]},"contributions":{},"includedScopes":[{"containerScope":{"containerScope":{"containerScope":{"contributions":{},"includedScopes":[]},"contributions":{},"includedScopes":[]},"contributions":{},"includedScopes":[]},"contributions":{},"includedScopes":[]}]},"contributions":{},"includedScopes":[]},"contributions":{},"includedScopes":[]},"contributions":{},"includedScopes":[]},"contributions":{},"includedScopes":[]},"contributions":{},"includedScopes":[]},"sourceMap":{"end":{"column":33,"line":30,"offset":929},"start":{"column":24,"line":30,"offset":920}}},"scope":{"containerScope":{"containerScope":{"containerScope":{"containerScope":{"containerScope":{"containerScope":{"containerScope":{"contributions":{},"includedScopes":[]},"contributions":{},"includedScopes":[]},"contributions":{},"includedScopes":[{"contributions":{},"includedScopes":[]},{"contributions":{},"includedScopes":[]}]},"contributions":{},"includedScopes":[{"containerScope":{"containerScope":{"containerScope":{"contributions":{},"includedScopes":[]},"contributions":{},"includedScopes":[]},"contributions":{},"includedScopes":[]},"contributions":{},"includedScopes":[]}]},"contributions":{},"includedScopes":[]},"contributions":{},"includedScopes":[]},"contributions":{},"includedScopes":[]},"contributions":{},"includedScopes":[]},"sourceMap":{"end":{"column":53,"line":30,"offset":949},"start":{"column":24,"line":30,"offset":920}}}],"id":"26553850-d72c-4fe8-9af1-04c6abe14a5c","message":"equals","metadata":[],"receiver":{"id":"c27899ed-d00e-42bc-8af0-5db9e88d1d46","metadata":[],"name":"assert","scope":{"containerScope":{"containerScope":{"containerScope":{"containerScope":{"containerScope":{"containerScope":{"containerScope":{"contributions":{},"includedScopes":[]},"contributions":{},"includedScopes":[]},"contributions":{},"includedScopes":[{"contributions":{},"includedScopes":[]},{"contributions":{},"includedScopes":[]}]},"contributions":{},"includedScopes":[{"containerScope":{"containerScope":{"containerScope":{"contributions":{},"includedScopes":[]},"contributions":{},"includedScopes":[]},"contributions":{},"includedScopes":[]},"contributions":{},"includedScopes":[]}]},"contributions":{},"includedScopes":[]},"contributions":{},"includedScopes":[]},"contributions":{},"includedScopes":[]},"contributions":{},"includedScopes":[]},"sourceMap":{"end":{"column":9,"line":30,"offset":905},"start":{"column":3,"line":30,"offset":899}}},"scope":{"containerScope":{"containerScope":{"containerScope":{"containerScope":{"containerScope":{"containerScope":{"contributions":{},"includedScopes":[]},"contributions":{},"includedScopes":[]},"contributions":{},"includedScopes":[{"contributions":{},"includedScopes":[]},{"contributions":{},"includedScopes":[]}]},"contributions":{},"includedScopes":[{"containerScope":{"containerScope":{"containerScope":{"contributions":{},"includedScopes":[]},"contributions":{},"includedScopes":[]},"contributions":{},"includedScopes":[]},"contributions":{},"includedScopes":[]}]},"contributions":{},"includedScopes":[]},"contributions":{},"includedScopes":[]},"contributions":{},"includedScopes":[]},"sourceMap":{"end":{"column":54,"line":30,"offset":950},"start":{"column":3,"line":30,"offset":899}}}],"sourceMap":{"end":{"column":3,"line":31,"offset":953},"start":{"column":30,"line":28,"offset":844}}},"id":"6f3c649f-e4ec-4ae0-9891-d3c5e4b26902","isOnly":false,"metadata":[],"name":"\"1.2 consulta maraton\"","scope":{"containerScope":{"containerScope":{"containerScope":{"containerScope":{"contributions":{},"includedScopes":[]},"contributions":{},"includedScopes":[]},"contributions":{},"includedScopes":[{"contributions":{},"includedScopes":[]},{"contributions":{},"includedScopes":[]}]},"contributions":{},"includedScopes":[{"containerScope":{"containerScope":{"containerScope":{"contributions":{},"includedScopes":[]},"contributions":{},"includedScopes":[]},"contributions":{},"includedScopes":[]},"contributions":{},"includedScopes":[]}]},"contributions":{},"includedScopes":[]},"sourceMap":{"end":{"column":3,"line":31,"offset":953},"start":{"column":2,"line":28,"offset":816}}},{"body":{"id":"ddbfc5d8-c8ce-4282-bd4c-7b08d2bb4ac0","metadata":[],"problems":[],"scope":{"containerScope":{"containerScope":{"containerScope":{"containerScope":{"containerScope":{"contributions":{},"includedScopes":[]},"contributions":{},"includedScopes":[]},"contributions":{},"includedScopes":[{"contributions":{},"includedScopes":[]},{"contributions":{},"includedScopes":[]}]},"contributions":{},"includedScopes":[{"containerScope":{"containerScope":{"containerScope":{"contributions":{},"includedScopes":[]},"contributions":{},"includedScopes":[]},"contributions":{},"includedScopes":[]},"contributions":{},"includedScopes":[]}]},"contributions":{},"includedScopes":[]},"contributions":{},"includedScopes":[]},"sentences":[{"args":[{"id":"13382c2f-dd98-4765-9a16-4795a9c99344","metadata":[],"scope":{"containerScope":{"containerScope":{"containerScope":{"containerScope":{"containerScope":{"containerScope":{"containerScope":{"contributions":{},"includedScopes":[]},"contributions":{},"includedScopes":[]},"contributions":{},"includedScopes":[{"contributions":{},"includedScopes":[]},{"contributions":{},"includedScopes":[]}]},"contributions":{},"includedScopes":[{"containerScope":{"containerScope":{"containerScope":{"contributions":{},"includedScopes":[]},"contributions":{},"includedScopes":[]},"contributions":{},"includedScopes":[]},"contributions":{},"includedScopes":[]}]},"contributions":{},"includedScopes":[]},"contributions":{},"includedScopes":[]},"contributions":{},"includedScopes":[]},"contributions":{},"includedScopes":[]},"sourceMap":{"end":{"column":20,"line":34,"offset":1002},"start":{"column":17,"line":34,"offset":999}},"value":520},{"args":[{"id":"e6e0a602-3bfa-43ee-9cfb-6b90cfbacb28","metadata":[],"scope":{"containerScope":{"containerScope":{"containerScope":{"containerScope":{"containerScope":{"containerScope":{"containerScope":{"containerScope":{"contributions":{},"includedScopes":[]},"contributions":{},"includedScopes":[]},"contributions":{},"includedScopes":[{"contributions":{},"includedScopes":[]},{"contributions":{},"includedScopes":[]}]},"contributions":{},"includedScopes":[{"containerScope":{"containerScope":{"containerScope":{"contributions":{},"includedScopes":[]},"contributions":{},"includedScopes":[]},"contributions":{},"includedScopes":[]},"contributions":{},"includedScopes":[]}]},"contributions":{},"includedScopes":[]},"contributions":{},"includedScopes":[]},"contributions":{},"includedScopes":[]},"contributions":{},"includedScopes":[]},"contributions":{},"includedScopes":[]},"sourceMap":{"end":{"column":54,"line":34,"offset":1036},"start":{"column":53,"line":34,"offset":1035}},"value":5}],"id":"2f101cc7-d174-4028-b9e3-565eca425527","message":"caloriasAQuemar","metadata":[],"receiver":{"id":"f2086c24-6521-46e3-a8e2-ed215cc8a788","metadata":[],"name":"remarEnElDelta","scope":{"containerScope":{"containerScope":{"containerScope":{"containerScope":{"containerScope":{"containerScope":{"containerScope":{"containerScope":{"contributions":{},"includedScopes":[]},"contributions":{},"includedScopes":[]},"contributions":{},"includedScopes":[{"contributions":{},"includedScopes":[]},{"contributions":{},"includedScopes":[]}]},"contributions":{},"includedScopes":[{"containerScope":{"containerScope":{"containerScope":{"contributions":{},"includedScopes":[]},"contributions":{},"includedScopes":[]},"contributions":{},"includedScopes":[]},"contributions":{},"includedScopes":[]}]},"contributions":{},"includedScopes":[]},"contributions":{},"includedScopes":[]},"contributions":{},"includedScopes":[]},"contributions":{},"includedScopes":[]},"contributions":{},"includedScopes":[]},"sourceMap":{"end":{"column":36,"line":34,"offset":1018},"start":{"column":22,"line":34,"offset":1004}}},"scope":{"containerScope":{"containerScope":{"containerScope":{"containerScope":{"containerScope":{"containerScope":{"containerScope":{"contributions":{},"includedScopes":[]},"contributions":{},"includedScopes":[]},"contributions":{},"includedScopes":[{"contributions":{},"includedScopes":[]},{"contributions":{},"includedScopes":[]}]},"contributions":{},"includedScopes":[{"containerScope":{"containerScope":{"containerScope":{"contributions":{},"includedScopes":[]},"contributions":{},"includedScopes":[]},"contributions":{},"includedScopes":[]},"contributions":{},"includedScopes":[]}]},"contributions":{},"includedScopes":[]},"contributions":{},"includedScopes":[]},"contributions":{},"includedScopes":[]},"contributions":{},"includedScopes":[]},"sourceMap":{"end":{"column":55,"line":34,"offset":1037},"start":{"column":22,"line":34,"offset":1004}}}],"id":"9bc093c3-0f00-4aa3-91cd-ebf06f9e103f","message":"equals","metadata":[],"receiver":{"id":"52a448e8-8c94-4e7e-bf04-86bc915b83a3","metadata":[],"name":"assert","scope":{"containerScope":{"containerScope":{"containerScope":{"containerScope":{"containerScope":{"containerScope":{"containerScope":{"contributions":{},"includedScopes":[]},"contributions":{},"includedScopes":[]},"contributions":{},"includedScopes":[{"contributions":{},"includedScopes":[]},{"contributions":{},"includedScopes":[]}]},"contributions":{},"includedScopes":[{"containerScope":{"containerScope":{"containerScope":{"contributions":{},"includedScopes":[]},"contributions":{},"includedScopes":[]},"contributions":{},"includedScopes":[]},"contributions":{},"includedScopes":[]}]},"contributions":{},"includedScopes":[]},"contributions":{},"includedScopes":[]},"contributions":{},"includedScopes":[]},"contributions":{},"includedScopes":[]},"sourceMap":{"end":{"column":9,"line":34,"offset":991},"start":{"column":3,"line":34,"offset":985}}},"scope":{"containerScope":{"containerScope":{"containerScope":{"containerScope":{"containerScope":{"containerScope":{"contributions":{},"includedScopes":[]},"contributions":{},"includedScopes":[]},"contributions":{},"includedScopes":[{"contributions":{},"includedScopes":[]},{"contributions":{},"includedScopes":[]}]},"contributions":{},"includedScopes":[{"containerScope":{"containerScope":{"containerScope":{"contributions":{},"includedScopes":[]},"contributions":{},"includedScopes":[]},"contributions":{},"includedScopes":[]},"contributions":{},"includedScopes":[]}]},"contributions":{},"includedScopes":[]},"contributions":{},"includedScopes":[]},"contributions":{},"includedScopes":[]},"sourceMap":{"end":{"column":56,"line":34,"offset":1038},"start":{"column":3,"line":34,"offset":985}}},{"args":[{"id":"b24c8137-43a4-407a-bdfe-70377ef5312e","metadata":[],"scope":{"containerScope":{"containerScope":{"containerScope":{"containerScope":{"containerScope":{"containerScope":{"containerScope":{"contributions":{},"includedScopes":[]},"contributions":{},"includedScopes":[]},"contributions":{},"includedScopes":[{"contributions":{},"includedScopes":[]},{"contributions":{},"includedScopes":[]}]},"contributions":{},"includedScopes":[{"containerScope":{"containerScope":{"containerScope":{"contributions":{},"includedScopes":[]},"contributions":{},"includedScopes":[]},"contributions":{},"includedScopes":[]},"contributions":{},"includedScopes":[]}]},"contributions":{},"includedScopes":[]},"contributions":{},"includedScopes":[]},"contributions":{},"includedScopes":[]},"contributions":{},"includedScopes":[]},"sourceMap":{"end":{"column":21,"line":35,"offset":1059},"start":{"column":17,"line":35,"offset":1055}},"value":9360},{"args":[{"id":"d611992a-a256-4bdc-b489-895ab3296115","metadata":[],"scope":{"containerScope":{"containerScope":{"containerScope":{"containerScope":{"containerScope":{"containerScope":{"containerScope":{"containerScope":{"contributions":{},"includedScopes":[]},"contributions":{},"includedScopes":[]},"contributions":{},"includedScopes":[{"contributions":{},"includedScopes":[]},{"contributions":{},"includedScopes":[]}]},"contributions":{},"includedScopes":[{"containerScope":{"containerScope":{"containerScope":{"contributions":{},"includedScopes":[]},"contributions":{},"includedScopes":[]},"contributions":{},"includedScopes":[]},"contributions":{},"includedScopes":[]}]},"contributions":{},"includedScopes":[]},"contributions":{},"includedScopes":[]},"contributions":{},"includedScopes":[]},"contributions":{},"includedScopes":[]},"contributions":{},"includedScopes":[]},"sourceMap":{"end":{"column":56,"line":35,"offset":1094},"start":{"column":54,"line":35,"offset":1092}},"value":90}],"id":"46840c47-c056-4748-adff-05a6bcff465d","message":"caloriasAQuemar","metadata":[],"receiver":{"id":"2a29df1d-e52a-45d3-9e3f-e782fb974789","metadata":[],"name":"remarEnElDelta","scope":{"containerScope":{"containerScope":{"containerScope":{"containerScope":{"containerScope":{"containerScope":{"containerScope":{"containerScope":{"contributions":{},"includedScopes":[]},"contributions":{},"includedScopes":[]},"contributions":{},"includedScopes":[{"contributions":{},"includedScopes":[]},{"contributions":{},"includedScopes":[]}]},"contributions":{},"includedScopes":[{"containerScope":{"containerScope":{"containerScope":{"contributions":{},"includedScopes":[]},"contributions":{},"includedScopes":[]},"contributions":{},"includedScopes":[]},"contributions":{},"includedScopes":[]}]},"contributions":{},"includedScopes":[]},"contributions":{},"includedScopes":[]},"contributions":{},"includedScopes":[]},"contributions":{},"includedScopes":[]},"contributions":{},"includedScopes":[]},"sourceMap":{"end":{"column":37,"line":35,"offset":1075},"start":{"column":23,"line":35,"offset":1061}}},"scope":{"containerScope":{"containerScope":{"containerScope":{"containerScope":{"containerScope":{"containerScope":{"containerScope":{"contributions":{},"includedScopes":[]},"contributions":{},"includedScopes":[]},"contributions":{},"includedScopes":[{"contributions":{},"includedScopes":[]},{"contributions":{},"includedScopes":[]}]},"contributions":{},"includedScopes":[{"containerScope":{"containerScope":{"containerScope":{"contributions":{},"includedScopes":[]},"contributions":{},"includedScopes":[]},"contributions":{},"includedScopes":[]},"contributions":{},"includedScopes":[]}]},"contributions":{},"includedScopes":[]},"contributions":{},"includedScopes":[]},"contributions":{},"includedScopes":[]},"contributions":{},"includedScopes":[]},"sourceMap":{"end":{"column":57,"line":35,"offset":1095},"start":{"column":23,"line":35,"offset":1061}}}],"id":"aca423d1-8ba1-4b9c-8116-9267d69d6293","message":"equals","metadata":[],"receiver":{"id":"5a134a09-c478-4978-bddd-56fcd09f8891","metadata":[],"name":"assert","scope":{"containerScope":{"containerScope":{"containerScope":{"containerScope":{"containerScope":{"containerScope":{"containerScope":{"contributions":{},"includedScopes":[]},"contributions":{},"includedScopes":[]},"contributions":{},"includedScopes":[{"contributions":{},"includedScopes":[]},{"contributions":{},"includedScopes":[]}]},"contributions":{},"includedScopes":[{"containerScope":{"containerScope":{"containerScope":{"contributions":{},"includedScopes":[]},"contributions":{},"includedScopes":[]},"contributions":{},"includedScopes":[]},"contributions":{},"includedScopes":[]}]},"contributions":{},"includedScopes":[]},"contributions":{},"includedScopes":[]},"contributions":{},"includedScopes":[]},"contributions":{},"includedScopes":[]},"sourceMap":{"end":{"column":9,"line":35,"offset":1047},"start":{"column":3,"line":35,"offset":1041}}},"scope":{"containerScope":{"containerScope":{"containerScope":{"containerScope":{"containerScope":{"containerScope":{"contributions":{},"includedScopes":[]},"contributions":{},"includedScopes":[]},"contributions":{},"includedScopes":[{"contributions":{},"includedScopes":[]},{"contributions":{},"includedScopes":[]}]},"contributions":{},"includedScopes":[{"containerScope":{"containerScope":{"containerScope":{"contributions":{},"includedScopes":[]},"contributions":{},"includedScopes":[]},"contributions":{},"includedScopes":[]},"contributions":{},"includedScopes":[]}]},"contributions":{},"includedScopes":[]},"contributions":{},"includedScopes":[]},"contributions":{},"includedScopes":[]},"sourceMap":{"end":{"column":58,"line":35,"offset":1096},"start":{"column":3,"line":35,"offset":1041}}}],"sourceMap":{"end":{"column":3,"line":36,"offset":1099},"start":{"column":27,"line":33,"offset":981}}},"id":"4ac5e536-3724-40e8-b1b7-12776162499c","isOnly":false,"metadata":[],"name":"\"1.3 consulta remo\"","scope":{"containerScope":{"containerScope":{"containerScope":{"containerScope":{"contributions":{},"includedScopes":[]},"contributions":{},"includedScopes":[]},"contributions":{},"includedScopes":[{"contributions":{},"includedScopes":[]},{"contributions":{},"includedScopes":[]}]},"contributions":{},"includedScopes":[{"containerScope":{"containerScope":{"containerScope":{"contributions":{},"includedScopes":[]},"contributions":{},"includedScopes":[]},"contributions":{},"includedScopes":[]},"contributions":{},"includedScopes":[]}]},"contributions":{},"includedScopes":[]},"sourceMap":{"end":{"column":3,"line":36,"offset":1099},"start":{"column":2,"line":33,"offset":956}}},{"body":{"id":"14c4a848-7fd4-4cb2-9896-d387545f5f79","metadata":[],"problems":[],"scope":{"containerScope":{"containerScope":{"containerScope":{"containerScope":{"containerScope":{"contributions":{},"includedScopes":[]},"contributions":{},"includedScopes":[]},"contributions":{},"includedScopes":[{"contributions":{},"includedScopes":[]},{"contributions":{},"includedScopes":[]}]},"contributions":{},"includedScopes":[{"containerScope":{"containerScope":{"containerScope":{"contributions":{},"includedScopes":[]},"contributions":{},"includedScopes":[]},"contributions":{},"includedScopes":[]},"contributions":{},"includedScopes":[]}]},"contributions":{},"includedScopes":[]},"contributions":{},"includedScopes":[]},"sentences":[{"args":[{"id":"cb5f16f9-21b3-425f-b6ab-9118e2f6b29e","metadata":[],"scope":{"containerScope":{"containerScope":{"containerScope":{"containerScope":{"containerScope":{"containerScope":{"containerScope":{"contributions":{},"includedScopes":[]},"contributions":{},"includedScopes":[]},"contributions":{},"includedScopes":[{"contributions":{},"includedScopes":[]},{"contributions":{},"includedScopes":[]}]},"contributions":{},"includedScopes":[{"containerScope":{"containerScope":{"containerScope":{"contributions":{},"includedScopes":[]},"contributions":{},"includedScopes":[]},"contributions":{},"includedScopes":[]},"contributions":{},"includedScopes":[]}]},"contributions":{},"includedScopes":[]},"contributions":{},"includedScopes":[]},"contributions":{},"includedScopes":[]},"contributions":{},"includedScopes":[]},"sourceMap":{"end":{"column":20,"line":39,"offset":1160},"start":{"column":17,"line":39,"offset":1157}},"value":510},{"args":[{"id":"d9ec86fd-29cb-4427-9ba9-ac369d2a7883","metadata":[],"scope":{"containerScope":{"containerScope":{"containerScope":{"containerScope":{"containerScope":{"containerScope":{"containerScope":{"containerScope":{"contributions":{},"includedScopes":[]},"contributions":{},"includedScopes":[]},"contributions":{},"includedScopes":[{"contributions":{},"includedScopes":[]},{"contributions":{},"includedScopes":[]}]},"contributions":{},"includedScopes":[{"containerScope":{"containerScope":{"containerScope":{"contributions":{},"includedScopes":[]},"contributions":{},"includedScopes":[]},"contributions":{},"includedScopes":[]},"contributions":{},"includedScopes":[]}]},"contributions":{},"includedScopes":[]},"contributions":{},"includedScopes":[]},"contributions":{},"includedScopes":[]},"contributions":{},"includedScopes":[]},"contributions":{},"includedScopes":[]},"sourceMap":{"end":{"column":60,"line":39,"offset":1200},"start":{"column":59,"line":39,"offset":1199}},"value":5}],"id":"c56782ee-c6f5-4478-87d3-ea60215e46fa","message":"caloriasAQuemar","metadata":[],"receiver":{"id":"428093a2-28e3-4795-9743-ba2b41d48640","metadata":[],"name":"remarEnCaminoRemeros","scope":{"containerScope":{"containerScope":{"containerScope":{"containerScope":{"containerScope":{"containerScope":{"containerScope":{"containerScope":{"contributions":{},"includedScopes":[]},"contributions":{},"includedScopes":[]},"contributions":{},"includedScopes":[{"contributions":{},"includedScopes":[]},{"contributions":{},"includedScopes":[]}]},"contributions":{},"includedScopes":[{"containerScope":{"containerScope":{"containerScope":{"contributions":{},"includedScopes":[]},"contributions":{},"includedScopes":[]},"contributions":{},"includedScopes":[]},"contributions":{},"includedScopes":[]}]},"contributions":{},"includedScopes":[]},"contributions":{},"includedScopes":[]},"contributions":{},"includedScopes":[]},"contributions":{},"includedScopes":[]},"contributions":{},"includedScopes":[]},"sourceMap":{"end":{"column":42,"line":39,"offset":1182},"start":{"column":22,"line":39,"offset":1162}}},"scope":{"containerScope":{"containerScope":{"containerScope":{"containerScope":{"containerScope":{"containerScope":{"containerScope":{"contributions":{},"includedScopes":[]},"contributions":{},"includedScopes":[]},"contributions":{},"includedScopes":[{"contributions":{},"includedScopes":[]},{"contributions":{},"includedScopes":[]}]},"contributions":{},"includedScopes":[{"containerScope":{"containerScope":{"containerScope":{"contributions":{},"includedScopes":[]},"contributions":{},"includedScopes":[]},"contributions":{},"includedScopes":[]},"contributions":{},"includedScopes":[]}]},"contributions":{},"includedScopes":[]},"contributions":{},"includedScopes":[]},"contributions":{},"includedScopes":[]},"contributions":{},"includedScopes":[]},"sourceMap":{"end":{"column":61,"line":39,"offset":1201},"start":{"column":22,"line":39,"offset":1162}}}],"id":"b0c95cec-b6e9-49f4-92af-8d993978b956","message":"equals","metadata":[],"receiver":{"id":"c8c6fa2d-9cdc-4d92-9244-6f3c4344cd0d","metadata":[],"name":"assert","scope":{"containerScope":{"containerScope":{"containerScope":{"containerScope":{"containerScope":{"containerScope":{"containerScope":{"contributions":{},"includedScopes":[]},"contributions":{},"includedScopes":[]},"contributions":{},"includedScopes":[{"contributions":{},"includedScopes":[]},{"contributions":{},"includedScopes":[]}]},"contributions":{},"includedScopes":[{"containerScope":{"containerScope":{"containerScope":{"contributions":{},"includedScopes":[]},"contributions":{},"includedScopes":[]},"contributions":{},"includedScopes":[]},"contributions":{},"includedScopes":[]}]},"contributions":{},"includedScopes":[]},"contributions":{},"includedScopes":[]},"contributions":{},"includedScopes":[]},"contributions":{},"includedScopes":[]},"sourceMap":{"end":{"column":9,"line":39,"offset":1149},"start":{"column":3,"line":39,"offset":1143}}},"scope":{"containerScope":{"containerScope":{"containerScope":{"containerScope":{"containerScope":{"containerScope":{"contributions":{},"includedScopes":[]},"contributions":{},"includedScopes":[]},"contributions":{},"includedScopes":[{"contributions":{},"includedScopes":[]},{"contributions":{},"includedScopes":[]}]},"contributions":{},"includedScopes":[{"containerScope":{"containerScope":{"containerScope":{"contributions":{},"includedScopes":[]},"contributions":{},"includedScopes":[]},"contributions":{},"includedScopes":[]},"contributions":{},"includedScopes":[]}]},"contributions":{},"includedScopes":[]},"contributions":{},"includedScopes":[]},"contributions":{},"includedScopes":[]},"sourceMap":{"end":{"column":62,"line":39,"offset":1202},"start":{"column":3,"line":39,"offset":1143}}},{"args":[{"id":"aaa64e29-697b-40aa-990d-b55dc2412bd1","metadata":[],"scope":{"containerScope":{"containerScope":{"containerScope":{"containerScope":{"containerScope":{"containerScope":{"containerScope":{"contributions":{},"includedScopes":[]},"contributions":{},"includedScopes":[]},"contributions":{},"includedScopes":[{"contributions":{},"includedScopes":[]},{"contributions":{},"includedScopes":[]}]},"contributions":{},"includedScopes":[{"containerScope":{"containerScope":{"containerScope":{"contributions":{},"includedScopes":[]},"contributions":{},"includedScopes":[]},"contributions":{},"includedScopes":[]},"contributions":{},"includedScopes":[]}]},"contributions":{},"includedScopes":[]},"contributions":{},"includedScopes":[]},"contributions":{},"includedScopes":[]},"contributions":{},"includedScopes":[]},"sourceMap":{"end":{"column":22,"line":40,"offset":1224},"start":{"column":17,"line":40,"offset":1219}},"value":12750},{"args":[{"id":"aa6e27b3-bfc1-4e4a-ba8d-2f1140cfaa7d","metadata":[],"scope":{"containerScope":{"containerScope":{"containerScope":{"containerScope":{"containerScope":{"containerScope":{"containerScope":{"containerScope":{"contributions":{},"includedScopes":[]},"contributions":{},"includedScopes":[]},"contributions":{},"includedScopes":[{"contributions":{},"includedScopes":[]},{"contributions":{},"includedScopes":[]}]},"contributions":{},"includedScopes":[{"containerScope":{"containerScope":{"containerScope":{"contributions":{},"includedScopes":[]},"contributions":{},"includedScopes":[]},"contributions":{},"includedScopes":[]},"contributions":{},"includedScopes":[]}]},"contributions":{},"includedScopes":[]},"contributions":{},"includedScopes":[]},"contributions":{},"includedScopes":[]},"contributions":{},"includedScopes":[]},"contributions":{},"includedScopes":[]},"sourceMap":{"end":{"column":63,"line":40,"offset":1265},"start":{"column":61,"line":40,"offset":1263}},"value":90}],"id":"75e16ed9-87ba-442d-a918-ca788f5f6876","message":"caloriasAQuemar","metadata":[],"receiver":{"id":"e673eada-0fc8-432d-9aaa-2fe6b4c2ff06","metadata":[],"name":"remarEnCaminoRemeros","scope":{"containerScope":{"containerScope":{"containerScope":{"containerScope":{"containerScope":{"containerScope":{"containerScope":{"containerScope":{"contributions":{},"includedScopes":[]},"contributions":{},"includedScopes":[]},"contributions":{},"includedScopes":[{"contributions":{},"includedScopes":[]},{"contributions":{},"includedScopes":[]}]},"contributions":{},"includedScopes":[{"containerScope":{"containerScope":{"containerScope":{"contributions":{},"includedScopes":[]},"contributions":{},"includedScopes":[]},"contributions":{},"includedScopes":[]},"contributions":{},"includedScopes":[]}]},"contributions":{},"includedScopes":[]},"contributions":{},"includedScopes":[]},"contributions":{},"includedScopes":[]},"contributions":{},"includedScopes":[]},"contributions":{},"includedScopes":[]},"sourceMap":{"end":{"column":44,"line":40,"offset":1246},"start":{"column":24,"line":40,"offset":1226}}},"scope":{"containerScope":{"containerScope":{"containerScope":{"containerScope":{"containerScope":{"containerScope":{"containerScope":{"contributions":{},"includedScopes":[]},"contributions":{},"includedScopes":[]},"contributions":{},"includedScopes":[{"contributions":{},"includedScopes":[]},{"contributions":{},"includedScopes":[]}]},"contributions":{},"includedScopes":[{"containerScope":{"containerScope":{"containerScope":{"contributions":{},"includedScopes":[]},"contributions":{},"includedScopes":[]},"contributions":{},"includedScopes":[]},"contributions":{},"includedScopes":[]}]},"contributions":{},"includedScopes":[]},"contributions":{},"includedScopes":[]},"contributions":{},"includedScopes":[]},"contributions":{},"includedScopes":[]},"sourceMap":{"end":{"column":64,"line":40,"offset":1266},"start":{"column":24,"line":40,"offset":1226}}}],"id":"41a9f5be-8802-464c-930d-c2a70d6fc892","message":"equals","metadata":[],"receiver":{"id":"01380149-753b-49a1-a8c8-879512c0f0ae","metadata":[],"name":"assert","scope":{"containerScope":{"containerScope":{"containerScope":{"containerScope":{"containerScope":{"containerScope":{"containerScope":{"contributions":{},"includedScopes":[]},"contributions":{},"includedScopes":[]},"contributions":{},"includedScopes":[{"contributions":{},"includedScopes":[]},{"contributions":{},"includedScopes":[]}]},"contributions":{},"includedScopes":[{"containerScope":{"containerScope":{"containerScope":{"contributions":{},"includedScopes":[]},"contributions":{},"includedScopes":[]},"contributions":{},"includedScopes":[]},"contributions":{},"includedScopes":[]}]},"contributions":{},"includedScopes":[]},"contributions":{},"includedScopes":[]},"contributions":{},"includedScopes":[]},"contributions":{},"includedScopes":[]},"sourceMap":{"end":{"column":9,"line":40,"offset":1211},"start":{"column":3,"line":40,"offset":1205}}},"scope":{"containerScope":{"containerScope":{"containerScope":{"containerScope":{"containerScope":{"containerScope":{"contributions":{},"includedScopes":[]},"contributions":{},"includedScopes":[]},"contributions":{},"includedScopes":[{"contributions":{},"includedScopes":[]},{"contributions":{},"includedScopes":[]}]},"contributions":{},"includedScopes":[{"containerScope":{"containerScope":{"containerScope":{"contributions":{},"includedScopes":[]},"contributions":{},"includedScopes":[]},"contributions":{},"includedScopes":[]},"contributions":{},"includedScopes":[]}]},"contributions":{},"includedScopes":[]},"contributions":{},"includedScopes":[]},"contributions":{},"includedScopes":[]},"sourceMap":{"end":{"column":65,"line":40,"offset":1267},"start":{"column":3,"line":40,"offset":1205}}}],"sourceMap":{"end":{"column":3,"line":41,"offset":1270},"start":{"column":39,"line":38,"offset":1139}}},"id":"fb13b11a-f1b0-4849-bb89-b6e19d87783f","isOnly":false,"metadata":[],"name":"\"1.4 consulta remo competitivo\"","scope":{"containerScope":{"containerScope":{"containerScope":{"containerScope":{"contributions":{},"includedScopes":[]},"contributions":{},"includedScopes":[]},"contributions":{},"includedScopes":[{"contributions":{},"includedScopes":[]},{"contributions":{},"includedScopes":[]}]},"contributions":{},"includedScopes":[{"containerScope":{"containerScope":{"containerScope":{"contributions":{},"includedScopes":[]},"contributions":{},"includedScopes":[]},"contributions":{},"includedScopes":[]},"contributions":{},"includedScopes":[]}]},"contributions":{},"includedScopes":[]},"sourceMap":{"end":{"column":3,"line":41,"offset":1270},"start":{"column":2,"line":38,"offset":1102}}}],"metadata":[{"args":{"position":"inner","text":"//Punto 2: Personas"},"name":"comment"},{"args":{"position":"inner","text":"//ATENCION: usar el metodo truncate(3) para truncar un numero a 3 decimales"},"name":"comment"},{"args":{"position":"inner","text":"// Ej: 1.2345.truncate(3) -> devuelve 1.234 "},"name":"comment"},{"args":{"position":"inner","text":"//\ttest '2.1.1 test sedentario running' {"},"name":"comment"},{"args":{"position":"inner","text":"//\t\t// hacer que calamardo practique correrEnLaPlaya"},"name":"comment"},{"args":{"position":"inner","text":"//\t\t// el peso de calamardo debería ser 59.948 (truncado a 3 decimales)"},"name":"comment"},{"args":{"position":"inner","text":"//\t} "},"name":"comment"},{"args":{"position":"inner","text":"//\ttest '2.1.2 test sedentario maraton' {"},"name":"comment"},{"args":{"position":"inner","text":"//\t\t// hacer que calamardo practique maratonBA"},"name":"comment"},{"args":{"position":"inner","text":"//\t\t// el peso de calamardo debería ser 59.871 (truncado a 3 decimales)"},"name":"comment"},{"args":{"position":"inner","text":"//\t} "},"name":"comment"},{"args":{"position":"inner","text":"//\ttest '2.1.3 test sedentario remo' {"},"name":"comment"},{"args":{"position":"inner","text":"//\t\t// hacer que calamardo practique remarEnElDelta"},"name":"comment"},{"args":{"position":"inner","text":"//\t\t// el peso de calamardo debería ser 59.925 (truncado a 3 decimales)"},"name":"comment"},{"args":{"position":"inner","text":"//\t} "},"name":"comment"},{"args":{"position":"inner","text":"//\ttest '2.1.3 test sedentario remo competicion' {"},"name":"comment"},{"args":{"position":"inner","text":"//\t\t// hacer que calamardo practique remarEnCaminoRemeros"},"name":"comment"},{"args":{"position":"inner","text":"//\t\t// el peso de calamardo debería ser 59.927 (truncado a 3 decimales)"},"name":"comment"},{"args":{"position":"inner","text":"//\t} "},"name":"comment"},{"args":{"position":"inner","text":"//\ttest '2.1.5 test sedentario no puede practicar' {"},"name":"comment"},{"args":{"position":"inner","text":"//\t\t// Hacer que el peso de calamardo sea 40"},"name":"comment"},{"args":{"position":"inner","text":"//\t\t// hacer que calamardo practique correrEnLaPlaya (NO SE PUEDE!)"},"name":"comment"},{"args":{"position":"inner","text":"//\t\t// el peso de calamardo debería ser 40 "},"name":"comment"},{"args":{"position":"inner","text":"//\t} "},"name":"comment"},{"args":{"position":"inner","text":"//\ttest \"2.2.1 test atleta running\" {"},"name":"comment"},{"args":{"position":"inner","text":"//\t\t// hacer que bob practique correrEnLaPlaya"},"name":"comment"},{"args":{"position":"inner","text":"//\t\t// el peso de bob debería ser 39.725 (truncado a 3 decimales)"},"name":"comment"},{"args":{"position":"inner","text":"//\t }"},"name":"comment"},{"args":{"position":"inner","text":"//\ttest \"2.2.2 test atleta maraton\" {"},"name":"comment"},{"args":{"position":"inner","text":"//\t\t// hacer que bob practique maratonBA"},"name":"comment"},{"args":{"position":"inner","text":"//\t\t// el peso de bob debería ser 37.812 (truncado a 3 decimales)"},"name":"comment"},{"args":{"position":"inner","text":"//\t }"},"name":"comment"},{"args":{"position":"inner","text":"//\ttest \"2.2.3 test atleta remo\" {"},"name":"comment"},{"args":{"position":"inner","text":"//\t\t// hacer que bob practique remarEnElDelta( NO SE PUEDE!)"},"name":"comment"},{"args":{"position":"inner","text":"//\t\t// el peso de bob debería ser 40 "},"name":"comment"},{"args":{"position":"inner","text":"//\t}"},"name":"comment"},{"args":{"position":"inner","text":"//\ttest \"2.2.3 test atleta remo de competición\" {"},"name":"comment"},{"args":{"position":"inner","text":"//\t\t// hacer que bob practique remarEnCaminoRemeros"},"name":"comment"},{"args":{"position":"inner","text":"//\t\t// el peso de bob debería ser 39.406"},"name":"comment"},{"args":{"position":"inner","text":"//\t}"},"name":"comment"},{"args":{"position":"inner","text":"//punto 3: Consultas"},"name":"comment"},{"args":{"position":"inner","text":"//\ttest \"3.1 el mejor predio\" {"},"name":"comment"},{"args":{"position":"inner","text":"//\t\t//El mejor predio del clubBarrial para bob debería ser recreo\t\t"},"name":"comment"},{"args":{"position":"inner","text":"//\t\t//El mejor predio del clubBarrial para calamardo debería ser recreo\t\t"},"name":"comment"},{"args":{"position":"inner","text":"//\t}\t"},"name":"comment"},{"args":{"position":"inner","text":"//\ttest \"3.2 predios tranquis\" {"},"name":"comment"},{"args":{"position":"inner","text":"//\t\t//No debería haber predios tranquis en el clubBarrial para bob"},"name":"comment"},{"args":{"position":"inner","text":"//\t\t//Los predios tranquis del clubBarrial para calamardo solo incluyen a recreo  "},"name":"comment"},{"args":{"position":"inner","text":"//\t}"},"name":"comment"},{"args":{"position":"inner","text":"//\ttest \"3.3 rutinas más exigentes\" {"},"name":"comment"},{"args":{"position":"inner","text":"//\t\t//Las rutinas más exigentes del clubBarrial para bob son maratonBA y remarEnCaminoRemeros"},"name":"comment"},{"args":{"position":"inner","text":"//\t\t//Las rutinas más exigentes del clubBarrial para calamardo son maratonBA y remarEnElDelta"},"name":"comment"},{"args":{"position":"inner","text":"//\t}"},"name":"comment"}],"name":"\"rutinas\"","problems":[{"code":"malformedMember","sourceMap":{"end":{"column":0,"line":15,"offset":441},"start":{"column":9,"line":14,"offset":400}}}],"scope":{"containerScope":{"containerScope":{"containerScope":{"contributions":{},"includedScopes":[]},"contributions":{},"includedScopes":[]},"contributions":{},"includedScopes":[{"contributions":{},"includedScopes":[]},{"contributions":{},"includedScopes":[]}]},"contributions":{},"includedScopes":[{"containerScope":{"containerScope":{"containerScope":{"contributions":{},"includedScopes":[]},"contributions":{},"includedScopes":[]},"contributions":{},"includedScopes":[]},"contributions":{},"includedScopes":[]}]},"sourceMap":{"end":{"column":2,"line":109,"offset":3565},"start":{"column":1,"line":4,"offset":36}},"supertypes":[{"args":[],"metadata":[],"reference":{"metadata":[],"name":"wollok.lang.Object","scope":{"containerScope":{"containerScope":{"containerScope":{"containerScope":{"contributions":{},"includedScopes":[]},"contributions":{},"includedScopes":[]},"contributions":{},"includedScopes":[{"contributions":{},"includedScopes":[]},{"contributions":{},"includedScopes":[]}]},"contributions":{},"includedScopes":[{"containerScope":{"containerScope":{"containerScope":{"contributions":{},"includedScopes":[]},"contributions":{},"includedScopes":[]},"contributions":{},"includedScopes":[]},"contributions":{},"includedScopes":[]}]},"contributions":{},"includedScopes":[]}},"scope":{"containerScope":{"containerScope":{"containerScope":{"containerScope":{"contributions":{},"includedScopes":[]},"contributions":{},"includedScopes":[]},"contributions":{},"includedScopes":[{"contributions":{},"includedScopes":[]},{"contributions":{},"includedScopes":[]}]},"contributions":{},"includedScopes":[{"containerScope":{"containerScope":{"containerScope":{"contributions":{},"includedScopes":[]},"contributions":{},"includedScopes":[]},"contributions":{},"includedScopes":[]},"contributions":{},"includedScopes":[]}]},"contributions":{},"includedScopes":[]}}]},"stack":"Error: Failed to print, found malformed node\n    at /home/publico/.var/app/com.visualstudio.code/data/vscode/extensions/uqbar.wollok-lsp-ide-0.5.3/out/server/src/server.js:68:3585\n    at Gbn (/home/publico/.var/app/com.visualstudio.code/data/vscode/extensions/uqbar.wollok-lsp-ide-0.5.3/out/server/src/server.js:68:3396)\n    at /home/publico/.var/app/com.visualstudio.code/data/vscode/extensions/uqbar.wollok-lsp-ide-0.5.3/out/server/src/server.js:2393:847\n    at /home/publico/.var/app/com.visualstudio.code/data/vscode/extensions/uqbar.wollok-lsp-ide-0.5.3/out/server/src/server.js:2393:8440\n    at /home/publico/.var/app/com.visualstudio.code/data/vscode/extensions/uqbar.wollok-lsp-ide-0.5.3/out/server/src/server.js:37:74770\n    at Ye (/home/publico/.var/app/com.visualstudio.code/data/vscode/extensions/uqbar.wollok-lsp-ide-0.5.3/out/server/src/server.js:7:8527)\n    at qt (/home/publico/.var/app/com.visualstudio.code/data/vscode/extensions/uqbar.wollok-lsp-ide-0.5.3/out/server/src/server.js:7:6189)\n    at ot (/home/publico/.var/app/com.visualstudio.code/data/vscode/extensions/uqbar.wollok-lsp-ide-0.5.3/out/server/src/server.js:7:6378)\n    at Immediate._onImmediate (/home/publico/.var/app/com.visualstudio.code/data/vscode/extensions/uqbar.wollok-lsp-ide-0.5.3/out/server/src/server.js:7:6142)\n    at process.processImmediate (node:internal/timers:485:21)","timestamp":"2025-10-22T15:19:20.189Z"}
{"level":"error","message":"✘ Failed to rebuild document Failed to parse src/gimnasia.wtest: \n-- PARSING FAILED --------------------------------------------------\n\n  107 | //\t}\n  108 | \t\n> 109 | }\n      | ^\n\nExpected one of the following: \n\n'@', 'class', 'const', 'describe', 'mixin', 'object', 'only', 'package', 'program', 'test', 'var', '{', EOF, comment, not \"}\", whitespace\n","stack":"Error: Failed to parse src/gimnasia.wtest: \n-- PARSING FAILED --------------------------------------------------\n\n  107 | //\t}\n  108 | \t\n> 109 | }\n      | ^\n\nExpected one of the following: \n\n'@', 'class', 'const', 'describe', 'mixin', 'object', 'only', 'package', 'program', 'test', 'var', '{', EOF, comment, not \"}\", whitespace\n\n    at /home/publico/.var/app/com.visualstudio.code/data/vscode/extensions/uqbar.wollok-lsp-ide-0.5.3/out/server/src/server.js:2348:13026\n    at Array.map (<anonymous>)\n    at W1n (/home/publico/.var/app/com.visualstudio.code/data/vscode/extensions/uqbar.wollok-lsp-ide-0.5.3/out/server/src/server.js:2348:12950)\n    at U2.buildEnvironmentFrom (/home/publico/.var/app/com.visualstudio.code/data/vscode/extensions/uqbar.wollok-lsp-ide-0.5.3/out/server/src/server.js:2393:5254)\n    at U2.updateEnvironmentWith (/home/publico/.var/app/com.visualstudio.code/data/vscode/extensions/uqbar.wollok-lsp-ide-0.5.3/out/server/src/server.js:2393:4989)\n    at JF (/home/publico/.var/app/com.visualstudio.code/data/vscode/extensions/uqbar.wollok-lsp-ide-0.5.3/out/server/src/server.js:2393:7383)\n    at F3.invoke (/home/publico/.var/app/com.visualstudio.code/data/vscode/extensions/uqbar.wollok-lsp-ide-0.5.3/out/server/src/server.js:3:157334)\n    at o.fire (/home/publico/.var/app/com.visualstudio.code/data/vscode/extensions/uqbar.wollok-lsp-ide-0.5.3/out/server/src/server.js:3:158104)\n    at /home/publico/.var/app/com.visualstudio.code/data/vscode/extensions/uqbar.wollok-lsp-ide-0.5.3/out/server/src/server.js:37:57871\n    at Zr (/home/publico/.var/app/com.visualstudio.code/data/vscode/extensions/uqbar.wollok-lsp-ide-0.5.3/out/server/src/server.js:8:1561)","timestamp":"2025-10-22T15:19:22.480Z"}
{"level":"error","message":"✘ Failed to get type description: Error: Failed to print, found malformed node Failed to print, found malformed node","node":{"id":"e03af5d6-57d1-47e7-987e-80309b5c5189","members":[{"id":"91a66e5a-0b1c-4d12-b164-15bd3bce0fe3","isConstant":true,"isProperty":false,"metadata":[{"args":{"position":"start","text":"// Punto 1: rutinas"},"name":"comment"}],"name":"correrEnLaPlaya","scope":{"containerScope":{"containerScope":{"containerScope":{"containerScope":{"contributions":{},"includedScopes":[]},"contributions":{},"includedScopes":[]},"contributions":{},"includedScopes":[{"contributions":{},"includedScopes":[]},{"contributions":{},"includedScopes":[]}]},"contributions":{},"includedScopes":[{"containerScope":{"containerScope":{"containerScope":{"contributions":{},"includedScopes":[]},"contributions":{},"includedScopes":[]},"contributions":{},"includedScopes":[]},"contributions":{},"includedScopes":[]}]},"contributions":{},"includedScopes":[]},"sourceMap":{"end":{"column":61,"line":7,"offset":138},"start":{"column":4,"line":7,"offset":81}},"value":{"args":[{"id":"b459e75a-45a7-4ad8-adf3-867cba8a14b5","metadata":[],"name":"intensidad","scope":{"containerScope":{"containerScope":{"containerScope":{"containerScope":{"containerScope":{"containerScope":{"contributions":{},"includedScopes":[]},"contributions":{},"includedScopes":[]},"contributions":{},"includedScopes":[{"contributions":{},"includedScopes":[]},{"contributions":{},"includedScopes":[]}]},"contributions":{},"includedScopes":[{"containerScope":{"containerScope":{"containerScope":{"contributions":{},"includedScopes":[]},"contributions":{},"includedScopes":[]},"contributions":{},"includedScopes":[]},"contributions":{},"includedScopes":[]}]},"contributions":{},"includedScopes":[]},"contributions":{},"includedScopes":[]},"contributions":{},"includedScopes":[]},"sourceMap":{"end":{"column":60,"line":7,"offset":137},"start":{"column":44,"line":7,"offset":121}},"value":{"id":"45e8723d-b495-4ee5-80c0-e76dce2455d7","metadata":[],"scope":{"containerScope":{"containerScope":{"containerScope":{"containerScope":{"containerScope":{"containerScope":{"containerScope":{"contributions":{},"includedScopes":[]},"contributions":{},"includedScopes":[]},"contributions":{},"includedScopes":[{"contributions":{},"includedScopes":[]},{"contributions":{},"includedScopes":[]}]},"contributions":{},"includedScopes":[{"containerScope":{"containerScope":{"containerScope":{"contributions":{},"includedScopes":[]},"contributions":{},"includedScopes":[]},"contributions":{},"includedScopes":[]},"contributions":{},"includedScopes":[]}]},"contributions":{},"includedScopes":[]},"contributions":{},"includedScopes":[]},"contributions":{},"includedScopes":[]},"contributions":{},"includedScopes":[]},"sourceMap":{"end":{"column":60,"line":7,"offset":137},"start":{"column":57,"line":7,"offset":134}},"value":1.2}}],"id":"c40640e9-5341-4764-a4a1-12bfd6ef7702","instantiated":{"id":"17b80462-252c-4af4-b02e-3995852615c9","metadata":[],"name":"Running","scope":{"containerScope":{"containerScope":{"containerScope":{"containerScope":{"containerScope":{"containerScope":{"contributions":{},"includedScopes":[]},"contributions":{},"includedScopes":[]},"contributions":{},"includedScopes":[{"contributions":{},"includedScopes":[]},{"contributions":{},"includedScopes":[]}]},"contributions":{},"includedScopes":[{"containerScope":{"containerScope":{"containerScope":{"contributions":{},"includedScopes":[]},"contributions":{},"includedScopes":[]},"contributions":{},"includedScopes":[]},"contributions":{},"includedScopes":[]}]},"contributions":{},"includedScopes":[]},"contributions":{},"includedScopes":[]},"contributions":{},"includedScopes":[]},"sourceMap":{"end":{"column":43,"line":7,"offset":120},"start":{"column":36,"line":7,"offset":113}}},"metadata":[],"scope":{"containerScope":{"containerScope":{"containerScope":{"containerScope":{"containerScope":{"contributions":{},"includedScopes":[]},"contributions":{},"includedScopes":[]},"contributions":{},"includedScopes":[{"contributions":{},"includedScopes":[]},{"contributions":{},"includedScopes":[]}]},"contributions":{},"includedScopes":[{"containerScope":{"containerScope":{"containerScope":{"contributions":{},"includedScopes":[]},"contributions":{},"includedScopes":[]},"contributions":{},"includedScopes":[]},"contributions":{},"includedScopes":[]}]},"contributions":{},"includedScopes":[]},"contributions":{},"includedScopes":[]},"sourceMap":{"end":{"column":61,"line":7,"offset":138},"start":{"column":32,"line":7,"offset":109}}}},{"id":"b348cb9d-2af1-4d3b-9579-6f5f2986f0d1","isConstant":true,"isProperty":false,"metadata":[],"name":"maratonBA","scope":{"containerScope":{"containerScope":{"containerScope":{"containerScope":{"contributions":{},"includedScopes":[]},"contributions":{},"includedScopes":[]},"contributions":{},"includedScopes":[{"contributions":{},"includedScopes":[]},{"contributions":{},"includedScopes":[]}]},"contributions":{},"includedScopes":[{"containerScope":{"containerScope":{"containerScope":{"contributions":{},"includedScopes":[]},"contributions":{},"includedScopes":[]},"contributions":{},"includedScopes":[]},"contributions":{},"includedScopes":[]}]},"contributions":{},"includedScopes":[]},"sourceMap":{"end":{"column":57,"line":8,"offset":195},"start":{"column":2,"line":8,"offset":140}},"value":{"args":[{"id":"5525c8ef-a619-4665-bb13-644d17a7be57","metadata":[],"name":"intensidad","scope":{"containerScope":{"containerScope":{"containerScope":{"containerScope":{"containerScope":{"containerScope":{"contributions":{},"includedScopes":[]},"contributions":{},"includedScopes":[]},"contributions":{},"includedScopes":[{"contributions":{},"includedScopes":[]},{"contributions":{},"includedScopes":[]}]},"contributions":{},"includedScopes":[{"containerScope":{"containerScope":{"containerScope":{"contributions":{},"includedScopes":[]},"contributions":{},"includedScopes":[]},"contributions":{},"includedScopes":[]},"contributions":{},"includedScopes":[]}]},"contributions":{},"includedScopes":[]},"contributions":{},"includedScopes":[]},"contributions":{},"includedScopes":[]},"sourceMap":{"end":{"column":56,"line":8,"offset":194},"start":{"column":40,"line":8,"offset":178}},"value":{"id":"e81289f9-9b17-41c9-b880-49e36cecdfb5","metadata":[],"scope":{"containerScope":{"containerScope":{"containerScope":{"containerScope":{"containerScope":{"containerScope":{"containerScope":{"contributions":{},"includedScopes":[]},"contributions":{},"includedScopes":[]},"contributions":{},"includedScopes":[{"contributions":{},"includedScopes":[]},{"contributions":{},"includedScopes":[]}]},"contributions":{},"includedScopes":[{"containerScope":{"containerScope":{"containerScope":{"contributions":{},"includedScopes":[]},"contributions":{},"includedScopes":[]},"contributions":{},"includedScopes":[]},"contributions":{},"includedScopes":[]}]},"contributions":{},"includedScopes":[]},"contributions":{},"includedScopes":[]},"contributions":{},"includedScopes":[]},"contributions":{},"includedScopes":[]},"sourceMap":{"end":{"column":56,"line":8,"offset":194},"start":{"column":53,"line":8,"offset":191}},"value":1.5}}],"id":"39e16b03-d2ce-42e6-bf87-df29decee9ad","instantiated":{"id":"fa5ae931-688e-422b-b344-0c03cf00f14a","metadata":[],"name":"Maraton","scope":{"containerScope":{"containerScope":{"containerScope":{"containerScope":{"containerScope":{"containerScope":{"contributions":{},"includedScopes":[]},"contributions":{},"includedScopes":[]},"contributions":{},"includedScopes":[{"contributions":{},"includedScopes":[]},{"contributions":{},"includedScopes":[]}]},"contributions":{},"includedScopes":[{"containerScope":{"containerScope":{"containerScope":{"contributions":{},"includedScopes":[]},"contributions":{},"includedScopes":[]},"contributions":{},"includedScopes":[]},"contributions":{},"includedScopes":[]}]},"contributions":{},"includedScopes":[]},"contributions":{},"includedScopes":[]},"contributions":{},"includedScopes":[]},"sourceMap":{"end":{"column":39,"line":8,"offset":177},"start":{"column":32,"line":8,"offset":170}}},"metadata":[],"scope":{"containerScope":{"containerScope":{"containerScope":{"containerScope":{"containerScope":{"contributions":{},"includedScopes":[]},"contributions":{},"includedScopes":[]},"contributions":{},"includedScopes":[{"contributions":{},"includedScopes":[]},{"contributions":{},"includedScopes":[]}]},"contributions":{},"includedScopes":[{"containerScope":{"containerScope":{"containerScope":{"contributions":{},"includedScopes":[]},"contributions":{},"includedScopes":[]},"contributions":{},"includedScopes":[]},"contributions":{},"includedScopes":[]}]},"contributions":{},"includedScopes":[]},"contributions":{},"includedScopes":[]},"sourceMap":{"end":{"column":57,"line":8,"offset":195},"start":{"column":28,"line":8,"offset":166}}}},{"id":"4d3e2069-817a-474a-af38-b463904fe656","isConstant":true,"isProperty":false,"metadata":[],"name":"remarEnElDelta","scope":{"containerScope":{"containerScope":{"containerScope":{"containerScope":{"contributions":{},"includedScopes":[]},"contributions":{},"includedScopes":[]},"contributions":{},"includedScopes":[{"contributions":{},"includedScopes":[]},{"contributions":{},"includedScopes":[]}]},"contributions":{},"includedScopes":[{"containerScope":{"containerScope":{"containerScope":{"contributions":{},"includedScopes":[]},"contributions":{},"includedScopes":[]},"contributions":{},"includedScopes":[]},"contributions":{},"includedScopes":[]}]},"contributions":{},"includedScopes":[]},"sourceMap":{"end":{"column":41,"line":9,"offset":236},"start":{"column":2,"line":9,"offset":197}},"value":{"args":[],"id":"9e4bbe4b-a7cc-4fa6-b4c5-7507c8c78b2d","instantiated":{"id":"9dc5ed39-9574-44c0-8972-fa4490075b7f","metadata":[],"name":"Remo","scope":{"containerScope":{"containerScope":{"containerScope":{"containerScope":{"containerScope":{"containerScope":{"contributions":{},"includedScopes":[]},"contributions":{},"includedScopes":[]},"contributions":{},"includedScopes":[{"contributions":{},"includedScopes":[]},{"contributions":{},"includedScopes":[]}]},"contributions":{},"includedScopes":[{"containerScope":{"containerScope":{"containerScope":{"contributions":{},"includedScopes":[]},"contributions":{},"includedScopes":[]},"contributions":{},"includedScopes":[]},"contributions":{},"includedScopes":[]}]},"contributions":{},"includedScopes":[]},"contributions":{},"includedScopes":[]},"contributions":{},"includedScopes":[]},"sourceMap":{"end":{"column":39,"line":9,"offset":234},"start":{"column":35,"line":9,"offset":230}}},"metadata":[],"scope":{"containerScope":{"containerScope":{"containerScope":{"containerScope":{"containerScope":{"contributions":{},"includedScopes":[]},"contributions":{},"includedScopes":[]},"contributions":{},"includedScopes":[{"contributions":{},"includedScopes":[]},{"contributions":{},"includedScopes":[]}]},"contributions":{},"includedScopes":[{"containerScope":{"containerScope":{"containerScope":{"contributions":{},"includedScopes":[]},"contributions":{},"includedScopes":[]},"contributions":{},"includedScopes":[]},"contributions":{},"includedScopes":[]}]},"contributions":{},"includedScopes":[]},"contributions":{},"includedScopes":[]},"sourceMap":{"end":{"column":41,"line":9,"offset":236},"start":{"column":31,"line":9,"offset":226}}}},{"id":"04899661-0d6a-4e5f-92bf-5ac2c8dd093e","isConstant":true,"isProperty":false,"metadata":[],"name":"remarEnCaminoRemeros","scope":{"containerScope":{"containerScope":{"containerScope":{"containerScope":{"contributions":{},"includedScopes":[]},"contributions":{},"includedScopes":[]},"contributions":{},"includedScopes":[{"contributions":{},"includedScopes":[]},{"contributions":{},"includedScopes":[]}]},"contributions":{},"includedScopes":[{"containerScope":{"containerScope":{"containerScope":{"contributions":{},"includedScopes":[]},"contributions":{},"includedScopes":[]},"contributions":{},"includedScopes":[]},"contributions":{},"includedScopes":[]}]},"contributions":{},"includedScopes":[]},"sourceMap":{"end":{"column":54,"line":10,"offset":290},"start":{"column":2,"line":10,"offset":238}},"value":{"args":[],"id":"8676e7a3-533a-4b84-9dfa-61b45fd599ee","instantiated":{"id":"9e657700-371e-4d6d-9c5c-7e3cacae059d","metadata":[],"name":"RemoDeCompeticion","scope":{"containerScope":{"containerScope":{"containerScope":{"containerScope":{"containerScope":{"containerScope":{"contributions":{},"includedScopes":[]},"contributions":{},"includedScopes":[]},"contributions":{},"includedScopes":[{"contributions":{},"includedScopes":[]},{"contributions":{},"includedScopes":[]}]},"contributions":{},"includedScopes":[{"containerScope":{"containerScope":{"containerScope":{"contributions":{},"includedScopes":[]},"contributions":{},"includedScopes":[]},"contributions":{},"includedScopes":[]},"contributions":{},"includedScopes":[]}]},"contributions":{},"includedScopes":[]},"contributions":{},"includedScopes":[]},"contributions":{},"includedScopes":[]},"sourceMap":{"end":{"column":52,"line":10,"offset":288},"start":{"column":35,"line":10,"offset":271}}},"metadata":[],"scope":{"containerScope":{"containerScope":{"containerScope":{"containerScope":{"containerScope":{"contributions":{},"includedScopes":[]},"contributions":{},"includedScopes":[]},"contributions":{},"includedScopes":[{"contributions":{},"includedScopes":[]},{"contributions":{},"includedScopes":[]}]},"contributions":{},"includedScopes":[{"containerScope":{"containerScope":{"containerScope":{"contributions":{},"includedScopes":[]},"contributions":{},"includedScopes":[]},"contributions":{},"includedScopes":[]},"contributions":{},"includedScopes":[]}]},"contributions":{},"includedScopes":[]},"contributions":{},"includedScopes":[]},"sourceMap":{"end":{"column":54,"line":10,"offset":290},"start":{"column":31,"line":10,"offset":267}}}},{"id":"d80330c5-7109-49e7-a4e3-b48dfea6ef81","isConstant":true,"isProperty":false,"metadata":[{"args":{"position":"start","text":"//Punto 2: personas"},"name":"comment"}],"name":"calamardo","scope":{"containerScope":{"containerScope":{"containerScope":{"containerScope":{"contributions":{},"includedScopes":[]},"contributions":{},"includedScopes":[]},"contributions":{},"includedScopes":[{"contributions":{},"includedScopes":[]},{"contributions":{},"includedScopes":[]}]},"contributions":{},"includedScopes":[{"containerScope":{"containerScope":{"containerScope":{"contributions":{},"includedScopes":[]},"contributions":{},"includedScopes":[]},"contributions":{},"includedScopes":[]},"contributions":{},"includedScopes":[]}]},"contributions":{},"includedScopes":[]},"sourceMap":{"end":{"column":8,"line":14,"offset":399},"start":{"column":2,"line":13,"offset":313}},"value":{"id":"efe2504c-4c7c-400f-97b3-9b360ffb68e1","metadata":[{"args":{"position":"start","text":"//Una persona Sedentaria con peso 60 y tiempo de ejercicio 5"},"name":"comment"}],"name":"const","scope":{"containerScope":{"containerScope":{"containerScope":{"containerScope":{"containerScope":{"contributions":{},"includedScopes":[]},"contributions":{},"includedScopes":[]},"contributions":{},"includedScopes":[{"contributions":{},"includedScopes":[]},{"contributions":{},"includedScopes":[]}]},"contributions":{},"includedScopes":[{"containerScope":{"containerScope":{"containerScope":{"contributions":{},"includedScopes":[]},"contributions":{},"includedScopes":[]},"contributions":{},"includedScopes":[]},"contributions":{},"includedScopes":[]}]},"contributions":{},"includedScopes":[]},"contributions":{},"includedScopes":[]},"sourceMap":{"end":{"column":8,"line":14,"offset":399},"start":{"column":3,"line":14,"offset":394}}}},{"body":{"id":"58d7eb32-4f94-4264-ae25-5f8c692715b6","metadata":[],"problems":[],"scope":{"containerScope":{"containerScope":{"containerScope":{"containerScope":{"containerScope":{"contributions":{},"includedScopes":[]},"contributions":{},"includedScopes":[]},"contributions":{},"includedScopes":[{"contributions":{},"includedScopes":[]},{"contributions":{},"includedScopes":[]}]},"contributions":{},"includedScopes":[{"containerScope":{"containerScope":{"containerScope":{"contributions":{},"includedScopes":[]},"contributions":{},"includedScopes":[]},"contributions":{},"includedScopes":[]},"contributions":{},"includedScopes":[]}]},"contributions":{},"includedScopes":[]},"contributions":{},"includedScopes":[]},"sentences":[{"args":[{"id":"1d832512-e203-4b72-b0ad-7b9ac785f119","metadata":[],"scope":{"containerScope":{"containerScope":{"containerScope":{"containerScope":{"containerScope":{"containerScope":{"containerScope":{"contributions":{},"includedScopes":[]},"contributions":{},"includedScopes":[]},"contributions":{},"includedScopes":[{"contributions":{},"includedScopes":[]},{"contributions":{},"includedScopes":[]}]},"contributions":{},"includedScopes":[{"containerScope":{"containerScope":{"containerScope":{"contributions":{},"includedScopes":[]},"contributions":{},"includedScopes":[]},"contributions":{},"includedScopes":[]},"contributions":{},"includedScopes":[]}]},"contributions":{},"includedScopes":[]},"contributions":{},"includedScopes":[]},"contributions":{},"includedScopes":[]},"contributions":{},"includedScopes":[]},"sourceMap":{"end":{"column":20,"line":24,"offset":713},"start":{"column":17,"line":24,"offset":710}},"value":360},{"args":[{"id":"403594e1-e1d7-4349-86af-5dd0bac18299","metadata":[],"scope":{"containerScope":{"containerScope":{"containerScope":{"containerScope":{"containerScope":{"containerScope":{"containerScope":{"containerScope":{"contributions":{},"includedScopes":[]},"contributions":{},"includedScopes":[]},"contributions":{},"includedScopes":[{"contributions":{},"includedScopes":[]},{"contributions":{},"includedScopes":[]}]},"contributions":{},"includedScopes":[{"containerScope":{"containerScope":{"containerScope":{"contributions":{},"includedScopes":[]},"contributions":{},"includedScopes":[]},"contributions":{},"includedScopes":[]},"contributions":{},"includedScopes":[]}]},"contributions":{},"includedScopes":[]},"contributions":{},"includedScopes":[]},"contributions":{},"includedScopes":[]},"contributions":{},"includedScopes":[]},"contributions":{},"includedScopes":[]},"sourceMap":{"end":{"column":55,"line":24,"offset":748},"start":{"column":54,"line":24,"offset":747}},"value":5}],"id":"a4ce5608-e101-4478-9ec0-2efa42c41dfd","message":"caloriasAQuemar","metadata":[],"receiver":{"id":"327acd5c-7058-47d2-b8d1-1db0d5c1c371","metadata":[],"name":"correrEnLaPlaya","scope":{"containerScope":{"containerScope":{"containerScope":{"containerScope":{"containerScope":{"containerScope":{"containerScope":{"containerScope":{"contributions":{},"includedScopes":[]},"contributions":{},"includedScopes":[]},"contributions":{},"includedScopes":[{"contributions":{},"includedScopes":[]},{"contributions":{},"includedScopes":[]}]},"contributions":{},"includedScopes":[{"containerScope":{"containerScope":{"containerScope":{"contributions":{},"includedScopes":[]},"contributions":{},"includedScopes":[]},"contributions":{},"includedScopes":[]},"contributions":{},"includedScopes":[]}]},"contributions":{},"includedScopes":[]},"contributions":{},"includedScopes":[]},"contributions":{},"includedScopes":[]},"contributions":{},"includedScopes":[]},"contributions":{},"includedScopes":[]},"sourceMap":{"end":{"column":37,"line":24,"offset":730},"start":{"column":22,"line":24,"offset":715}}},"scope":{"containerScope":{"containerScope":{"containerScope":{"containerScope":{"containerScope":{"containerScope":{"containerScope":{"contributions":{},"includedScopes":[]},"contributions":{},"includedScopes":[]},"contributions":{},"includedScopes":[{"contributions":{},"includedScopes":[]},{"contributions":{},"includedScopes":[]}]},"contributions":{},"includedScopes":[{"containerScope":{"containerScope":{"containerScope":{"contributions":{},"includedScopes":[]},"contributions":{},"includedScopes":[]},"contributions":{},"includedScopes":[]},"contributions":{},"includedScopes":[]}]},"contributions":{},"includedScopes":[]},"contributions":{},"includedScopes":[]},"contributions":{},"includedScopes":[]},"contributions":{},"includedScopes":[]},"sourceMap":{"end":{"column":56,"line":24,"offset":749},"start":{"column":22,"line":24,"offset":715}}}],"id":"0ade34c5-9921-4dc6-aa92-8e123abd3677","message":"equals","metadata":[],"receiver":{"id":"09003ce0-1544-4f86-8e89-1a6b7a951f7e","metadata":[],"name":"assert","scope":{"containerScope":{"containerScope":{"containerScope":{"containerScope":{"containerScope":{"containerScope":{"containerScope":{"contributions":{},"includedScopes":[]},"contributions":{},"includedScopes":[]},"contributions":{},"includedScopes":[{"contributions":{},"includedScopes":[]},{"contributions":{},"includedScopes":[]}]},"contributions":{},"includedScopes":[{"containerScope":{"containerScope":{"containerScope":{"contributions":{},"includedScopes":[]},"contributions":{},"includedScopes":[]},"contributions":{},"includedScopes":[]},"contributions":{},"includedScopes":[]}]},"contributions":{},"includedScopes":[]},"contributions":{},"includedScopes":[]},"contributions":{},"includedScopes":[]},"contributions":{},"includedScopes":[]},"sourceMap":{"end":{"column":9,"line":24,"offset":702},"start":{"column":3,"line":24,"offset":696}}},"scope":{"containerScope":{"containerScope":{"containerScope":{"containerScope":{"containerScope":{"containerScope":{"contributions":{},"includedScopes":[]},"contributions":{},"includedScopes":[]},"contributions":{},"includedScopes":[{"contributions":{},"includedScopes":[]},{"contributions":{},"includedScopes":[]}]},"contributions":{},"includedScopes":[{"containerScope":{"containerScope":{"containerScope":{"contributions":{},"includedScopes":[]},"contributions":{},"includedScopes":[]},"contributions":{},"includedScopes":[]},"contributions":{},"includedScopes":[]}]},"contributions":{},"includedScopes":[]},"contributions":{},"includedScopes":[]},"contributions":{},"includedScopes":[]},"sourceMap":{"end":{"column":57,"line":24,"offset":750},"start":{"column":3,"line":24,"offset":696}}},{"args":[{"id":"eccc32f1-d92e-45ce-a17d-6c1f0f78d66c","metadata":[],"scope":{"containerScope":{"containerScope":{"containerScope":{"containerScope":{"containerScope":{"containerScope":{"containerScope":{"contributions":{},"includedScopes":[]},"contributions":{},"includedScopes":[]},"contributions":{},"includedScopes":[{"contributions":{},"includedScopes":[]},{"contributions":{},"includedScopes":[]}]},"contributions":{},"includedScopes":[{"containerScope":{"containerScope":{"containerScope":{"contributions":{},"includedScopes":[]},"contributions":{},"includedScopes":[]},"contributions":{},"includedScopes":[]},"contributions":{},"includedScopes":[]}]},"contributions":{},"includedScopes":[]},"contributions":{},"includedScopes":[]},"contributions":{},"includedScopes":[]},"contributions":{},"includedScopes":[]},"sourceMap":{"end":{"column":22,"line":25,"offset":772},"start":{"column":17,"line":25,"offset":767}},"value":10200},{"args":[{"id":"b38ecbbd-99a8-4486-8f63-2049072f57de","metadata":[],"scope":{"containerScope":{"containerScope":{"containerScope":{"containerScope":{"containerScope":{"containerScope":{"containerScope":{"containerScope":{"contributions":{},"includedScopes":[]},"contributions":{},"includedScopes":[]},"contributions":{},"includedScopes":[{"contributions":{},"includedScopes":[]},{"contributions":{},"includedScopes":[]}]},"contributions":{},"includedScopes":[{"containerScope":{"containerScope":{"containerScope":{"contributions":{},"includedScopes":[]},"contributions":{},"includedScopes":[]},"contributions":{},"includedScopes":[]},"contributions":{},"includedScopes":[]}]},"contributions":{},"includedScopes":[]},"contributions":{},"includedScopes":[]},"contributions":{},"includedScopes":[]},"contributions":{},"includedScopes":[]},"contributions":{},"includedScopes":[]},"sourceMap":{"end":{"column":58,"line":25,"offset":808},"start":{"column":56,"line":25,"offset":806}},"value":90}],"id":"d78cf5ae-2879-4cb2-b806-9ecf6d737122","message":"caloriasAQuemar","metadata":[],"receiver":{"id":"a8593a10-5012-4f2c-805c-fd2274469b9f","metadata":[],"name":"correrEnLaPlaya","scope":{"containerScope":{"containerScope":{"containerScope":{"containerScope":{"containerScope":{"containerScope":{"containerScope":{"containerScope":{"contributions":{},"includedScopes":[]},"contributions":{},"includedScopes":[]},"contributions":{},"includedScopes":[{"contributions":{},"includedScopes":[]},{"contributions":{},"includedScopes":[]}]},"contributions":{},"includedScopes":[{"containerScope":{"containerScope":{"containerScope":{"contributions":{},"includedScopes":[]},"contributions":{},"includedScopes":[]},"contributions":{},"includedScopes":[]},"contributions":{},"includedScopes":[]}]},"contributions":{},"includedScopes":[]},"contributions":{},"includedScopes":[]},"contributions":{},"includedScopes":[]},"contributions":{},"includedScopes":[]},"contributions":{},"includedScopes":[]},"sourceMap":{"end":{"column":39,"line":25,"offset":789},"start":{"column":24,"line":25,"offset":774}}},"scope":{"containerScope":{"containerScope":{"containerScope":{"containerScope":{"containerScope":{"containerScope":{"containerScope":{"contributions":{},"includedScopes":[]},"contributions":{},"includedScopes":[]},"contributions":{},"includedScopes":[{"contributions":{},"includedScopes":[]},{"contributions":{},"includedScopes":[]}]},"contributions":{},"includedScopes":[{"containerScope":{"containerScope":{"containerScope":{"contributions":{},"includedScopes":[]},"contributions":{},"includedScopes":[]},"contributions":{},"includedScopes":[]},"contributions":{},"includedScopes":[]}]},"contributions":{},"includedScopes":[]},"contributions":{},"includedScopes":[]},"contributions":{},"includedScopes":[]},"contributions":{},"includedScopes":[]},"sourceMap":{"end":{"column":59,"line":25,"offset":809},"start":{"column":24,"line":25,"offset":774}}}],"id":"7cead8be-8858-4c86-865e-041258bf7e44","message":"equals","metadata":[],"receiver":{"id":"8707b4c0-3dbd-40c6-9078-2c6b300641ca","metadata":[],"name":"assert","scope":{"containerScope":{"containerScope":{"containerScope":{"containerScope":{"containerScope":{"containerScope":{"containerScope":{"contributions":{},"includedScopes":[]},"contributions":{},"includedScopes":[]},"contributions":{},"includedScopes":[{"contributions":{},"includedScopes":[]},{"contributions":{},"includedScopes":[]}]},"contributions":{},"includedScopes":[{"containerScope":{"containerScope":{"containerScope":{"contributions":{},"includedScopes":[]},"contributions":{},"includedScopes":[]},"contributions":{},"includedScopes":[]},"contributions":{},"includedScopes":[]}]},"contributions":{},"includedScopes":[]},"contributions":{},"includedScopes":[]},"contributions":{},"includedScopes":[]},"contributions":{},"includedScopes":[]},"sourceMap":{"end":{"column":9,"line":25,"offset":759},"start":{"column":3,"line":25,"offset":753}}},"scope":{"containerScope":{"containerScope":{"containerScope":{"containerScope":{"containerScope":{"containerScope":{"contributions":{},"includedScopes":[]},"contributions":{},"includedScopes":[]},"contributions":{},"includedScopes":[{"contributions":{},"includedScopes":[]},{"contributions":{},"includedScopes":[]}]},"contributions":{},"includedScopes":[{"containerScope":{"containerScope":{"containerScope":{"contributions":{},"includedScopes":[]},"contributions":{},"includedScopes":[]},"contributions":{},"includedScopes":[]},"contributions":{},"includedScopes":[]}]},"contributions":{},"includedScopes":[]},"contributions":{},"includedScopes":[]},"contributions":{},"includedScopes":[]},"sourceMap":{"end":{"column":60,"line":25,"offset":810},"start":{"column":3,"line":25,"offset":753}}}],"sourceMap":{"end":{"column":3,"line":26,"offset":813},"start":{"column":30,"line":23,"offset":692}}},"id":"f240ba84-d0d0-4e02-bb9c-19cbe7b0b1a2","isOnly":false,"metadata":[{"args":{"position":"start","text":"//Punto 3: clubes"},"name":"comment"},{"args":{"position":"start","text":"//const recreo = //un predio con correrEnLaPlaya y maratonBA"},"name":"comment"},{"args":{"position":"start","text":"//const nautico = //un predio con remarEnElDelta y remarEnCaminoRemeros"},"name":"comment"},{"args":{"position":"start","text":"//const clubBarrial = //un club con recreo y nautico"},"name":"comment"},{"args":{"position":"start","text":"// PUNTO 1"},"name":"comment"}],"name":"\"1.1 consulta running\"","scope":{"containerScope":{"containerScope":{"containerScope":{"containerScope":{"contributions":{},"includedScopes":[]},"contributions":{},"includedScopes":[]},"contributions":{},"includedScopes":[{"contributions":{},"includedScopes":[]},{"contributions":{},"includedScopes":[]}]},"contributions":{},"includedScopes":[{"containerScope":{"containerScope":{"containerScope":{"contributions":{},"includedScopes":[]},"contributions":{},"includedScopes":[]},"contributions":{},"includedScopes":[]},"contributions":{},"includedScopes":[]}]},"contributions":{},"includedScopes":[]},"sourceMap":{"end":{"column":3,"line":26,"offset":813},"start":{"column":2,"line":23,"offset":664}}},{"body":{"id":"f38828f6-4af8-4bc6-abce-8f9829d74a62","metadata":[],"problems":[],"scope":{"containerScope":{"containerScope":{"containerScope":{"containerScope":{"containerScope":{"contributions":{},"includedScopes":[]},"contributions":{},"includedScopes":[]},"contributions":{},"includedScopes":[{"contributions":{},"includedScopes":[]},{"contributions":{},"includedScopes":[]}]},"contributions":{},"includedScopes":[{"containerScope":{"containerScope":{"containerScope":{"contributions":{},"includedScopes":[]},"contributions":{},"includedScopes":[]},"contributions":{},"includedScopes":[]},"contributions":{},"includedScopes":[]}]},"contributions":{},"includedScopes":[]},"contributions":{},"includedScopes":[]},"sentences":[{"args":[{"id":"2141318f-2f0a-4904-af32-ed4a7a739bba","metadata":[],"scope":{"containerScope":{"containerScope":{"containerScope":{"containerScope":{"containerScope":{"containerScope":{"containerScope":{"contributions":{},"includedScopes":[]},"contributions":{},"includedScopes":[]},"contributions":{},"includedScopes":[{"contributions":{},"includedScopes":[]},{"contributions":{},"includedScopes":[]}]},"contributions":{},"includedScopes":[{"containerScope":{"containerScope":{"containerScope":{"contributions":{},"includedScopes":[]},"contributions":{},"includedScopes":[]},"contributions":{},"includedScopes":[]},"contributions":{},"includedScopes":[]}]},"contributions":{},"includedScopes":[]},"contributions":{},"includedScopes":[]},"contributions":{},"includedScopes":[]},"contributions":{},"includedScopes":[]},"sourceMap":{"end":{"column":20,"line":29,"offset":865},"start":{"column":17,"line":29,"offset":862}},"value":900},{"args":[{"id":"662f6ecc-5873-4512-ab5c-96c209c5caa4","metadata":[],"scope":{"containerScope":{"containerScope":{"containerScope":{"containerScope":{"containerScope":{"containerScope":{"containerScope":{"containerScope":{"contributions":{},"includedScopes":[]},"contributions":{},"includedScopes":[]},"contributions":{},"includedScopes":[{"contributions":{},"includedScopes":[]},{"contributions":{},"includedScopes":[]}]},"contributions":{},"includedScopes":[{"containerScope":{"containerScope":{"containerScope":{"contributions":{},"includedScopes":[]},"contributions":{},"includedScopes":[]},"contributions":{},"includedScopes":[]},"contributions":{},"includedScopes":[]}]},"contributions":{},"includedScopes":[]},"contributions":{},"includedScopes":[]},"contributions":{},"includedScopes":[]},"contributions":{},"includedScopes":[]},"contributions":{},"includedScopes":[]},"sourceMap":{"end":{"column":49,"line":29,"offset":894},"start":{"column":48,"line":29,"offset":893}},"value":5}],"id":"de61653e-151d-4131-bc7d-ea2bc425ebdd","message":"caloriasAQuemar","metadata":[],"receiver":{"id":"537b7c44-4ff3-4178-ae6f-baae49866a5b","metadata":[],"name":"maratonBA","scope":{"containerScope":{"containerScope":{"containerScope":{"containerScope":{"containerScope":{"containerScope":{"containerScope":{"containerScope":{"contributions":{},"includedScopes":[]},"contributions":{},"includedScopes":[]},"contributions":{},"includedScopes":[{"contributions":{},"includedScopes":[]},{"contributions":{},"includedScopes":[]}]},"contributions":{},"includedScopes":[{"containerScope":{"containerScope":{"containerScope":{"contributions":{},"includedScopes":[]},"contributions":{},"includedScopes":[]},"contributions":{},"includedScopes":[]},"contributions":{},"includedScopes":[]}]},"contributions":{},"includedScopes":[]},"contributions":{},"includedScopes":[]},"contributions":{},"includedScopes":[]},"contributions":{},"includedScopes":[]},"contributions":{},"includedScopes":[]},"sourceMap":{"end":{"column":31,"line":29,"offset":876},"start":{"column":22,"line":29,"offset":867}}},"scope":{"containerScope":{"containerScope":{"containerScope":{"containerScope":{"containerScope":{"containerScope":{"containerScope":{"contributions":{},"includedScopes":[]},"contributions":{},"includedScopes":[]},"contributions":{},"includedScopes":[{"contributions":{},"includedScopes":[]},{"contributions":{},"includedScopes":[]}]},"contributions":{},"includedScopes":[{"containerScope":{"containerScope":{"containerScope":{"contributions":{},"includedScopes":[]},"contributions":{},"includedScopes":[]},"contributions":{},"includedScopes":[]},"contributions":{},"includedScopes":[]}]},"contributions":{},"includedScopes":[]},"contributions":{},"includedScopes":[]},"contributions":{},"includedScopes":[]},"contributions":{},"includedScopes":[]},"sourceMap":{"end":{"column":50,"line":29,"offset":895},"start":{"column":22,"line":29,"offset":867}}}],"id":"6ae98b2a-fdc3-42ea-94f7-21899fb79f67","message":"equals","metadata":[],"receiver":{"id":"24562639-5f53-45d2-ad18-6425b8d745d4","metadata":[],"name":"assert","scope":{"containerScope":{"containerScope":{"containerScope":{"containerScope":{"containerScope":{"containerScope":{"containerScope":{"contributions":{},"includedScopes":[]},"contributions":{},"includedScopes":[]},"contributions":{},"includedScopes":[{"contributions":{},"includedScopes":[]},{"contributions":{},"includedScopes":[]}]},"contributions":{},"includedScopes":[{"containerScope":{"containerScope":{"containerScope":{"contributions":{},"includedScopes":[]},"contributions":{},"includedScopes":[]},"contributions":{},"includedScopes":[]},"contributions":{},"includedScopes":[]}]},"contributions":{},"includedScopes":[]},"contributions":{},"includedScopes":[]},"contributions":{},"includedScopes":[]},"contributions":{},"includedScopes":[]},"sourceMap":{"end":{"column":9,"line":29,"offset":854},"start":{"column":3,"line":29,"offset":848}}},"scope":{"containerScope":{"containerScope":{"containerScope":{"containerScope":{"containerScope":{"containerScope":{"contributions":{},"includedScopes":[]},"contributions":{},"includedScopes":[]},"contributions":{},"includedScopes":[{"contributions":{},"includedScopes":[]},{"contributions":{},"includedScopes":[]}]},"contributions":{},"includedScopes":[{"containerScope":{"containerScope":{"containerScope":{"contributions":{},"includedScopes":[]},"contributions":{},"includedScopes":[]},"contributions":{},"includedScopes":[]},"contributions":{},"includedScopes":[]}]},"contributions":{},"includedScopes":[]},"contributions":{},"includedScopes":[]},"contributions":{},"includedScopes":[]},"sourceMap":{"end":{"column":51,"line":29,"offset":896},"start":{"column":3,"line":29,"offset":848}}},{"args":[{"id":"c8c8e73b-0150-44fa-a18d-431fc374f7ae","metadata":[],"scope":{"containerScope":{"containerScope":{"containerScope":{"containerScope":{"containerScope":{"containerScope":{"containerScope":{"contributions":{},"includedScopes":[]},"contributions":{},"includedScopes":[]},"contributions":{},"includedScopes":[{"contributions":{},"includedScopes":[]},{"contributions":{},"includedScopes":[]}]},"contributions":{},"includedScopes":[{"containerScope":{"containerScope":{"containerScope":{"contributions":{},"includedScopes":[]},"contributions":{},"includedScopes":[]},"contributions":{},"includedScopes":[]},"contributions":{},"includedScopes":[]}]},"contributions":{},"includedScopes":[]},"contributions":{},"includedScopes":[]},"contributions":{},"includedScopes":[]},"contributions":{},"includedScopes":[]},"sourceMap":{"end":{"column":22,"line":30,"offset":918},"start":{"column":17,"line":30,"offset":913}},"value":25500},{"args":[{"id":"5f34cd4c-9fc3-4842-8d99-9fab5c19ca1c","metadata":[],"scope":{"containerScope":{"containerScope":{"containerScope":{"containerScope":{"containerScope":{"containerScope":{"containerScope":{"containerScope":{"contributions":{},"includedScopes":[]},"contributions":{},"includedScopes":[]},"contributions":{},"includedScopes":[{"contributions":{},"includedScopes":[]},{"contributions":{},"includedScopes":[]}]},"contributions":{},"includedScopes":[{"containerScope":{"containerScope":{"containerScope":{"contributions":{},"includedScopes":[]},"contributions":{},"includedScopes":[]},"contributions":{},"includedScopes":[]},"contributions":{},"includedScopes":[]}]},"contributions":{},"includedScopes":[]},"contributions":{},"includedScopes":[]},"contributions":{},"includedScopes":[]},"contributions":{},"includedScopes":[]},"contributions":{},"includedScopes":[]},"sourceMap":{"end":{"column":52,"line":30,"offset":948},"start":{"column":50,"line":30,"offset":946}},"value":90}],"id":"06d121b2-76e9-4b82-a674-d74fa88ef2ba","message":"caloriasAQuemar","metadata":[],"receiver":{"id":"3b4c1276-4ad7-41f4-8a57-f9efb2e2462f","metadata":[],"name":"maratonBA","scope":{"containerScope":{"containerScope":{"containerScope":{"containerScope":{"containerScope":{"containerScope":{"containerScope":{"containerScope":{"contributions":{},"includedScopes":[]},"contributions":{},"includedScopes":[]},"contributions":{},"includedScopes":[{"contributions":{},"includedScopes":[]},{"contributions":{},"includedScopes":[]}]},"contributions":{},"includedScopes":[{"containerScope":{"containerScope":{"containerScope":{"contributions":{},"includedScopes":[]},"contributions":{},"includedScopes":[]},"contributions":{},"includedScopes":[]},"contributions":{},"includedScopes":[]}]},"contributions":{},"includedScopes":[]},"contributions":{},"includedScopes":[]},"contributions":{},"includedScopes":[]},"contributions":{},"includedScopes":[]},"contributions":{},"includedScopes":[]},"sourceMap":{"end":{"column":33,"line":30,"offset":929},"start":{"column":24,"line":30,"offset":920}}},"scope":{"containerScope":{"containerScope":{"containerScope":{"containerScope":{"containerScope":{"containerScope":{"containerScope":{"contributions":{},"includedScopes":[]},"contributions":{},"includedScopes":[]},"contributions":{},"includedScopes":[{"contributions":{},"includedScopes":[]},{"contributions":{},"includedScopes":[]}]},"contributions":{},"includedScopes":[{"containerScope":{"containerScope":{"containerScope":{"contributions":{},"includedScopes":[]},"contributions":{},"includedScopes":[]},"contributions":{},"includedScopes":[]},"contributions":{},"includedScopes":[]}]},"contributions":{},"includedScopes":[]},"contributions":{},"includedScopes":[]},"contributions":{},"includedScopes":[]},"contributions":{},"includedScopes":[]},"sourceMap":{"end":{"column":53,"line":30,"offset":949},"start":{"column":24,"line":30,"offset":920}}}],"id":"26553850-d72c-4fe8-9af1-04c6abe14a5c","message":"equals","metadata":[],"receiver":{"id":"c27899ed-d00e-42bc-8af0-5db9e88d1d46","metadata":[],"name":"assert","scope":{"containerScope":{"containerScope":{"containerScope":{"containerScope":{"containerScope":{"containerScope":{"containerScope":{"contributions":{},"includedScopes":[]},"contributions":{},"includedScopes":[]},"contributions":{},"includedScopes":[{"contributions":{},"includedScopes":[]},{"contributions":{},"includedScopes":[]}]},"contributions":{},"includedScopes":[{"containerScope":{"containerScope":{"containerScope":{"contributions":{},"includedScopes":[]},"contributions":{},"includedScopes":[]},"contributions":{},"includedScopes":[]},"contributions":{},"includedScopes":[]}]},"contributions":{},"includedScopes":[]},"contributions":{},"includedScopes":[]},"contributions":{},"includedScopes":[]},"contributions":{},"includedScopes":[]},"sourceMap":{"end":{"column":9,"line":30,"offset":905},"start":{"column":3,"line":30,"offset":899}}},"scope":{"containerScope":{"containerScope":{"containerScope":{"containerScope":{"containerScope":{"containerScope":{"contributions":{},"includedScopes":[]},"contributions":{},"includedScopes":[]},"contributions":{},"includedScopes":[{"contributions":{},"includedScopes":[]},{"contributions":{},"includedScopes":[]}]},"contributions":{},"includedScopes":[{"containerScope":{"containerScope":{"containerScope":{"contributions":{},"includedScopes":[]},"contributions":{},"includedScopes":[]},"contributions":{},"includedScopes":[]},"contributions":{},"includedScopes":[]}]},"contributions":{},"includedScopes":[]},"contributions":{},"includedScopes":[]},"contributions":{},"includedScopes":[]},"sourceMap":{"end":{"column":54,"line":30,"offset":950},"start":{"column":3,"line":30,"offset":899}}}],"sourceMap":{"end":{"column":3,"line":31,"offset":953},"start":{"column":30,"line":28,"offset":844}}},"id":"6f3c649f-e4ec-4ae0-9891-d3c5e4b26902","isOnly":false,"metadata":[],"name":"\"1.2 consulta maraton\"","scope":{"containerScope":{"containerScope":{"containerScope":{"containerScope":{"contributions":{},"includedScopes":[]},"contributions":{},"includedScopes":[]},"contributions":{},"includedScopes":[{"contributions":{},"includedScopes":[]},{"contributions":{},"includedScopes":[]}]},"contributions":{},"includedScopes":[{"containerScope":{"containerScope":{"containerScope":{"contributions":{},"includedScopes":[]},"contributions":{},"includedScopes":[]},"contributions":{},"includedScopes":[]},"contributions":{},"includedScopes":[]}]},"contributions":{},"includedScopes":[]},"sourceMap":{"end":{"column":3,"line":31,"offset":953},"start":{"column":2,"line":28,"offset":816}}},{"body":{"id":"ddbfc5d8-c8ce-4282-bd4c-7b08d2bb4ac0","metadata":[],"problems":[],"scope":{"containerScope":{"containerScope":{"containerScope":{"containerScope":{"containerScope":{"contributions":{},"includedScopes":[]},"contributions":{},"includedScopes":[]},"contributions":{},"includedScopes":[{"contributions":{},"includedScopes":[]},{"contributions":{},"includedScopes":[]}]},"contributions":{},"includedScopes":[{"containerScope":{"containerScope":{"containerScope":{"contributions":{},"includedScopes":[]},"contributions":{},"includedScopes":[]},"contributions":{},"includedScopes":[]},"contributions":{},"includedScopes":[]}]},"contributions":{},"includedScopes":[]},"contributions":{},"includedScopes":[]},"sentences":[{"args":[{"id":"13382c2f-dd98-4765-9a16-4795a9c99344","metadata":[],"scope":{"containerScope":{"containerScope":{"containerScope":{"containerScope":{"containerScope":{"containerScope":{"containerScope":{"contributions":{},"includedScopes":[]},"contributions":{},"includedScopes":[]},"contributions":{},"includedScopes":[{"contributions":{},"includedScopes":[]},{"contributions":{},"includedScopes":[]}]},"contributions":{},"includedScopes":[{"containerScope":{"containerScope":{"containerScope":{"contributions":{},"includedScopes":[]},"contributions":{},"includedScopes":[]},"contributions":{},"includedScopes":[]},"contributions":{},"includedScopes":[]}]},"contributions":{},"includedScopes":[]},"contributions":{},"includedScopes":[]},"contributions":{},"includedScopes":[]},"contributions":{},"includedScopes":[]},"sourceMap":{"end":{"column":20,"line":34,"offset":1002},"start":{"column":17,"line":34,"offset":999}},"value":520},{"args":[{"id":"e6e0a602-3bfa-43ee-9cfb-6b90cfbacb28","metadata":[],"scope":{"containerScope":{"containerScope":{"containerScope":{"containerScope":{"containerScope":{"containerScope":{"containerScope":{"containerScope":{"contributions":{},"includedScopes":[]},"contributions":{},"includedScopes":[]},"contributions":{},"includedScopes":[{"contributions":{},"includedScopes":[]},{"contributions":{},"includedScopes":[]}]},"contributions":{},"includedScopes":[{"containerScope":{"containerScope":{"containerScope":{"contributions":{},"includedScopes":[]},"contributions":{},"includedScopes":[]},"contributions":{},"includedScopes":[]},"contributions":{},"includedScopes":[]}]},"contributions":{},"includedScopes":[]},"contributions":{},"includedScopes":[]},"contributions":{},"includedScopes":[]},"contributions":{},"includedScopes":[]},"contributions":{},"includedScopes":[]},"sourceMap":{"end":{"column":54,"line":34,"offset":1036},"start":{"column":53,"line":34,"offset":1035}},"value":5}],"id":"2f101cc7-d174-4028-b9e3-565eca425527","message":"caloriasAQuemar","metadata":[],"receiver":{"id":"f2086c24-6521-46e3-a8e2-ed215cc8a788","metadata":[],"name":"remarEnElDelta","scope":{"containerScope":{"containerScope":{"containerScope":{"containerScope":{"containerScope":{"containerScope":{"containerScope":{"containerScope":{"contributions":{},"includedScopes":[]},"contributions":{},"includedScopes":[]},"contributions":{},"includedScopes":[{"contributions":{},"includedScopes":[]},{"contributions":{},"includedScopes":[]}]},"contributions":{},"includedScopes":[{"containerScope":{"containerScope":{"containerScope":{"contributions":{},"includedScopes":[]},"contributions":{},"includedScopes":[]},"contributions":{},"includedScopes":[]},"contributions":{},"includedScopes":[]}]},"contributions":{},"includedScopes":[]},"contributions":{},"includedScopes":[]},"contributions":{},"includedScopes":[]},"contributions":{},"includedScopes":[]},"contributions":{},"includedScopes":[]},"sourceMap":{"end":{"column":36,"line":34,"offset":1018},"start":{"column":22,"line":34,"offset":1004}}},"scope":{"containerScope":{"containerScope":{"containerScope":{"containerScope":{"containerScope":{"containerScope":{"containerScope":{"contributions":{},"includedScopes":[]},"contributions":{},"includedScopes":[]},"contributions":{},"includedScopes":[{"contributions":{},"includedScopes":[]},{"contributions":{},"includedScopes":[]}]},"contributions":{},"includedScopes":[{"containerScope":{"containerScope":{"containerScope":{"contributions":{},"includedScopes":[]},"contributions":{},"includedScopes":[]},"contributions":{},"includedScopes":[]},"contributions":{},"includedScopes":[]}]},"contributions":{},"includedScopes":[]},"contributions":{},"includedScopes":[]},"contributions":{},"includedScopes":[]},"contributions":{},"includedScopes":[]},"sourceMap":{"end":{"column":55,"line":34,"offset":1037},"start":{"column":22,"line":34,"offset":1004}}}],"id":"9bc093c3-0f00-4aa3-91cd-ebf06f9e103f","message":"equals","metadata":[],"receiver":{"id":"52a448e8-8c94-4e7e-bf04-86bc915b83a3","metadata":[],"name":"assert","scope":{"containerScope":{"containerScope":{"containerScope":{"containerScope":{"containerScope":{"containerScope":{"containerScope":{"contributions":{},"includedScopes":[]},"contributions":{},"includedScopes":[]},"contributions":{},"includedScopes":[{"contributions":{},"includedScopes":[]},{"contributions":{},"includedScopes":[]}]},"contributions":{},"includedScopes":[{"containerScope":{"containerScope":{"containerScope":{"contributions":{},"includedScopes":[]},"contributions":{},"includedScopes":[]},"contributions":{},"includedScopes":[]},"contributions":{},"includedScopes":[]}]},"contributions":{},"includedScopes":[]},"contributions":{},"includedScopes":[]},"contributions":{},"includedScopes":[]},"contributions":{},"includedScopes":[]},"sourceMap":{"end":{"column":9,"line":34,"offset":991},"start":{"column":3,"line":34,"offset":985}}},"scope":{"containerScope":{"containerScope":{"containerScope":{"containerScope":{"containerScope":{"containerScope":{"contributions":{},"includedScopes":[]},"contributions":{},"includedScopes":[]},"contributions":{},"includedScopes":[{"contributions":{},"includedScopes":[]},{"contributions":{},"includedScopes":[]}]},"contributions":{},"includedScopes":[{"containerScope":{"containerScope":{"containerScope":{"contributions":{},"includedScopes":[]},"contributions":{},"includedScopes":[]},"contributions":{},"includedScopes":[]},"contributions":{},"includedScopes":[]}]},"contributions":{},"includedScopes":[]},"contributions":{},"includedScopes":[]},"contributions":{},"includedScopes":[]},"sourceMap":{"end":{"column":56,"line":34,"offset":1038},"start":{"column":3,"line":34,"offset":985}}},{"args":[{"id":"b24c8137-43a4-407a-bdfe-70377ef5312e","metadata":[],"scope":{"containerScope":{"containerScope":{"containerScope":{"containerScope":{"containerScope":{"containerScope":{"containerScope":{"contributions":{},"includedScopes":[]},"contributions":{},"includedScopes":[]},"contributions":{},"includedScopes":[{"contributions":{},"includedScopes":[]},{"contributions":{},"includedScopes":[]}]},"contributions":{},"includedScopes":[{"containerScope":{"containerScope":{"containerScope":{"contributions":{},"includedScopes":[]},"contributions":{},"includedScopes":[]},"contributions":{},"includedScopes":[]},"contributions":{},"includedScopes":[]}]},"contributions":{},"includedScopes":[]},"contributions":{},"includedScopes":[]},"contributions":{},"includedScopes":[]},"contributions":{},"includedScopes":[]},"sourceMap":{"end":{"column":21,"line":35,"offset":1059},"start":{"column":17,"line":35,"offset":1055}},"value":9360},{"args":[{"id":"d611992a-a256-4bdc-b489-895ab3296115","metadata":[],"scope":{"containerScope":{"containerScope":{"containerScope":{"containerScope":{"containerScope":{"containerScope":{"containerScope":{"containerScope":{"contributions":{},"includedScopes":[]},"contributions":{},"includedScopes":[]},"contributions":{},"includedScopes":[{"contributions":{},"includedScopes":[]},{"contributions":{},"includedScopes":[]}]},"contributions":{},"includedScopes":[{"containerScope":{"containerScope":{"containerScope":{"contributions":{},"includedScopes":[]},"contributions":{},"includedScopes":[]},"contributions":{},"includedScopes":[]},"contributions":{},"includedScopes":[]}]},"contributions":{},"includedScopes":[]},"contributions":{},"includedScopes":[]},"contributions":{},"includedScopes":[]},"contributions":{},"includedScopes":[]},"contributions":{},"includedScopes":[]},"sourceMap":{"end":{"column":56,"line":35,"offset":1094},"start":{"column":54,"line":35,"offset":1092}},"value":90}],"id":"46840c47-c056-4748-adff-05a6bcff465d","message":"caloriasAQuemar","metadata":[],"receiver":{"id":"2a29df1d-e52a-45d3-9e3f-e782fb974789","metadata":[],"name":"remarEnElDelta","scope":{"containerScope":{"containerScope":{"containerScope":{"containerScope":{"containerScope":{"containerScope":{"containerScope":{"containerScope":{"contributions":{},"includedScopes":[]},"contributions":{},"includedScopes":[]},"contributions":{},"includedScopes":[{"contributions":{},"includedScopes":[]},{"contributions":{},"includedScopes":[]}]},"contributions":{},"includedScopes":[{"containerScope":{"containerScope":{"containerScope":{"contributions":{},"includedScopes":[]},"contributions":{},"includedScopes":[]},"contributions":{},"includedScopes":[]},"contributions":{},"includedScopes":[]}]},"contributions":{},"includedScopes":[]},"contributions":{},"includedScopes":[]},"contributions":{},"includedScopes":[]},"contributions":{},"includedScopes":[]},"contributions":{},"includedScopes":[]},"sourceMap":{"end":{"column":37,"line":35,"offset":1075},"start":{"column":23,"line":35,"offset":1061}}},"scope":{"containerScope":{"containerScope":{"containerScope":{"containerScope":{"containerScope":{"containerScope":{"containerScope":{"contributions":{},"includedScopes":[]},"contributions":{},"includedScopes":[]},"contributions":{},"includedScopes":[{"contributions":{},"includedScopes":[]},{"contributions":{},"includedScopes":[]}]},"contributions":{},"includedScopes":[{"containerScope":{"containerScope":{"containerScope":{"contributions":{},"includedScopes":[]},"contributions":{},"includedScopes":[]},"contributions":{},"includedScopes":[]},"contributions":{},"includedScopes":[]}]},"contributions":{},"includedScopes":[]},"contributions":{},"includedScopes":[]},"contributions":{},"includedScopes":[]},"contributions":{},"includedScopes":[]},"sourceMap":{"end":{"column":57,"line":35,"offset":1095},"start":{"column":23,"line":35,"offset":1061}}}],"id":"aca423d1-8ba1-4b9c-8116-9267d69d6293","message":"equals","metadata":[],"receiver":{"id":"5a134a09-c478-4978-bddd-56fcd09f8891","metadata":[],"name":"assert","scope":{"containerScope":{"containerScope":{"containerScope":{"containerScope":{"containerScope":{"containerScope":{"containerScope":{"contributions":{},"includedScopes":[]},"contributions":{},"includedScopes":[]},"contributions":{},"includedScopes":[{"contributions":{},"includedScopes":[]},{"contributions":{},"includedScopes":[]}]},"contributions":{},"includedScopes":[{"containerScope":{"containerScope":{"containerScope":{"contributions":{},"includedScopes":[]},"contributions":{},"includedScopes":[]},"contributions":{},"includedScopes":[]},"contributions":{},"includedScopes":[]}]},"contributions":{},"includedScopes":[]},"contributions":{},"includedScopes":[]},"contributions":{},"includedScopes":[]},"contributions":{},"includedScopes":[]},"sourceMap":{"end":{"column":9,"line":35,"offset":1047},"start":{"column":3,"line":35,"offset":1041}}},"scope":{"containerScope":{"containerScope":{"containerScope":{"containerScope":{"containerScope":{"containerScope":{"contributions":{},"includedScopes":[]},"contributions":{},"includedScopes":[]},"contributions":{},"includedScopes":[{"contributions":{},"includedScopes":[]},{"contributions":{},"includedScopes":[]}]},"contributions":{},"includedScopes":[{"containerScope":{"containerScope":{"containerScope":{"contributions":{},"includedScopes":[]},"contributions":{},"includedScopes":[]},"contributions":{},"includedScopes":[]},"contributions":{},"includedScopes":[]}]},"contributions":{},"includedScopes":[]},"contributions":{},"includedScopes":[]},"contributions":{},"includedScopes":[]},"sourceMap":{"end":{"column":58,"line":35,"offset":1096},"start":{"column":3,"line":35,"offset":1041}}}],"sourceMap":{"end":{"column":3,"line":36,"offset":1099},"start":{"column":27,"line":33,"offset":981}}},"id":"4ac5e536-3724-40e8-b1b7-12776162499c","isOnly":false,"metadata":[],"name":"\"1.3 consulta remo\"","scope":{"containerScope":{"containerScope":{"containerScope":{"containerScope":{"contributions":{},"includedScopes":[]},"contributions":{},"includedScopes":[]},"contributions":{},"includedScopes":[{"contributions":{},"includedScopes":[]},{"contributions":{},"includedScopes":[]}]},"contributions":{},"includedScopes":[{"containerScope":{"containerScope":{"containerScope":{"contributions":{},"includedScopes":[]},"contributions":{},"includedScopes":[]},"contributions":{},"includedScopes":[]},"contributions":{},"includedScopes":[]}]},"contributions":{},"includedScopes":[]},"sourceMap":{"end":{"column":3,"line":36,"offset":1099},"start":{"column":2,"line":33,"offset":956}}},{"body":{"id":"14c4a848-7fd4-4cb2-9896-d387545f5f79","metadata":[],"problems":[],"scope":{"containerScope":{"containerScope":{"containerScope":{"containerScope":{"containerScope":{"contributions":{},"includedScopes":[]},"contributions":{},"includedScopes":[]},"contributions":{},"includedScopes":[{"contributions":{},"includedScopes":[]},{"contributions":{},"includedScopes":[]}]},"contributions":{},"includedScopes":[{"containerScope":{"containerScope":{"containerScope":{"contributions":{},"includedScopes":[]},"contributions":{},"includedScopes":[]},"contributions":{},"includedScopes":[]},"contributions":{},"includedScopes":[]}]},"contributions":{},"includedScopes":[]},"contributions":{},"includedScopes":[]},"sentences":[{"args":[{"id":"cb5f16f9-21b3-425f-b6ab-9118e2f6b29e","metadata":[],"scope":{"containerScope":{"containerScope":{"containerScope":{"containerScope":{"containerScope":{"containerScope":{"containerScope":{"contributions":{},"includedScopes":[]},"contributions":{},"includedScopes":[]},"contributions":{},"includedScopes":[{"contributions":{},"includedScopes":[]},{"contributions":{},"includedScopes":[]}]},"contributions":{},"includedScopes":[{"containerScope":{"containerScope":{"containerScope":{"contributions":{},"includedScopes":[]},"contributions":{},"includedScopes":[]},"contributions":{},"includedScopes":[]},"contributions":{},"includedScopes":[]}]},"contributions":{},"includedScopes":[]},"contributions":{},"includedScopes":[]},"contributions":{},"includedScopes":[]},"contributions":{},"includedScopes":[]},"sourceMap":{"end":{"column":20,"line":39,"offset":1160},"start":{"column":17,"line":39,"offset":1157}},"value":510},{"args":[{"id":"d9ec86fd-29cb-4427-9ba9-ac369d2a7883","metadata":[],"scope":{"containerScope":{"containerScope":{"containerScope":{"containerScope":{"containerScope":{"containerScope":{"containerScope":{"containerScope":{"contributions":{},"includedScopes":[]},"contributions":{},"includedScopes":[]},"contributions":{},"includedScopes":[{"contributions":{},"includedScopes":[]},{"contributions":{},"includedScopes":[]}]},"contributions":{},"includedScopes":[{"containerScope":{"containerScope":{"containerScope":{"contributions":{},"includedScopes":[]},"contributions":{},"includedScopes":[]},"contributions":{},"includedScopes":[]},"contributions":{},"includedScopes":[]}]},"contributions":{},"includedScopes":[]},"contributions":{},"includedScopes":[]},"contributions":{},"includedScopes":[]},"contributions":{},"includedScopes":[]},"contributions":{},"includedScopes":[]},"sourceMap":{"end":{"column":60,"line":39,"offset":1200},"start":{"column":59,"line":39,"offset":1199}},"value":5}],"id":"c56782ee-c6f5-4478-87d3-ea60215e46fa","message":"caloriasAQuemar","metadata":[],"receiver":{"id":"428093a2-28e3-4795-9743-ba2b41d48640","metadata":[],"name":"remarEnCaminoRemeros","scope":{"containerScope":{"containerScope":{"containerScope":{"containerScope":{"containerScope":{"containerScope":{"containerScope":{"containerScope":{"contributions":{},"includedScopes":[]},"contributions":{},"includedScopes":[]},"contributions":{},"includedScopes":[{"contributions":{},"includedScopes":[]},{"contributions":{},"includedScopes":[]}]},"contributions":{},"includedScopes":[{"containerScope":{"containerScope":{"containerScope":{"contributions":{},"includedScopes":[]},"contributions":{},"includedScopes":[]},"contributions":{},"includedScopes":[]},"contributions":{},"includedScopes":[]}]},"contributions":{},"includedScopes":[]},"contributions":{},"includedScopes":[]},"contributions":{},"includedScopes":[]},"contributions":{},"includedScopes":[]},"contributions":{},"includedScopes":[]},"sourceMap":{"end":{"column":42,"line":39,"offset":1182},"start":{"column":22,"line":39,"offset":1162}}},"scope":{"containerScope":{"containerScope":{"containerScope":{"containerScope":{"containerScope":{"containerScope":{"containerScope":{"contributions":{},"includedScopes":[]},"contributions":{},"includedScopes":[]},"contributions":{},"includedScopes":[{"contributions":{},"includedScopes":[]},{"contributions":{},"includedScopes":[]}]},"contributions":{},"includedScopes":[{"containerScope":{"containerScope":{"containerScope":{"contributions":{},"includedScopes":[]},"contributions":{},"includedScopes":[]},"contributions":{},"includedScopes":[]},"contributions":{},"includedScopes":[]}]},"contributions":{},"includedScopes":[]},"contributions":{},"includedScopes":[]},"contributions":{},"includedScopes":[]},"contributions":{},"includedScopes":[]},"sourceMap":{"end":{"column":61,"line":39,"offset":1201},"start":{"column":22,"line":39,"offset":1162}}}],"id":"b0c95cec-b6e9-49f4-92af-8d993978b956","message":"equals","metadata":[],"receiver":{"id":"c8c6fa2d-9cdc-4d92-9244-6f3c4344cd0d","metadata":[],"name":"assert","scope":{"containerScope":{"containerScope":{"containerScope":{"containerScope":{"containerScope":{"containerScope":{"containerScope":{"contributions":{},"includedScopes":[]},"contributions":{},"includedScopes":[]},"contributions":{},"includedScopes":[{"contributions":{},"includedScopes":[]},{"contributions":{},"includedScopes":[]}]},"contributions":{},"includedScopes":[{"containerScope":{"containerScope":{"containerScope":{"contributions":{},"includedScopes":[]},"contributions":{},"includedScopes":[]},"contributions":{},"includedScopes":[]},"contributions":{},"includedScopes":[]}]},"contributions":{},"includedScopes":[]},"contributions":{},"includedScopes":[]},"contributions":{},"includedScopes":[]},"contributions":{},"includedScopes":[]},"sourceMap":{"end":{"column":9,"line":39,"offset":1149},"start":{"column":3,"line":39,"offset":1143}}},"scope":{"containerScope":{"containerScope":{"containerScope":{"containerScope":{"containerScope":{"containerScope":{"contributions":{},"includedScopes":[]},"contributions":{},"includedScopes":[]},"contributions":{},"includedScopes":[{"contributions":{},"includedScopes":[]},{"contributions":{},"includedScopes":[]}]},"contributions":{},"includedScopes":[{"containerScope":{"containerScope":{"containerScope":{"contributions":{},"includedScopes":[]},"contributions":{},"includedScopes":[]},"contributions":{},"includedScopes":[]},"contributions":{},"includedScopes":[]}]},"contributions":{},"includedScopes":[]},"contributions":{},"includedScopes":[]},"contributions":{},"includedScopes":[]},"sourceMap":{"end":{"column":62,"line":39,"offset":1202},"start":{"column":3,"line":39,"offset":1143}}},{"args":[{"id":"aaa64e29-697b-40aa-990d-b55dc2412bd1","metadata":[],"scope":{"containerScope":{"containerScope":{"containerScope":{"containerScope":{"containerScope":{"containerScope":{"containerScope":{"contributions":{},"includedScopes":[]},"contributions":{},"includedScopes":[]},"contributions":{},"includedScopes":[{"contributions":{},"includedScopes":[]},{"contributions":{},"includedScopes":[]}]},"contributions":{},"includedScopes":[{"containerScope":{"containerScope":{"containerScope":{"contributions":{},"includedScopes":[]},"contributions":{},"includedScopes":[]},"contributions":{},"includedScopes":[]},"contributions":{},"includedScopes":[]}]},"contributions":{},"includedScopes":[]},"contributions":{},"includedScopes":[]},"contributions":{},"includedScopes":[]},"contributions":{},"includedScopes":[]},"sourceMap":{"end":{"column":22,"line":40,"offset":1224},"start":{"column":17,"line":40,"offset":1219}},"value":12750},{"args":[{"id":"aa6e27b3-bfc1-4e4a-ba8d-2f1140cfaa7d","metadata":[],"scope":{"containerScope":{"containerScope":{"containerScope":{"containerScope":{"containerScope":{"containerScope":{"containerScope":{"containerScope":{"contributions":{},"includedScopes":[]},"contributions":{},"includedScopes":[]},"contributions":{},"includedScopes":[{"contributions":{},"includedScopes":[]},{"contributions":{},"includedScopes":[]}]},"contributions":{},"includedScopes":[{"containerScope":{"containerScope":{"containerScope":{"contributions":{},"includedScopes":[]},"contributions":{},"includedScopes":[]},"contributions":{},"includedScopes":[]},"contributions":{},"includedScopes":[]}]},"contributions":{},"includedScopes":[]},"contributions":{},"includedScopes":[]},"contributions":{},"includedScopes":[]},"contributions":{},"includedScopes":[]},"contributions":{},"includedScopes":[]},"sourceMap":{"end":{"column":63,"line":40,"offset":1265},"start":{"column":61,"line":40,"offset":1263}},"value":90}],"id":"75e16ed9-87ba-442d-a918-ca788f5f6876","message":"caloriasAQuemar","metadata":[],"receiver":{"id":"e673eada-0fc8-432d-9aaa-2fe6b4c2ff06","metadata":[],"name":"remarEnCaminoRemeros","scope":{"containerScope":{"containerScope":{"containerScope":{"containerScope":{"containerScope":{"containerScope":{"containerScope":{"containerScope":{"contributions":{},"includedScopes":[]},"contributions":{},"includedScopes":[]},"contributions":{},"includedScopes":[{"contributions":{},"includedScopes":[]},{"contributions":{},"includedScopes":[]}]},"contributions":{},"includedScopes":[{"containerScope":{"containerScope":{"containerScope":{"contributions":{},"includedScopes":[]},"contributions":{},"includedScopes":[]},"contributions":{},"includedScopes":[]},"contributions":{},"includedScopes":[]}]},"contributions":{},"includedScopes":[]},"contributions":{},"includedScopes":[]},"contributions":{},"includedScopes":[]},"contributions":{},"includedScopes":[]},"contributions":{},"includedScopes":[]},"sourceMap":{"end":{"column":44,"line":40,"offset":1246},"start":{"column":24,"line":40,"offset":1226}}},"scope":{"containerScope":{"containerScope":{"containerScope":{"containerScope":{"containerScope":{"containerScope":{"containerScope":{"contributions":{},"includedScopes":[]},"contributions":{},"includedScopes":[]},"contributions":{},"includedScopes":[{"contributions":{},"includedScopes":[]},{"contributions":{},"includedScopes":[]}]},"contributions":{},"includedScopes":[{"containerScope":{"containerScope":{"containerScope":{"contributions":{},"includedScopes":[]},"contributions":{},"includedScopes":[]},"contributions":{},"includedScopes":[]},"contributions":{},"includedScopes":[]}]},"contributions":{},"includedScopes":[]},"contributions":{},"includedScopes":[]},"contributions":{},"includedScopes":[]},"contributions":{},"includedScopes":[]},"sourceMap":{"end":{"column":64,"line":40,"offset":1266},"start":{"column":24,"line":40,"offset":1226}}}],"id":"41a9f5be-8802-464c-930d-c2a70d6fc892","message":"equals","metadata":[],"receiver":{"id":"01380149-753b-49a1-a8c8-879512c0f0ae","metadata":[],"name":"assert","scope":{"containerScope":{"containerScope":{"containerScope":{"containerScope":{"containerScope":{"containerScope":{"containerScope":{"contributions":{},"includedScopes":[]},"contributions":{},"includedScopes":[]},"contributions":{},"includedScopes":[{"contributions":{},"includedScopes":[]},{"contributions":{},"includedScopes":[]}]},"contributions":{},"includedScopes":[{"containerScope":{"containerScope":{"containerScope":{"contributions":{},"includedScopes":[]},"contributions":{},"includedScopes":[]},"contributions":{},"includedScopes":[]},"contributions":{},"includedScopes":[]}]},"contributions":{},"includedScopes":[]},"contributions":{},"includedScopes":[]},"contributions":{},"includedScopes":[]},"contributions":{},"includedScopes":[]},"sourceMap":{"end":{"column":9,"line":40,"offset":1211},"start":{"column":3,"line":40,"offset":1205}}},"scope":{"containerScope":{"containerScope":{"containerScope":{"containerScope":{"containerScope":{"containerScope":{"contributions":{},"includedScopes":[]},"contributions":{},"includedScopes":[]},"contributions":{},"includedScopes":[{"contributions":{},"includedScopes":[]},{"contributions":{},"includedScopes":[]}]},"contributions":{},"includedScopes":[{"containerScope":{"containerScope":{"containerScope":{"contributions":{},"includedScopes":[]},"contributions":{},"includedScopes":[]},"contributions":{},"includedScopes":[]},"contributions":{},"includedScopes":[]}]},"contributions":{},"includedScopes":[]},"contributions":{},"includedScopes":[]},"contributions":{},"includedScopes":[]},"sourceMap":{"end":{"column":65,"line":40,"offset":1267},"start":{"column":3,"line":40,"offset":1205}}}],"sourceMap":{"end":{"column":3,"line":41,"offset":1270},"start":{"column":39,"line":38,"offset":1139}}},"id":"fb13b11a-f1b0-4849-bb89-b6e19d87783f","isOnly":false,"metadata":[],"name":"\"1.4 consulta remo competitivo\"","scope":{"containerScope":{"containerScope":{"containerScope":{"containerScope":{"contributions":{},"includedScopes":[]},"contributions":{},"includedScopes":[]},"contributions":{},"includedScopes":[{"contributions":{},"includedScopes":[]},{"contributions":{},"includedScopes":[]}]},"contributions":{},"includedScopes":[{"containerScope":{"containerScope":{"containerScope":{"contributions":{},"includedScopes":[]},"contributions":{},"includedScopes":[]},"contributions":{},"includedScopes":[]},"contributions":{},"includedScopes":[]}]},"contributions":{},"includedScopes":[]},"sourceMap":{"end":{"column":3,"line":41,"offset":1270},"start":{"column":2,"line":38,"offset":1102}}}],"metadata":[{"args":{"position":"inner","text":"//Punto 2: Personas"},"name":"comment"},{"args":{"position":"inner","text":"//ATENCION: usar el metodo truncate(3) para truncar un numero a 3 decimales"},"name":"comment"},{"args":{"position":"inner","text":"// Ej: 1.2345.truncate(3) -> devuelve 1.234 "},"name":"comment"},{"args":{"position":"inner","text":"//\ttest '2.1.1 test sedentario running' {"},"name":"comment"},{"args":{"position":"inner","text":"//\t\t// hacer que calamardo practique correrEnLaPlaya"},"name":"comment"},{"args":{"position":"inner","text":"//\t\t// el peso de calamardo debería ser 59.948 (truncado a 3 decimales)"},"name":"comment"},{"args":{"position":"inner","text":"//\t} "},"name":"comment"},{"args":{"position":"inner","text":"//\ttest '2.1.2 test sedentario maraton' {"},"name":"comment"},{"args":{"position":"inner","text":"//\t\t// hacer que calamardo practique maratonBA"},"name":"comment"},{"args":{"position":"inner","text":"//\t\t// el peso de calamardo debería ser 59.871 (truncado a 3 decimales)"},"name":"comment"},{"args":{"position":"inner","text":"//\t} "},"name":"comment"},{"args":{"position":"inner","text":"//\ttest '2.1.3 test sedentario remo' {"},"name":"comment"},{"args":{"position":"inner","text":"//\t\t// hacer que calamardo practique remarEnElDelta"},"name":"comment"},{"args":{"position":"inner","text":"//\t\t// el peso de calamardo debería ser 59.925 (truncado a 3 decimales)"},"name":"comment"},{"args":{"position":"inner","text":"//\t} "},"name":"comment"},{"args":{"position":"inner","text":"//\ttest '2.1.3 test sedentario remo competicion' {"},"name":"comment"},{"args":{"position":"inner","text":"//\t\t// hacer que calamardo practique remarEnCaminoRemeros"},"name":"comment"},{"args":{"position":"inner","text":"//\t\t// el peso de calamardo debería ser 59.927 (truncado a 3 decimales)"},"name":"comment"},{"args":{"position":"inner","text":"//\t} "},"name":"comment"},{"args":{"position":"inner","text":"//\ttest '2.1.5 test sedentario no puede practicar' {"},"name":"comment"},{"args":{"position":"inner","text":"//\t\t// Hacer que el peso de calamardo sea 40"},"name":"comment"},{"args":{"position":"inner","text":"//\t\t// hacer que calamardo practique correrEnLaPlaya (NO SE PUEDE!)"},"name":"comment"},{"args":{"position":"inner","text":"//\t\t// el peso de calamardo debería ser 40 "},"name":"comment"},{"args":{"position":"inner","text":"//\t} "},"name":"comment"},{"args":{"position":"inner","text":"//\ttest \"2.2.1 test atleta running\" {"},"name":"comment"},{"args":{"position":"inner","text":"//\t\t// hacer que bob practique correrEnLaPlaya"},"name":"comment"},{"args":{"position":"inner","text":"//\t\t// el peso de bob debería ser 39.725 (truncado a 3 decimales)"},"name":"comment"},{"args":{"position":"inner","text":"//\t }"},"name":"comment"},{"args":{"position":"inner","text":"//\ttest \"2.2.2 test atleta maraton\" {"},"name":"comment"},{"args":{"position":"inner","text":"//\t\t// hacer que bob practique maratonBA"},"name":"comment"},{"args":{"position":"inner","text":"//\t\t// el peso de bob debería ser 37.812 (truncado a 3 decimales)"},"name":"comment"},{"args":{"position":"inner","text":"//\t }"},"name":"comment"},{"args":{"position":"inner","text":"//\ttest \"2.2.3 test atleta remo\" {"},"name":"comment"},{"args":{"position":"inner","text":"//\t\t// hacer que bob practique remarEnElDelta( NO SE PUEDE!)"},"name":"comment"},{"args":{"position":"inner","text":"//\t\t// el peso de bob debería ser 40 "},"name":"comment"},{"args":{"position":"inner","text":"//\t}"},"name":"comment"},{"args":{"position":"inner","text":"//\ttest \"2.2.3 test atleta remo de competición\" {"},"name":"comment"},{"args":{"position":"inner","text":"//\t\t// hacer que bob practique remarEnCaminoRemeros"},"name":"comment"},{"args":{"position":"inner","text":"//\t\t// el peso de bob debería ser 39.406"},"name":"comment"},{"args":{"position":"inner","text":"//\t}"},"name":"comment"},{"args":{"position":"inner","text":"//punto 3: Consultas"},"name":"comment"},{"args":{"position":"inner","text":"//\ttest \"3.1 el mejor predio\" {"},"name":"comment"},{"args":{"position":"inner","text":"//\t\t//El mejor predio del clubBarrial para bob debería ser recreo\t\t"},"name":"comment"},{"args":{"position":"inner","text":"//\t\t//El mejor predio del clubBarrial para calamardo debería ser recreo\t\t"},"name":"comment"},{"args":{"position":"inner","text":"//\t}\t"},"name":"comment"},{"args":{"position":"inner","text":"//\ttest \"3.2 predios tranquis\" {"},"name":"comment"},{"args":{"position":"inner","text":"//\t\t//No debería haber predios tranquis en el clubBarrial para bob"},"name":"comment"},{"args":{"position":"inner","text":"//\t\t//Los predios tranquis del clubBarrial para calamardo solo incluyen a recreo  "},"name":"comment"},{"args":{"position":"inner","text":"//\t}"},"name":"comment"},{"args":{"position":"inner","text":"//\ttest \"3.3 rutinas más exigentes\" {"},"name":"comment"},{"args":{"position":"inner","text":"//\t\t//Las rutinas más exigentes del clubBarrial para bob son maratonBA y remarEnCaminoRemeros"},"name":"comment"},{"args":{"position":"inner","text":"//\t\t//Las rutinas más exigentes del clubBarrial para calamardo son maratonBA y remarEnElDelta"},"name":"comment"},{"args":{"position":"inner","text":"//\t}"},"name":"comment"}],"name":"\"rutinas\"","problems":[{"code":"malformedMember","sourceMap":{"end":{"column":0,"line":15,"offset":441},"start":{"column":9,"line":14,"offset":400}}}],"scope":{"containerScope":{"containerScope":{"containerScope":{"contributions":{},"includedScopes":[]},"contributions":{},"includedScopes":[]},"contributions":{},"includedScopes":[{"contributions":{},"includedScopes":[]},{"contributions":{},"includedScopes":[]}]},"contributions":{},"includedScopes":[{"containerScope":{"containerScope":{"containerScope":{"contributions":{},"includedScopes":[]},"contributions":{},"includedScopes":[]},"contributions":{},"includedScopes":[]},"contributions":{},"includedScopes":[]}]},"sourceMap":{"end":{"column":2,"line":109,"offset":3565},"start":{"column":1,"line":4,"offset":36}},"supertypes":[{"args":[],"metadata":[],"reference":{"metadata":[],"name":"wollok.lang.Object","scope":{"containerScope":{"containerScope":{"containerScope":{"containerScope":{"contributions":{},"includedScopes":[]},"contributions":{},"includedScopes":[]},"contributions":{},"includedScopes":[{"contributions":{},"includedScopes":[]},{"contributions":{},"includedScopes":[]}]},"contributions":{},"includedScopes":[{"containerScope":{"containerScope":{"containerScope":{"contributions":{},"includedScopes":[]},"contributions":{},"includedScopes":[]},"contributions":{},"includedScopes":[]},"contributions":{},"includedScopes":[]}]},"contributions":{},"includedScopes":[]}},"scope":{"containerScope":{"containerScope":{"containerScope":{"containerScope":{"contributions":{},"includedScopes":[]},"contributions":{},"includedScopes":[]},"contributions":{},"includedScopes":[{"contributions":{},"includedScopes":[]},{"contributions":{},"includedScopes":[]}]},"contributions":{},"includedScopes":[{"containerScope":{"containerScope":{"containerScope":{"contributions":{},"includedScopes":[]},"contributions":{},"includedScopes":[]},"contributions":{},"includedScopes":[]},"contributions":{},"includedScopes":[]}]},"contributions":{},"includedScopes":[]}}]},"stack":"Error: Failed to print, found malformed node\n    at /home/publico/.var/app/com.visualstudio.code/data/vscode/extensions/uqbar.wollok-lsp-ide-0.5.3/out/server/src/server.js:68:3585\n    at Gbn (/home/publico/.var/app/com.visualstudio.code/data/vscode/extensions/uqbar.wollok-lsp-ide-0.5.3/out/server/src/server.js:68:3396)\n    at /home/publico/.var/app/com.visualstudio.code/data/vscode/extensions/uqbar.wollok-lsp-ide-0.5.3/out/server/src/server.js:2393:847\n    at /home/publico/.var/app/com.visualstudio.code/data/vscode/extensions/uqbar.wollok-lsp-ide-0.5.3/out/server/src/server.js:2393:8440\n    at /home/publico/.var/app/com.visualstudio.code/data/vscode/extensions/uqbar.wollok-lsp-ide-0.5.3/out/server/src/server.js:37:74770\n    at Ye (/home/publico/.var/app/com.visualstudio.code/data/vscode/extensions/uqbar.wollok-lsp-ide-0.5.3/out/server/src/server.js:7:8527)\n    at qt (/home/publico/.var/app/com.visualstudio.code/data/vscode/extensions/uqbar.wollok-lsp-ide-0.5.3/out/server/src/server.js:7:6189)\n    at ot (/home/publico/.var/app/com.visualstudio.code/data/vscode/extensions/uqbar.wollok-lsp-ide-0.5.3/out/server/src/server.js:7:6378)\n    at Immediate._onImmediate (/home/publico/.var/app/com.visualstudio.code/data/vscode/extensions/uqbar.wollok-lsp-ide-0.5.3/out/server/src/server.js:7:6142)\n    at process.processImmediate (node:internal/timers:485:21)","timestamp":"2025-10-22T15:19:23.312Z"}
{"level":"error","message":"✘ Failed to rebuild document Failed to parse src/gimnasia.wtest: \n-- PARSING FAILED --------------------------------------------------\n\n  107 | //\t}\n  108 | \t\n> 109 | }\n      | ^\n\nExpected one of the following: \n\n'@', 'class', 'const', 'describe', 'mixin', 'object', 'only', 'package', 'program', 'test', 'var', '{', EOF, comment, not \"}\", whitespace\n","stack":"Error: Failed to parse src/gimnasia.wtest: \n-- PARSING FAILED --------------------------------------------------\n\n  107 | //\t}\n  108 | \t\n> 109 | }\n      | ^\n\nExpected one of the following: \n\n'@', 'class', 'const', 'describe', 'mixin', 'object', 'only', 'package', 'program', 'test', 'var', '{', EOF, comment, not \"}\", whitespace\n\n    at /home/publico/.var/app/com.visualstudio.code/data/vscode/extensions/uqbar.wollok-lsp-ide-0.5.3/out/server/src/server.js:2348:13026\n    at Array.map (<anonymous>)\n    at W1n (/home/publico/.var/app/com.visualstudio.code/data/vscode/extensions/uqbar.wollok-lsp-ide-0.5.3/out/server/src/server.js:2348:12950)\n    at U2.buildEnvironmentFrom (/home/publico/.var/app/com.visualstudio.code/data/vscode/extensions/uqbar.wollok-lsp-ide-0.5.3/out/server/src/server.js:2393:5254)\n    at U2.updateEnvironmentWith (/home/publico/.var/app/com.visualstudio.code/data/vscode/extensions/uqbar.wollok-lsp-ide-0.5.3/out/server/src/server.js:2393:4989)\n    at JF (/home/publico/.var/app/com.visualstudio.code/data/vscode/extensions/uqbar.wollok-lsp-ide-0.5.3/out/server/src/server.js:2393:7383)\n    at F3.invoke (/home/publico/.var/app/com.visualstudio.code/data/vscode/extensions/uqbar.wollok-lsp-ide-0.5.3/out/server/src/server.js:3:157334)\n    at o.fire (/home/publico/.var/app/com.visualstudio.code/data/vscode/extensions/uqbar.wollok-lsp-ide-0.5.3/out/server/src/server.js:3:158104)\n    at /home/publico/.var/app/com.visualstudio.code/data/vscode/extensions/uqbar.wollok-lsp-ide-0.5.3/out/server/src/server.js:37:57871\n    at Zr (/home/publico/.var/app/com.visualstudio.code/data/vscode/extensions/uqbar.wollok-lsp-ide-0.5.3/out/server/src/server.js:8:1561)","timestamp":"2025-10-22T15:19:26.680Z"}
{"level":"error","message":"✘ Failed to rebuild document Failed to parse src/gimnasia.wtest: \n-- PARSING FAILED --------------------------------------------------\n\n  107 | //\t}\n  108 | \t\n> 109 | }\n      | ^\n\nExpected one of the following: \n\n'@', 'class', 'const', 'describe', 'mixin', 'object', 'only', 'package', 'program', 'test', 'var', '{', EOF, comment, not \"}\", whitespace\n","stack":"Error: Failed to parse src/gimnasia.wtest: \n-- PARSING FAILED --------------------------------------------------\n\n  107 | //\t}\n  108 | \t\n> 109 | }\n      | ^\n\nExpected one of the following: \n\n'@', 'class', 'const', 'describe', 'mixin', 'object', 'only', 'package', 'program', 'test', 'var', '{', EOF, comment, not \"}\", whitespace\n\n    at /home/publico/.var/app/com.visualstudio.code/data/vscode/extensions/uqbar.wollok-lsp-ide-0.5.3/out/server/src/server.js:2348:13026\n    at Array.map (<anonymous>)\n    at W1n (/home/publico/.var/app/com.visualstudio.code/data/vscode/extensions/uqbar.wollok-lsp-ide-0.5.3/out/server/src/server.js:2348:12950)\n    at U2.buildEnvironmentFrom (/home/publico/.var/app/com.visualstudio.code/data/vscode/extensions/uqbar.wollok-lsp-ide-0.5.3/out/server/src/server.js:2393:5254)\n    at U2.updateEnvironmentWith (/home/publico/.var/app/com.visualstudio.code/data/vscode/extensions/uqbar.wollok-lsp-ide-0.5.3/out/server/src/server.js:2393:4989)\n    at JF (/home/publico/.var/app/com.visualstudio.code/data/vscode/extensions/uqbar.wollok-lsp-ide-0.5.3/out/server/src/server.js:2393:7383)\n    at F3.invoke (/home/publico/.var/app/com.visualstudio.code/data/vscode/extensions/uqbar.wollok-lsp-ide-0.5.3/out/server/src/server.js:3:157334)\n    at o.fire (/home/publico/.var/app/com.visualstudio.code/data/vscode/extensions/uqbar.wollok-lsp-ide-0.5.3/out/server/src/server.js:3:158104)\n    at /home/publico/.var/app/com.visualstudio.code/data/vscode/extensions/uqbar.wollok-lsp-ide-0.5.3/out/server/src/server.js:37:57871\n    at Zr (/home/publico/.var/app/com.visualstudio.code/data/vscode/extensions/uqbar.wollok-lsp-ide-0.5.3/out/server/src/server.js:8:1561)","timestamp":"2025-10-22T15:19:27.396Z"}
{"level":"error","message":"✘ Failed to rebuild document Failed to parse src/gimnasia.wtest: \n-- PARSING FAILED --------------------------------------------------\n\n  107 | //\t}\n  108 | \t\n> 109 | }\n      | ^\n\nExpected one of the following: \n\n'@', 'class', 'const', 'describe', 'mixin', 'object', 'only', 'package', 'program', 'test', 'var', '{', EOF, comment, not \"}\", whitespace\n","stack":"Error: Failed to parse src/gimnasia.wtest: \n-- PARSING FAILED --------------------------------------------------\n\n  107 | //\t}\n  108 | \t\n> 109 | }\n      | ^\n\nExpected one of the following: \n\n'@', 'class', 'const', 'describe', 'mixin', 'object', 'only', 'package', 'program', 'test', 'var', '{', EOF, comment, not \"}\", whitespace\n\n    at /home/publico/.var/app/com.visualstudio.code/data/vscode/extensions/uqbar.wollok-lsp-ide-0.5.3/out/server/src/server.js:2348:13026\n    at Array.map (<anonymous>)\n    at W1n (/home/publico/.var/app/com.visualstudio.code/data/vscode/extensions/uqbar.wollok-lsp-ide-0.5.3/out/server/src/server.js:2348:12950)\n    at U2.buildEnvironmentFrom (/home/publico/.var/app/com.visualstudio.code/data/vscode/extensions/uqbar.wollok-lsp-ide-0.5.3/out/server/src/server.js:2393:5254)\n    at U2.updateEnvironmentWith (/home/publico/.var/app/com.visualstudio.code/data/vscode/extensions/uqbar.wollok-lsp-ide-0.5.3/out/server/src/server.js:2393:4989)\n    at JF (/home/publico/.var/app/com.visualstudio.code/data/vscode/extensions/uqbar.wollok-lsp-ide-0.5.3/out/server/src/server.js:2393:7383)\n    at F3.invoke (/home/publico/.var/app/com.visualstudio.code/data/vscode/extensions/uqbar.wollok-lsp-ide-0.5.3/out/server/src/server.js:3:157334)\n    at o.fire (/home/publico/.var/app/com.visualstudio.code/data/vscode/extensions/uqbar.wollok-lsp-ide-0.5.3/out/server/src/server.js:3:158104)\n    at /home/publico/.var/app/com.visualstudio.code/data/vscode/extensions/uqbar.wollok-lsp-ide-0.5.3/out/server/src/server.js:37:57871\n    at Zr (/home/publico/.var/app/com.visualstudio.code/data/vscode/extensions/uqbar.wollok-lsp-ide-0.5.3/out/server/src/server.js:8:1561)","timestamp":"2025-10-22T15:19:27.926Z"}
{"level":"info","message":"⌛ Building environment","timeElapsed":127,"timestamp":"2025-10-22T15:19:31.415Z"}
{"level":"info","message":"⌛ Validating src/gimnasia.wtest","timeElapsed":103,"timestamp":"2025-10-22T15:19:31.519Z"}
{"level":"error","message":"✘ Failed to rebuild document Failed to parse src/gimnasia.wtest: \n-- PARSING FAILED --------------------------------------------------\n\n  107 | //\t}\n  108 | \t\n> 109 | }\n      | ^\n\nExpected one of the following: \n\n'@', 'class', 'const', 'describe', 'mixin', 'object', 'only', 'package', 'program', 'test', 'var', '{', EOF, comment, not \"}\", whitespace\n","stack":"Error: Failed to parse src/gimnasia.wtest: \n-- PARSING FAILED --------------------------------------------------\n\n  107 | //\t}\n  108 | \t\n> 109 | }\n      | ^\n\nExpected one of the following: \n\n'@', 'class', 'const', 'describe', 'mixin', 'object', 'only', 'package', 'program', 'test', 'var', '{', EOF, comment, not \"}\", whitespace\n\n    at /home/publico/.var/app/com.visualstudio.code/data/vscode/extensions/uqbar.wollok-lsp-ide-0.5.3/out/server/src/server.js:2348:13026\n    at Array.map (<anonymous>)\n    at W1n (/home/publico/.var/app/com.visualstudio.code/data/vscode/extensions/uqbar.wollok-lsp-ide-0.5.3/out/server/src/server.js:2348:12950)\n    at U2.buildEnvironmentFrom (/home/publico/.var/app/com.visualstudio.code/data/vscode/extensions/uqbar.wollok-lsp-ide-0.5.3/out/server/src/server.js:2393:5254)\n    at U2.updateEnvironmentWith (/home/publico/.var/app/com.visualstudio.code/data/vscode/extensions/uqbar.wollok-lsp-ide-0.5.3/out/server/src/server.js:2393:4989)\n    at JF (/home/publico/.var/app/com.visualstudio.code/data/vscode/extensions/uqbar.wollok-lsp-ide-0.5.3/out/server/src/server.js:2393:7383)\n    at F3.invoke (/home/publico/.var/app/com.visualstudio.code/data/vscode/extensions/uqbar.wollok-lsp-ide-0.5.3/out/server/src/server.js:3:157334)\n    at o.fire (/home/publico/.var/app/com.visualstudio.code/data/vscode/extensions/uqbar.wollok-lsp-ide-0.5.3/out/server/src/server.js:3:158104)\n    at /home/publico/.var/app/com.visualstudio.code/data/vscode/extensions/uqbar.wollok-lsp-ide-0.5.3/out/server/src/server.js:37:57871\n    at Zr (/home/publico/.var/app/com.visualstudio.code/data/vscode/extensions/uqbar.wollok-lsp-ide-0.5.3/out/server/src/server.js:8:1561)","timestamp":"2025-10-22T15:19:33.374Z"}
{"level":"error","message":"✘ Failed to rebuild document Failed to parse src/gimnasia.wtest: \n-- PARSING FAILED --------------------------------------------------\n\n  107 | //\t}\n  108 | \t\n> 109 | }\n      | ^\n\nExpected one of the following: \n\n'@', 'class', 'const', 'describe', 'mixin', 'object', 'only', 'package', 'program', 'test', 'var', '{', EOF, comment, not \"}\", whitespace\n","stack":"Error: Failed to parse src/gimnasia.wtest: \n-- PARSING FAILED --------------------------------------------------\n\n  107 | //\t}\n  108 | \t\n> 109 | }\n      | ^\n\nExpected one of the following: \n\n'@', 'class', 'const', 'describe', 'mixin', 'object', 'only', 'package', 'program', 'test', 'var', '{', EOF, comment, not \"}\", whitespace\n\n    at /home/publico/.var/app/com.visualstudio.code/data/vscode/extensions/uqbar.wollok-lsp-ide-0.5.3/out/server/src/server.js:2348:13026\n    at Array.map (<anonymous>)\n    at W1n (/home/publico/.var/app/com.visualstudio.code/data/vscode/extensions/uqbar.wollok-lsp-ide-0.5.3/out/server/src/server.js:2348:12950)\n    at U2.buildEnvironmentFrom (/home/publico/.var/app/com.visualstudio.code/data/vscode/extensions/uqbar.wollok-lsp-ide-0.5.3/out/server/src/server.js:2393:5254)\n    at U2.updateEnvironmentWith (/home/publico/.var/app/com.visualstudio.code/data/vscode/extensions/uqbar.wollok-lsp-ide-0.5.3/out/server/src/server.js:2393:4989)\n    at JF (/home/publico/.var/app/com.visualstudio.code/data/vscode/extensions/uqbar.wollok-lsp-ide-0.5.3/out/server/src/server.js:2393:7383)\n    at F3.invoke (/home/publico/.var/app/com.visualstudio.code/data/vscode/extensions/uqbar.wollok-lsp-ide-0.5.3/out/server/src/server.js:3:157334)\n    at o.fire (/home/publico/.var/app/com.visualstudio.code/data/vscode/extensions/uqbar.wollok-lsp-ide-0.5.3/out/server/src/server.js:3:158104)\n    at /home/publico/.var/app/com.visualstudio.code/data/vscode/extensions/uqbar.wollok-lsp-ide-0.5.3/out/server/src/server.js:37:57871\n    at Zr (/home/publico/.var/app/com.visualstudio.code/data/vscode/extensions/uqbar.wollok-lsp-ide-0.5.3/out/server/src/server.js:8:1561)","timestamp":"2025-10-22T15:19:33.461Z"}
{"level":"error","message":"✘ Failed to rebuild document Failed to parse src/gimnasia.wtest: \n-- PARSING FAILED --------------------------------------------------\n\n  107 | //\t}\n  108 | \t\n> 109 | }\n      | ^\n\nExpected one of the following: \n\n'@', 'class', 'const', 'describe', 'mixin', 'object', 'only', 'package', 'program', 'test', 'var', '{', EOF, comment, not \"}\", whitespace\n","stack":"Error: Failed to parse src/gimnasia.wtest: \n-- PARSING FAILED --------------------------------------------------\n\n  107 | //\t}\n  108 | \t\n> 109 | }\n      | ^\n\nExpected one of the following: \n\n'@', 'class', 'const', 'describe', 'mixin', 'object', 'only', 'package', 'program', 'test', 'var', '{', EOF, comment, not \"}\", whitespace\n\n    at /home/publico/.var/app/com.visualstudio.code/data/vscode/extensions/uqbar.wollok-lsp-ide-0.5.3/out/server/src/server.js:2348:13026\n    at Array.map (<anonymous>)\n    at W1n (/home/publico/.var/app/com.visualstudio.code/data/vscode/extensions/uqbar.wollok-lsp-ide-0.5.3/out/server/src/server.js:2348:12950)\n    at U2.buildEnvironmentFrom (/home/publico/.var/app/com.visualstudio.code/data/vscode/extensions/uqbar.wollok-lsp-ide-0.5.3/out/server/src/server.js:2393:5254)\n    at U2.updateEnvironmentWith (/home/publico/.var/app/com.visualstudio.code/data/vscode/extensions/uqbar.wollok-lsp-ide-0.5.3/out/server/src/server.js:2393:4989)\n    at JF (/home/publico/.var/app/com.visualstudio.code/data/vscode/extensions/uqbar.wollok-lsp-ide-0.5.3/out/server/src/server.js:2393:7383)\n    at F3.invoke (/home/publico/.var/app/com.visualstudio.code/data/vscode/extensions/uqbar.wollok-lsp-ide-0.5.3/out/server/src/server.js:3:157334)\n    at o.fire (/home/publico/.var/app/com.visualstudio.code/data/vscode/extensions/uqbar.wollok-lsp-ide-0.5.3/out/server/src/server.js:3:158104)\n    at /home/publico/.var/app/com.visualstudio.code/data/vscode/extensions/uqbar.wollok-lsp-ide-0.5.3/out/server/src/server.js:37:57871\n    at Zr (/home/publico/.var/app/com.visualstudio.code/data/vscode/extensions/uqbar.wollok-lsp-ide-0.5.3/out/server/src/server.js:8:1561)","timestamp":"2025-10-22T15:19:33.554Z"}
{"level":"error","message":"✘ Failed to rebuild document Failed to parse src/gimnasia.wtest: \n-- PARSING FAILED --------------------------------------------------\n\n  107 | //\t}\n  108 | \t\n> 109 | }\n      | ^\n\nExpected one of the following: \n\n'@', 'class', 'const', 'describe', 'mixin', 'object', 'only', 'package', 'program', 'test', 'var', '{', EOF, comment, not \"}\", whitespace\n","stack":"Error: Failed to parse src/gimnasia.wtest: \n-- PARSING FAILED --------------------------------------------------\n\n  107 | //\t}\n  108 | \t\n> 109 | }\n      | ^\n\nExpected one of the following: \n\n'@', 'class', 'const', 'describe', 'mixin', 'object', 'only', 'package', 'program', 'test', 'var', '{', EOF, comment, not \"}\", whitespace\n\n    at /home/publico/.var/app/com.visualstudio.code/data/vscode/extensions/uqbar.wollok-lsp-ide-0.5.3/out/server/src/server.js:2348:13026\n    at Array.map (<anonymous>)\n    at W1n (/home/publico/.var/app/com.visualstudio.code/data/vscode/extensions/uqbar.wollok-lsp-ide-0.5.3/out/server/src/server.js:2348:12950)\n    at U2.buildEnvironmentFrom (/home/publico/.var/app/com.visualstudio.code/data/vscode/extensions/uqbar.wollok-lsp-ide-0.5.3/out/server/src/server.js:2393:5254)\n    at U2.updateEnvironmentWith (/home/publico/.var/app/com.visualstudio.code/data/vscode/extensions/uqbar.wollok-lsp-ide-0.5.3/out/server/src/server.js:2393:4989)\n    at JF (/home/publico/.var/app/com.visualstudio.code/data/vscode/extensions/uqbar.wollok-lsp-ide-0.5.3/out/server/src/server.js:2393:7383)\n    at F3.invoke (/home/publico/.var/app/com.visualstudio.code/data/vscode/extensions/uqbar.wollok-lsp-ide-0.5.3/out/server/src/server.js:3:157334)\n    at o.fire (/home/publico/.var/app/com.visualstudio.code/data/vscode/extensions/uqbar.wollok-lsp-ide-0.5.3/out/server/src/server.js:3:158104)\n    at /home/publico/.var/app/com.visualstudio.code/data/vscode/extensions/uqbar.wollok-lsp-ide-0.5.3/out/server/src/server.js:37:57871\n    at Zr (/home/publico/.var/app/com.visualstudio.code/data/vscode/extensions/uqbar.wollok-lsp-ide-0.5.3/out/server/src/server.js:8:1561)","timestamp":"2025-10-22T15:19:34.459Z"}
{"level":"error","message":"✘ Failed to rebuild document Failed to parse src/gimnasia.wtest: \n-- PARSING FAILED --------------------------------------------------\n\n  107 | //\t}\n  108 | \t\n> 109 | }\n      | ^\n\nExpected one of the following: \n\n'@', 'class', 'const', 'describe', 'mixin', 'object', 'only', 'package', 'program', 'test', 'var', '{', EOF, comment, not \"}\", whitespace\n","stack":"Error: Failed to parse src/gimnasia.wtest: \n-- PARSING FAILED --------------------------------------------------\n\n  107 | //\t}\n  108 | \t\n> 109 | }\n      | ^\n\nExpected one of the following: \n\n'@', 'class', 'const', 'describe', 'mixin', 'object', 'only', 'package', 'program', 'test', 'var', '{', EOF, comment, not \"}\", whitespace\n\n    at /home/publico/.var/app/com.visualstudio.code/data/vscode/extensions/uqbar.wollok-lsp-ide-0.5.3/out/server/src/server.js:2348:13026\n    at Array.map (<anonymous>)\n    at W1n (/home/publico/.var/app/com.visualstudio.code/data/vscode/extensions/uqbar.wollok-lsp-ide-0.5.3/out/server/src/server.js:2348:12950)\n    at U2.buildEnvironmentFrom (/home/publico/.var/app/com.visualstudio.code/data/vscode/extensions/uqbar.wollok-lsp-ide-0.5.3/out/server/src/server.js:2393:5254)\n    at U2.updateEnvironmentWith (/home/publico/.var/app/com.visualstudio.code/data/vscode/extensions/uqbar.wollok-lsp-ide-0.5.3/out/server/src/server.js:2393:4989)\n    at JF (/home/publico/.var/app/com.visualstudio.code/data/vscode/extensions/uqbar.wollok-lsp-ide-0.5.3/out/server/src/server.js:2393:7383)\n    at F3.invoke (/home/publico/.var/app/com.visualstudio.code/data/vscode/extensions/uqbar.wollok-lsp-ide-0.5.3/out/server/src/server.js:3:157334)\n    at o.fire (/home/publico/.var/app/com.visualstudio.code/data/vscode/extensions/uqbar.wollok-lsp-ide-0.5.3/out/server/src/server.js:3:158104)\n    at /home/publico/.var/app/com.visualstudio.code/data/vscode/extensions/uqbar.wollok-lsp-ide-0.5.3/out/server/src/server.js:37:57871\n    at Zr (/home/publico/.var/app/com.visualstudio.code/data/vscode/extensions/uqbar.wollok-lsp-ide-0.5.3/out/server/src/server.js:8:1561)","timestamp":"2025-10-22T15:19:34.725Z"}
{"level":"error","message":"✘ Failed to rebuild document Failed to parse src/gimnasia.wtest: \n-- PARSING FAILED --------------------------------------------------\n\n  107 | //\t}\n  108 | \t\n> 109 | }\n      | ^\n\nExpected one of the following: \n\n'@', 'class', 'const', 'describe', 'mixin', 'object', 'only', 'package', 'program', 'test', 'var', '{', EOF, comment, not \"}\", whitespace\n","stack":"Error: Failed to parse src/gimnasia.wtest: \n-- PARSING FAILED --------------------------------------------------\n\n  107 | //\t}\n  108 | \t\n> 109 | }\n      | ^\n\nExpected one of the following: \n\n'@', 'class', 'const', 'describe', 'mixin', 'object', 'only', 'package', 'program', 'test', 'var', '{', EOF, comment, not \"}\", whitespace\n\n    at /home/publico/.var/app/com.visualstudio.code/data/vscode/extensions/uqbar.wollok-lsp-ide-0.5.3/out/server/src/server.js:2348:13026\n    at Array.map (<anonymous>)\n    at W1n (/home/publico/.var/app/com.visualstudio.code/data/vscode/extensions/uqbar.wollok-lsp-ide-0.5.3/out/server/src/server.js:2348:12950)\n    at U2.buildEnvironmentFrom (/home/publico/.var/app/com.visualstudio.code/data/vscode/extensions/uqbar.wollok-lsp-ide-0.5.3/out/server/src/server.js:2393:5254)\n    at U2.updateEnvironmentWith (/home/publico/.var/app/com.visualstudio.code/data/vscode/extensions/uqbar.wollok-lsp-ide-0.5.3/out/server/src/server.js:2393:4989)\n    at JF (/home/publico/.var/app/com.visualstudio.code/data/vscode/extensions/uqbar.wollok-lsp-ide-0.5.3/out/server/src/server.js:2393:7383)\n    at F3.invoke (/home/publico/.var/app/com.visualstudio.code/data/vscode/extensions/uqbar.wollok-lsp-ide-0.5.3/out/server/src/server.js:3:157334)\n    at o.fire (/home/publico/.var/app/com.visualstudio.code/data/vscode/extensions/uqbar.wollok-lsp-ide-0.5.3/out/server/src/server.js:3:158104)\n    at /home/publico/.var/app/com.visualstudio.code/data/vscode/extensions/uqbar.wollok-lsp-ide-0.5.3/out/server/src/server.js:37:57871\n    at Zr (/home/publico/.var/app/com.visualstudio.code/data/vscode/extensions/uqbar.wollok-lsp-ide-0.5.3/out/server/src/server.js:8:1561)","timestamp":"2025-10-22T15:19:34.866Z"}
{"level":"error","message":"✘ Failed to rebuild document Failed to parse src/gimnasia.wtest: \n-- PARSING FAILED --------------------------------------------------\n\n  107 | //\t}\n  108 | \t\n> 109 | }\n      | ^\n\nExpected one of the following: \n\n'@', 'class', 'const', 'describe', 'mixin', 'object', 'only', 'package', 'program', 'test', 'var', '{', EOF, comment, not \"}\", whitespace\n","stack":"Error: Failed to parse src/gimnasia.wtest: \n-- PARSING FAILED --------------------------------------------------\n\n  107 | //\t}\n  108 | \t\n> 109 | }\n      | ^\n\nExpected one of the following: \n\n'@', 'class', 'const', 'describe', 'mixin', 'object', 'only', 'package', 'program', 'test', 'var', '{', EOF, comment, not \"}\", whitespace\n\n    at /home/publico/.var/app/com.visualstudio.code/data/vscode/extensions/uqbar.wollok-lsp-ide-0.5.3/out/server/src/server.js:2348:13026\n    at Array.map (<anonymous>)\n    at W1n (/home/publico/.var/app/com.visualstudio.code/data/vscode/extensions/uqbar.wollok-lsp-ide-0.5.3/out/server/src/server.js:2348:12950)\n    at U2.buildEnvironmentFrom (/home/publico/.var/app/com.visualstudio.code/data/vscode/extensions/uqbar.wollok-lsp-ide-0.5.3/out/server/src/server.js:2393:5254)\n    at U2.updateEnvironmentWith (/home/publico/.var/app/com.visualstudio.code/data/vscode/extensions/uqbar.wollok-lsp-ide-0.5.3/out/server/src/server.js:2393:4989)\n    at JF (/home/publico/.var/app/com.visualstudio.code/data/vscode/extensions/uqbar.wollok-lsp-ide-0.5.3/out/server/src/server.js:2393:7383)\n    at F3.invoke (/home/publico/.var/app/com.visualstudio.code/data/vscode/extensions/uqbar.wollok-lsp-ide-0.5.3/out/server/src/server.js:3:157334)\n    at o.fire (/home/publico/.var/app/com.visualstudio.code/data/vscode/extensions/uqbar.wollok-lsp-ide-0.5.3/out/server/src/server.js:3:158104)\n    at /home/publico/.var/app/com.visualstudio.code/data/vscode/extensions/uqbar.wollok-lsp-ide-0.5.3/out/server/src/server.js:37:57871\n    at Zr (/home/publico/.var/app/com.visualstudio.code/data/vscode/extensions/uqbar.wollok-lsp-ide-0.5.3/out/server/src/server.js:8:1561)","timestamp":"2025-10-22T15:19:34.996Z"}
{"level":"error","message":"✘ Failed to rebuild document Failed to parse src/gimnasia.wtest: \n-- PARSING FAILED --------------------------------------------------\n\n  107 | //\t}\n  108 | \t\n> 109 | }\n      | ^\n\nExpected one of the following: \n\n'@', 'class', 'const', 'describe', 'mixin', 'object', 'only', 'package', 'program', 'test', 'var', '{', EOF, comment, not \"}\", whitespace\n","stack":"Error: Failed to parse src/gimnasia.wtest: \n-- PARSING FAILED --------------------------------------------------\n\n  107 | //\t}\n  108 | \t\n> 109 | }\n      | ^\n\nExpected one of the following: \n\n'@', 'class', 'const', 'describe', 'mixin', 'object', 'only', 'package', 'program', 'test', 'var', '{', EOF, comment, not \"}\", whitespace\n\n    at /home/publico/.var/app/com.visualstudio.code/data/vscode/extensions/uqbar.wollok-lsp-ide-0.5.3/out/server/src/server.js:2348:13026\n    at Array.map (<anonymous>)\n    at W1n (/home/publico/.var/app/com.visualstudio.code/data/vscode/extensions/uqbar.wollok-lsp-ide-0.5.3/out/server/src/server.js:2348:12950)\n    at U2.buildEnvironmentFrom (/home/publico/.var/app/com.visualstudio.code/data/vscode/extensions/uqbar.wollok-lsp-ide-0.5.3/out/server/src/server.js:2393:5254)\n    at U2.updateEnvironmentWith (/home/publico/.var/app/com.visualstudio.code/data/vscode/extensions/uqbar.wollok-lsp-ide-0.5.3/out/server/src/server.js:2393:4989)\n    at JF (/home/publico/.var/app/com.visualstudio.code/data/vscode/extensions/uqbar.wollok-lsp-ide-0.5.3/out/server/src/server.js:2393:7383)\n    at F3.invoke (/home/publico/.var/app/com.visualstudio.code/data/vscode/extensions/uqbar.wollok-lsp-ide-0.5.3/out/server/src/server.js:3:157334)\n    at o.fire (/home/publico/.var/app/com.visualstudio.code/data/vscode/extensions/uqbar.wollok-lsp-ide-0.5.3/out/server/src/server.js:3:158104)\n    at /home/publico/.var/app/com.visualstudio.code/data/vscode/extensions/uqbar.wollok-lsp-ide-0.5.3/out/server/src/server.js:37:57871\n    at Zr (/home/publico/.var/app/com.visualstudio.code/data/vscode/extensions/uqbar.wollok-lsp-ide-0.5.3/out/server/src/server.js:8:1561)","timestamp":"2025-10-22T15:19:35.400Z"}
{"level":"error","message":"✘ Failed to rebuild document Failed to parse src/gimnasia.wtest: \n-- PARSING FAILED --------------------------------------------------\n\n  107 | //\t}\n  108 | \t\n> 109 | }\n      | ^\n\nExpected one of the following: \n\n'@', 'class', 'const', 'describe', 'mixin', 'object', 'only', 'package', 'program', 'test', 'var', '{', EOF, comment, not \"}\", whitespace\n","stack":"Error: Failed to parse src/gimnasia.wtest: \n-- PARSING FAILED --------------------------------------------------\n\n  107 | //\t}\n  108 | \t\n> 109 | }\n      | ^\n\nExpected one of the following: \n\n'@', 'class', 'const', 'describe', 'mixin', 'object', 'only', 'package', 'program', 'test', 'var', '{', EOF, comment, not \"}\", whitespace\n\n    at /home/publico/.var/app/com.visualstudio.code/data/vscode/extensions/uqbar.wollok-lsp-ide-0.5.3/out/server/src/server.js:2348:13026\n    at Array.map (<anonymous>)\n    at W1n (/home/publico/.var/app/com.visualstudio.code/data/vscode/extensions/uqbar.wollok-lsp-ide-0.5.3/out/server/src/server.js:2348:12950)\n    at U2.buildEnvironmentFrom (/home/publico/.var/app/com.visualstudio.code/data/vscode/extensions/uqbar.wollok-lsp-ide-0.5.3/out/server/src/server.js:2393:5254)\n    at U2.updateEnvironmentWith (/home/publico/.var/app/com.visualstudio.code/data/vscode/extensions/uqbar.wollok-lsp-ide-0.5.3/out/server/src/server.js:2393:4989)\n    at JF (/home/publico/.var/app/com.visualstudio.code/data/vscode/extensions/uqbar.wollok-lsp-ide-0.5.3/out/server/src/server.js:2393:7383)\n    at F3.invoke (/home/publico/.var/app/com.visualstudio.code/data/vscode/extensions/uqbar.wollok-lsp-ide-0.5.3/out/server/src/server.js:3:157334)\n    at o.fire (/home/publico/.var/app/com.visualstudio.code/data/vscode/extensions/uqbar.wollok-lsp-ide-0.5.3/out/server/src/server.js:3:158104)\n    at /home/publico/.var/app/com.visualstudio.code/data/vscode/extensions/uqbar.wollok-lsp-ide-0.5.3/out/server/src/server.js:37:57871\n    at Zr (/home/publico/.var/app/com.visualstudio.code/data/vscode/extensions/uqbar.wollok-lsp-ide-0.5.3/out/server/src/server.js:8:1561)","timestamp":"2025-10-22T15:19:35.528Z"}
{"level":"error","message":"✘ Failed to rebuild document Failed to parse src/gimnasia.wtest: \n-- PARSING FAILED --------------------------------------------------\n\n  107 | //\t}\n  108 | \t\n> 109 | }\n      | ^\n\nExpected one of the following: \n\n'@', 'class', 'const', 'describe', 'mixin', 'object', 'only', 'package', 'program', 'test', 'var', '{', EOF, comment, not \"}\", whitespace\n","stack":"Error: Failed to parse src/gimnasia.wtest: \n-- PARSING FAILED --------------------------------------------------\n\n  107 | //\t}\n  108 | \t\n> 109 | }\n      | ^\n\nExpected one of the following: \n\n'@', 'class', 'const', 'describe', 'mixin', 'object', 'only', 'package', 'program', 'test', 'var', '{', EOF, comment, not \"}\", whitespace\n\n    at /home/publico/.var/app/com.visualstudio.code/data/vscode/extensions/uqbar.wollok-lsp-ide-0.5.3/out/server/src/server.js:2348:13026\n    at Array.map (<anonymous>)\n    at W1n (/home/publico/.var/app/com.visualstudio.code/data/vscode/extensions/uqbar.wollok-lsp-ide-0.5.3/out/server/src/server.js:2348:12950)\n    at U2.buildEnvironmentFrom (/home/publico/.var/app/com.visualstudio.code/data/vscode/extensions/uqbar.wollok-lsp-ide-0.5.3/out/server/src/server.js:2393:5254)\n    at U2.updateEnvironmentWith (/home/publico/.var/app/com.visualstudio.code/data/vscode/extensions/uqbar.wollok-lsp-ide-0.5.3/out/server/src/server.js:2393:4989)\n    at JF (/home/publico/.var/app/com.visualstudio.code/data/vscode/extensions/uqbar.wollok-lsp-ide-0.5.3/out/server/src/server.js:2393:7383)\n    at F3.invoke (/home/publico/.var/app/com.visualstudio.code/data/vscode/extensions/uqbar.wollok-lsp-ide-0.5.3/out/server/src/server.js:3:157334)\n    at o.fire (/home/publico/.var/app/com.visualstudio.code/data/vscode/extensions/uqbar.wollok-lsp-ide-0.5.3/out/server/src/server.js:3:158104)\n    at /home/publico/.var/app/com.visualstudio.code/data/vscode/extensions/uqbar.wollok-lsp-ide-0.5.3/out/server/src/server.js:37:57871\n    at Zr (/home/publico/.var/app/com.visualstudio.code/data/vscode/extensions/uqbar.wollok-lsp-ide-0.5.3/out/server/src/server.js:8:1561)","timestamp":"2025-10-22T15:19:35.687Z"}
{"level":"error","message":"✘ Failed to rebuild document Failed to parse src/gimnasia.wtest: \n-- PARSING FAILED --------------------------------------------------\n\n  107 | //\t}\n  108 | \t\n> 109 | }\n      | ^\n\nExpected one of the following: \n\n'@', 'class', 'const', 'describe', 'mixin', 'object', 'only', 'package', 'program', 'test', 'var', '{', EOF, comment, not \"}\", whitespace\n","stack":"Error: Failed to parse src/gimnasia.wtest: \n-- PARSING FAILED --------------------------------------------------\n\n  107 | //\t}\n  108 | \t\n> 109 | }\n      | ^\n\nExpected one of the following: \n\n'@', 'class', 'const', 'describe', 'mixin', 'object', 'only', 'package', 'program', 'test', 'var', '{', EOF, comment, not \"}\", whitespace\n\n    at /home/publico/.var/app/com.visualstudio.code/data/vscode/extensions/uqbar.wollok-lsp-ide-0.5.3/out/server/src/server.js:2348:13026\n    at Array.map (<anonymous>)\n    at W1n (/home/publico/.var/app/com.visualstudio.code/data/vscode/extensions/uqbar.wollok-lsp-ide-0.5.3/out/server/src/server.js:2348:12950)\n    at U2.buildEnvironmentFrom (/home/publico/.var/app/com.visualstudio.code/data/vscode/extensions/uqbar.wollok-lsp-ide-0.5.3/out/server/src/server.js:2393:5254)\n    at U2.updateEnvironmentWith (/home/publico/.var/app/com.visualstudio.code/data/vscode/extensions/uqbar.wollok-lsp-ide-0.5.3/out/server/src/server.js:2393:4989)\n    at JF (/home/publico/.var/app/com.visualstudio.code/data/vscode/extensions/uqbar.wollok-lsp-ide-0.5.3/out/server/src/server.js:2393:7383)\n    at F3.invoke (/home/publico/.var/app/com.visualstudio.code/data/vscode/extensions/uqbar.wollok-lsp-ide-0.5.3/out/server/src/server.js:3:157334)\n    at o.fire (/home/publico/.var/app/com.visualstudio.code/data/vscode/extensions/uqbar.wollok-lsp-ide-0.5.3/out/server/src/server.js:3:158104)\n    at /home/publico/.var/app/com.visualstudio.code/data/vscode/extensions/uqbar.wollok-lsp-ide-0.5.3/out/server/src/server.js:37:57871\n    at Zr (/home/publico/.var/app/com.visualstudio.code/data/vscode/extensions/uqbar.wollok-lsp-ide-0.5.3/out/server/src/server.js:8:1561)","timestamp":"2025-10-22T15:19:35.791Z"}
{"level":"error","message":"✘ Failed to rebuild document Failed to parse src/gimnasia.wtest: \n-- PARSING FAILED --------------------------------------------------\n\n  107 | //\t}\n  108 | \t\n> 109 | }\n      | ^\n\nExpected one of the following: \n\n'@', 'class', 'const', 'describe', 'mixin', 'object', 'only', 'package', 'program', 'test', 'var', '{', EOF, comment, not \"}\", whitespace\n","stack":"Error: Failed to parse src/gimnasia.wtest: \n-- PARSING FAILED --------------------------------------------------\n\n  107 | //\t}\n  108 | \t\n> 109 | }\n      | ^\n\nExpected one of the following: \n\n'@', 'class', 'const', 'describe', 'mixin', 'object', 'only', 'package', 'program', 'test', 'var', '{', EOF, comment, not \"}\", whitespace\n\n    at /home/publico/.var/app/com.visualstudio.code/data/vscode/extensions/uqbar.wollok-lsp-ide-0.5.3/out/server/src/server.js:2348:13026\n    at Array.map (<anonymous>)\n    at W1n (/home/publico/.var/app/com.visualstudio.code/data/vscode/extensions/uqbar.wollok-lsp-ide-0.5.3/out/server/src/server.js:2348:12950)\n    at U2.buildEnvironmentFrom (/home/publico/.var/app/com.visualstudio.code/data/vscode/extensions/uqbar.wollok-lsp-ide-0.5.3/out/server/src/server.js:2393:5254)\n    at U2.updateEnvironmentWith (/home/publico/.var/app/com.visualstudio.code/data/vscode/extensions/uqbar.wollok-lsp-ide-0.5.3/out/server/src/server.js:2393:4989)\n    at JF (/home/publico/.var/app/com.visualstudio.code/data/vscode/extensions/uqbar.wollok-lsp-ide-0.5.3/out/server/src/server.js:2393:7383)\n    at F3.invoke (/home/publico/.var/app/com.visualstudio.code/data/vscode/extensions/uqbar.wollok-lsp-ide-0.5.3/out/server/src/server.js:3:157334)\n    at o.fire (/home/publico/.var/app/com.visualstudio.code/data/vscode/extensions/uqbar.wollok-lsp-ide-0.5.3/out/server/src/server.js:3:158104)\n    at /home/publico/.var/app/com.visualstudio.code/data/vscode/extensions/uqbar.wollok-lsp-ide-0.5.3/out/server/src/server.js:37:57871\n    at Zr (/home/publico/.var/app/com.visualstudio.code/data/vscode/extensions/uqbar.wollok-lsp-ide-0.5.3/out/server/src/server.js:8:1561)","timestamp":"2025-10-22T15:19:36.236Z"}
{"level":"error","message":"✘ Failed to rebuild document Failed to parse src/gimnasia.wtest: \n-- PARSING FAILED --------------------------------------------------\n\n  107 | //\t}\n  108 | \t\n> 109 | }\n      | ^\n\nExpected one of the following: \n\n'@', 'class', 'const', 'describe', 'mixin', 'object', 'only', 'package', 'program', 'test', 'var', '{', EOF, comment, not \"}\", whitespace\n","stack":"Error: Failed to parse src/gimnasia.wtest: \n-- PARSING FAILED --------------------------------------------------\n\n  107 | //\t}\n  108 | \t\n> 109 | }\n      | ^\n\nExpected one of the following: \n\n'@', 'class', 'const', 'describe', 'mixin', 'object', 'only', 'package', 'program', 'test', 'var', '{', EOF, comment, not \"}\", whitespace\n\n    at /home/publico/.var/app/com.visualstudio.code/data/vscode/extensions/uqbar.wollok-lsp-ide-0.5.3/out/server/src/server.js:2348:13026\n    at Array.map (<anonymous>)\n    at W1n (/home/publico/.var/app/com.visualstudio.code/data/vscode/extensions/uqbar.wollok-lsp-ide-0.5.3/out/server/src/server.js:2348:12950)\n    at U2.buildEnvironmentFrom (/home/publico/.var/app/com.visualstudio.code/data/vscode/extensions/uqbar.wollok-lsp-ide-0.5.3/out/server/src/server.js:2393:5254)\n    at U2.updateEnvironmentWith (/home/publico/.var/app/com.visualstudio.code/data/vscode/extensions/uqbar.wollok-lsp-ide-0.5.3/out/server/src/server.js:2393:4989)\n    at JF (/home/publico/.var/app/com.visualstudio.code/data/vscode/extensions/uqbar.wollok-lsp-ide-0.5.3/out/server/src/server.js:2393:7383)\n    at F3.invoke (/home/publico/.var/app/com.visualstudio.code/data/vscode/extensions/uqbar.wollok-lsp-ide-0.5.3/out/server/src/server.js:3:157334)\n    at o.fire (/home/publico/.var/app/com.visualstudio.code/data/vscode/extensions/uqbar.wollok-lsp-ide-0.5.3/out/server/src/server.js:3:158104)\n    at /home/publico/.var/app/com.visualstudio.code/data/vscode/extensions/uqbar.wollok-lsp-ide-0.5.3/out/server/src/server.js:37:57871\n    at Zr (/home/publico/.var/app/com.visualstudio.code/data/vscode/extensions/uqbar.wollok-lsp-ide-0.5.3/out/server/src/server.js:8:1561)","timestamp":"2025-10-22T15:19:36.379Z"}
{"level":"error","message":"✘ Failed to rebuild document Failed to parse src/gimnasia.wtest: \n-- PARSING FAILED --------------------------------------------------\n\n  107 | //\t}\n  108 | \t\n> 109 | }\n      | ^\n\nExpected one of the following: \n\n'@', 'class', 'const', 'describe', 'mixin', 'object', 'only', 'package', 'program', 'test', 'var', '{', EOF, comment, not \"}\", whitespace\n","stack":"Error: Failed to parse src/gimnasia.wtest: \n-- PARSING FAILED --------------------------------------------------\n\n  107 | //\t}\n  108 | \t\n> 109 | }\n      | ^\n\nExpected one of the following: \n\n'@', 'class', 'const', 'describe', 'mixin', 'object', 'only', 'package', 'program', 'test', 'var', '{', EOF, comment, not \"}\", whitespace\n\n    at /home/publico/.var/app/com.visualstudio.code/data/vscode/extensions/uqbar.wollok-lsp-ide-0.5.3/out/server/src/server.js:2348:13026\n    at Array.map (<anonymous>)\n    at W1n (/home/publico/.var/app/com.visualstudio.code/data/vscode/extensions/uqbar.wollok-lsp-ide-0.5.3/out/server/src/server.js:2348:12950)\n    at U2.buildEnvironmentFrom (/home/publico/.var/app/com.visualstudio.code/data/vscode/extensions/uqbar.wollok-lsp-ide-0.5.3/out/server/src/server.js:2393:5254)\n    at U2.updateEnvironmentWith (/home/publico/.var/app/com.visualstudio.code/data/vscode/extensions/uqbar.wollok-lsp-ide-0.5.3/out/server/src/server.js:2393:4989)\n    at JF (/home/publico/.var/app/com.visualstudio.code/data/vscode/extensions/uqbar.wollok-lsp-ide-0.5.3/out/server/src/server.js:2393:7383)\n    at F3.invoke (/home/publico/.var/app/com.visualstudio.code/data/vscode/extensions/uqbar.wollok-lsp-ide-0.5.3/out/server/src/server.js:3:157334)\n    at o.fire (/home/publico/.var/app/com.visualstudio.code/data/vscode/extensions/uqbar.wollok-lsp-ide-0.5.3/out/server/src/server.js:3:158104)\n    at /home/publico/.var/app/com.visualstudio.code/data/vscode/extensions/uqbar.wollok-lsp-ide-0.5.3/out/server/src/server.js:37:57871\n    at Zr (/home/publico/.var/app/com.visualstudio.code/data/vscode/extensions/uqbar.wollok-lsp-ide-0.5.3/out/server/src/server.js:8:1561)","timestamp":"2025-10-22T15:19:36.591Z"}
{"level":"error","message":"✘ Failed to rebuild document Failed to parse src/gimnasia.wtest: \n-- PARSING FAILED --------------------------------------------------\n\n  107 | //\t}\n  108 | \t\n> 109 | }\n      | ^\n\nExpected one of the following: \n\n'@', 'class', 'const', 'describe', 'mixin', 'object', 'only', 'package', 'program', 'test', 'var', '{', EOF, comment, not \"}\", whitespace\n","stack":"Error: Failed to parse src/gimnasia.wtest: \n-- PARSING FAILED --------------------------------------------------\n\n  107 | //\t}\n  108 | \t\n> 109 | }\n      | ^\n\nExpected one of the following: \n\n'@', 'class', 'const', 'describe', 'mixin', 'object', 'only', 'package', 'program', 'test', 'var', '{', EOF, comment, not \"}\", whitespace\n\n    at /home/publico/.var/app/com.visualstudio.code/data/vscode/extensions/uqbar.wollok-lsp-ide-0.5.3/out/server/src/server.js:2348:13026\n    at Array.map (<anonymous>)\n    at W1n (/home/publico/.var/app/com.visualstudio.code/data/vscode/extensions/uqbar.wollok-lsp-ide-0.5.3/out/server/src/server.js:2348:12950)\n    at U2.buildEnvironmentFrom (/home/publico/.var/app/com.visualstudio.code/data/vscode/extensions/uqbar.wollok-lsp-ide-0.5.3/out/server/src/server.js:2393:5254)\n    at U2.updateEnvironmentWith (/home/publico/.var/app/com.visualstudio.code/data/vscode/extensions/uqbar.wollok-lsp-ide-0.5.3/out/server/src/server.js:2393:4989)\n    at JF (/home/publico/.var/app/com.visualstudio.code/data/vscode/extensions/uqbar.wollok-lsp-ide-0.5.3/out/server/src/server.js:2393:7383)\n    at F3.invoke (/home/publico/.var/app/com.visualstudio.code/data/vscode/extensions/uqbar.wollok-lsp-ide-0.5.3/out/server/src/server.js:3:157334)\n    at o.fire (/home/publico/.var/app/com.visualstudio.code/data/vscode/extensions/uqbar.wollok-lsp-ide-0.5.3/out/server/src/server.js:3:158104)\n    at /home/publico/.var/app/com.visualstudio.code/data/vscode/extensions/uqbar.wollok-lsp-ide-0.5.3/out/server/src/server.js:37:57871\n    at Zr (/home/publico/.var/app/com.visualstudio.code/data/vscode/extensions/uqbar.wollok-lsp-ide-0.5.3/out/server/src/server.js:8:1561)","timestamp":"2025-10-22T15:19:36.762Z"}
{"level":"error","message":"✘ Failed to rebuild document Failed to parse src/gimnasia.wtest: \n-- PARSING FAILED --------------------------------------------------\n\n  107 | //\t}\n  108 | \t\n> 109 | }\n      | ^\n\nExpected one of the following: \n\n'@', 'class', 'const', 'describe', 'mixin', 'object', 'only', 'package', 'program', 'test', 'var', '{', EOF, comment, not \"}\", whitespace\n","stack":"Error: Failed to parse src/gimnasia.wtest: \n-- PARSING FAILED --------------------------------------------------\n\n  107 | //\t}\n  108 | \t\n> 109 | }\n      | ^\n\nExpected one of the following: \n\n'@', 'class', 'const', 'describe', 'mixin', 'object', 'only', 'package', 'program', 'test', 'var', '{', EOF, comment, not \"}\", whitespace\n\n    at /home/publico/.var/app/com.visualstudio.code/data/vscode/extensions/uqbar.wollok-lsp-ide-0.5.3/out/server/src/server.js:2348:13026\n    at Array.map (<anonymous>)\n    at W1n (/home/publico/.var/app/com.visualstudio.code/data/vscode/extensions/uqbar.wollok-lsp-ide-0.5.3/out/server/src/server.js:2348:12950)\n    at U2.buildEnvironmentFrom (/home/publico/.var/app/com.visualstudio.code/data/vscode/extensions/uqbar.wollok-lsp-ide-0.5.3/out/server/src/server.js:2393:5254)\n    at U2.updateEnvironmentWith (/home/publico/.var/app/com.visualstudio.code/data/vscode/extensions/uqbar.wollok-lsp-ide-0.5.3/out/server/src/server.js:2393:4989)\n    at JF (/home/publico/.var/app/com.visualstudio.code/data/vscode/extensions/uqbar.wollok-lsp-ide-0.5.3/out/server/src/server.js:2393:7383)\n    at F3.invoke (/home/publico/.var/app/com.visualstudio.code/data/vscode/extensions/uqbar.wollok-lsp-ide-0.5.3/out/server/src/server.js:3:157334)\n    at o.fire (/home/publico/.var/app/com.visualstudio.code/data/vscode/extensions/uqbar.wollok-lsp-ide-0.5.3/out/server/src/server.js:3:158104)\n    at /home/publico/.var/app/com.visualstudio.code/data/vscode/extensions/uqbar.wollok-lsp-ide-0.5.3/out/server/src/server.js:37:57871\n    at Zr (/home/publico/.var/app/com.visualstudio.code/data/vscode/extensions/uqbar.wollok-lsp-ide-0.5.3/out/server/src/server.js:8:1561)","timestamp":"2025-10-22T15:19:36.910Z"}
{"level":"error","message":"✘ Failed to rebuild document Failed to parse src/gimnasia.wtest: \n-- PARSING FAILED --------------------------------------------------\n\n  107 | //\t}\n  108 | \t\n> 109 | }\n      | ^\n\nExpected one of the following: \n\n'@', 'class', 'const', 'describe', 'mixin', 'object', 'only', 'package', 'program', 'test', 'var', '{', EOF, comment, not \"}\", whitespace\n","stack":"Error: Failed to parse src/gimnasia.wtest: \n-- PARSING FAILED --------------------------------------------------\n\n  107 | //\t}\n  108 | \t\n> 109 | }\n      | ^\n\nExpected one of the following: \n\n'@', 'class', 'const', 'describe', 'mixin', 'object', 'only', 'package', 'program', 'test', 'var', '{', EOF, comment, not \"}\", whitespace\n\n    at /home/publico/.var/app/com.visualstudio.code/data/vscode/extensions/uqbar.wollok-lsp-ide-0.5.3/out/server/src/server.js:2348:13026\n    at Array.map (<anonymous>)\n    at W1n (/home/publico/.var/app/com.visualstudio.code/data/vscode/extensions/uqbar.wollok-lsp-ide-0.5.3/out/server/src/server.js:2348:12950)\n    at U2.buildEnvironmentFrom (/home/publico/.var/app/com.visualstudio.code/data/vscode/extensions/uqbar.wollok-lsp-ide-0.5.3/out/server/src/server.js:2393:5254)\n    at U2.updateEnvironmentWith (/home/publico/.var/app/com.visualstudio.code/data/vscode/extensions/uqbar.wollok-lsp-ide-0.5.3/out/server/src/server.js:2393:4989)\n    at JF (/home/publico/.var/app/com.visualstudio.code/data/vscode/extensions/uqbar.wollok-lsp-ide-0.5.3/out/server/src/server.js:2393:7383)\n    at F3.invoke (/home/publico/.var/app/com.visualstudio.code/data/vscode/extensions/uqbar.wollok-lsp-ide-0.5.3/out/server/src/server.js:3:157334)\n    at o.fire (/home/publico/.var/app/com.visualstudio.code/data/vscode/extensions/uqbar.wollok-lsp-ide-0.5.3/out/server/src/server.js:3:158104)\n    at /home/publico/.var/app/com.visualstudio.code/data/vscode/extensions/uqbar.wollok-lsp-ide-0.5.3/out/server/src/server.js:37:57871\n    at Zr (/home/publico/.var/app/com.visualstudio.code/data/vscode/extensions/uqbar.wollok-lsp-ide-0.5.3/out/server/src/server.js:8:1561)","timestamp":"2025-10-22T15:19:37.000Z"}
{"level":"error","message":"✘ Failed to rebuild document Failed to parse src/gimnasia.wtest: \n-- PARSING FAILED --------------------------------------------------\n\n  107 | //\t}\n  108 | \t\n> 109 | }\n      | ^\n\nExpected one of the following: \n\n'@', 'class', 'const', 'describe', 'mixin', 'object', 'only', 'package', 'program', 'test', 'var', '{', EOF, comment, not \"}\", whitespace\n","stack":"Error: Failed to parse src/gimnasia.wtest: \n-- PARSING FAILED --------------------------------------------------\n\n  107 | //\t}\n  108 | \t\n> 109 | }\n      | ^\n\nExpected one of the following: \n\n'@', 'class', 'const', 'describe', 'mixin', 'object', 'only', 'package', 'program', 'test', 'var', '{', EOF, comment, not \"}\", whitespace\n\n    at /home/publico/.var/app/com.visualstudio.code/data/vscode/extensions/uqbar.wollok-lsp-ide-0.5.3/out/server/src/server.js:2348:13026\n    at Array.map (<anonymous>)\n    at W1n (/home/publico/.var/app/com.visualstudio.code/data/vscode/extensions/uqbar.wollok-lsp-ide-0.5.3/out/server/src/server.js:2348:12950)\n    at U2.buildEnvironmentFrom (/home/publico/.var/app/com.visualstudio.code/data/vscode/extensions/uqbar.wollok-lsp-ide-0.5.3/out/server/src/server.js:2393:5254)\n    at U2.updateEnvironmentWith (/home/publico/.var/app/com.visualstudio.code/data/vscode/extensions/uqbar.wollok-lsp-ide-0.5.3/out/server/src/server.js:2393:4989)\n    at JF (/home/publico/.var/app/com.visualstudio.code/data/vscode/extensions/uqbar.wollok-lsp-ide-0.5.3/out/server/src/server.js:2393:7383)\n    at F3.invoke (/home/publico/.var/app/com.visualstudio.code/data/vscode/extensions/uqbar.wollok-lsp-ide-0.5.3/out/server/src/server.js:3:157334)\n    at o.fire (/home/publico/.var/app/com.visualstudio.code/data/vscode/extensions/uqbar.wollok-lsp-ide-0.5.3/out/server/src/server.js:3:158104)\n    at /home/publico/.var/app/com.visualstudio.code/data/vscode/extensions/uqbar.wollok-lsp-ide-0.5.3/out/server/src/server.js:37:57871\n    at Zr (/home/publico/.var/app/com.visualstudio.code/data/vscode/extensions/uqbar.wollok-lsp-ide-0.5.3/out/server/src/server.js:8:1561)","timestamp":"2025-10-22T15:19:37.112Z"}
{"level":"error","message":"✘ Failed to rebuild document Failed to parse src/gimnasia.wtest: \n-- PARSING FAILED --------------------------------------------------\n\n  107 | //\t}\n  108 | \t\n> 109 | }\n      | ^\n\nExpected one of the following: \n\n'@', 'class', 'const', 'describe', 'mixin', 'object', 'only', 'package', 'program', 'test', 'var', '{', EOF, comment, not \"}\", whitespace\n","stack":"Error: Failed to parse src/gimnasia.wtest: \n-- PARSING FAILED --------------------------------------------------\n\n  107 | //\t}\n  108 | \t\n> 109 | }\n      | ^\n\nExpected one of the following: \n\n'@', 'class', 'const', 'describe', 'mixin', 'object', 'only', 'package', 'program', 'test', 'var', '{', EOF, comment, not \"}\", whitespace\n\n    at /home/publico/.var/app/com.visualstudio.code/data/vscode/extensions/uqbar.wollok-lsp-ide-0.5.3/out/server/src/server.js:2348:13026\n    at Array.map (<anonymous>)\n    at W1n (/home/publico/.var/app/com.visualstudio.code/data/vscode/extensions/uqbar.wollok-lsp-ide-0.5.3/out/server/src/server.js:2348:12950)\n    at U2.buildEnvironmentFrom (/home/publico/.var/app/com.visualstudio.code/data/vscode/extensions/uqbar.wollok-lsp-ide-0.5.3/out/server/src/server.js:2393:5254)\n    at U2.updateEnvironmentWith (/home/publico/.var/app/com.visualstudio.code/data/vscode/extensions/uqbar.wollok-lsp-ide-0.5.3/out/server/src/server.js:2393:4989)\n    at JF (/home/publico/.var/app/com.visualstudio.code/data/vscode/extensions/uqbar.wollok-lsp-ide-0.5.3/out/server/src/server.js:2393:7383)\n    at F3.invoke (/home/publico/.var/app/com.visualstudio.code/data/vscode/extensions/uqbar.wollok-lsp-ide-0.5.3/out/server/src/server.js:3:157334)\n    at o.fire (/home/publico/.var/app/com.visualstudio.code/data/vscode/extensions/uqbar.wollok-lsp-ide-0.5.3/out/server/src/server.js:3:158104)\n    at /home/publico/.var/app/com.visualstudio.code/data/vscode/extensions/uqbar.wollok-lsp-ide-0.5.3/out/server/src/server.js:37:57871\n    at Zr (/home/publico/.var/app/com.visualstudio.code/data/vscode/extensions/uqbar.wollok-lsp-ide-0.5.3/out/server/src/server.js:8:1561)","timestamp":"2025-10-22T15:19:37.237Z"}
{"level":"error","message":"✘ Failed to rebuild document Failed to parse src/gimnasia.wtest: \n-- PARSING FAILED --------------------------------------------------\n\n  107 | //\t}\n  108 | \t\n> 109 | }\n      | ^\n\nExpected one of the following: \n\n'@', 'class', 'const', 'describe', 'mixin', 'object', 'only', 'package', 'program', 'test', 'var', '{', EOF, comment, not \"}\", whitespace\n","stack":"Error: Failed to parse src/gimnasia.wtest: \n-- PARSING FAILED --------------------------------------------------\n\n  107 | //\t}\n  108 | \t\n> 109 | }\n      | ^\n\nExpected one of the following: \n\n'@', 'class', 'const', 'describe', 'mixin', 'object', 'only', 'package', 'program', 'test', 'var', '{', EOF, comment, not \"}\", whitespace\n\n    at /home/publico/.var/app/com.visualstudio.code/data/vscode/extensions/uqbar.wollok-lsp-ide-0.5.3/out/server/src/server.js:2348:13026\n    at Array.map (<anonymous>)\n    at W1n (/home/publico/.var/app/com.visualstudio.code/data/vscode/extensions/uqbar.wollok-lsp-ide-0.5.3/out/server/src/server.js:2348:12950)\n    at U2.buildEnvironmentFrom (/home/publico/.var/app/com.visualstudio.code/data/vscode/extensions/uqbar.wollok-lsp-ide-0.5.3/out/server/src/server.js:2393:5254)\n    at U2.updateEnvironmentWith (/home/publico/.var/app/com.visualstudio.code/data/vscode/extensions/uqbar.wollok-lsp-ide-0.5.3/out/server/src/server.js:2393:4989)\n    at JF (/home/publico/.var/app/com.visualstudio.code/data/vscode/extensions/uqbar.wollok-lsp-ide-0.5.3/out/server/src/server.js:2393:7383)\n    at F3.invoke (/home/publico/.var/app/com.visualstudio.code/data/vscode/extensions/uqbar.wollok-lsp-ide-0.5.3/out/server/src/server.js:3:157334)\n    at o.fire (/home/publico/.var/app/com.visualstudio.code/data/vscode/extensions/uqbar.wollok-lsp-ide-0.5.3/out/server/src/server.js:3:158104)\n    at /home/publico/.var/app/com.visualstudio.code/data/vscode/extensions/uqbar.wollok-lsp-ide-0.5.3/out/server/src/server.js:37:57871\n    at Zr (/home/publico/.var/app/com.visualstudio.code/data/vscode/extensions/uqbar.wollok-lsp-ide-0.5.3/out/server/src/server.js:8:1561)","timestamp":"2025-10-22T15:19:37.373Z"}
{"level":"error","message":"✘ Failed to rebuild document Failed to parse src/gimnasia.wtest: \n-- PARSING FAILED --------------------------------------------------\n\n  107 | //\t}\n  108 | \t\n> 109 | }\n      | ^\n\nExpected one of the following: \n\n'@', 'class', 'const', 'describe', 'mixin', 'object', 'only', 'package', 'program', 'test', 'var', '{', EOF, comment, not \"}\", whitespace\n","stack":"Error: Failed to parse src/gimnasia.wtest: \n-- PARSING FAILED --------------------------------------------------\n\n  107 | //\t}\n  108 | \t\n> 109 | }\n      | ^\n\nExpected one of the following: \n\n'@', 'class', 'const', 'describe', 'mixin', 'object', 'only', 'package', 'program', 'test', 'var', '{', EOF, comment, not \"}\", whitespace\n\n    at /home/publico/.var/app/com.visualstudio.code/data/vscode/extensions/uqbar.wollok-lsp-ide-0.5.3/out/server/src/server.js:2348:13026\n    at Array.map (<anonymous>)\n    at W1n (/home/publico/.var/app/com.visualstudio.code/data/vscode/extensions/uqbar.wollok-lsp-ide-0.5.3/out/server/src/server.js:2348:12950)\n    at U2.buildEnvironmentFrom (/home/publico/.var/app/com.visualstudio.code/data/vscode/extensions/uqbar.wollok-lsp-ide-0.5.3/out/server/src/server.js:2393:5254)\n    at U2.updateEnvironmentWith (/home/publico/.var/app/com.visualstudio.code/data/vscode/extensions/uqbar.wollok-lsp-ide-0.5.3/out/server/src/server.js:2393:4989)\n    at JF (/home/publico/.var/app/com.visualstudio.code/data/vscode/extensions/uqbar.wollok-lsp-ide-0.5.3/out/server/src/server.js:2393:7383)\n    at F3.invoke (/home/publico/.var/app/com.visualstudio.code/data/vscode/extensions/uqbar.wollok-lsp-ide-0.5.3/out/server/src/server.js:3:157334)\n    at o.fire (/home/publico/.var/app/com.visualstudio.code/data/vscode/extensions/uqbar.wollok-lsp-ide-0.5.3/out/server/src/server.js:3:158104)\n    at /home/publico/.var/app/com.visualstudio.code/data/vscode/extensions/uqbar.wollok-lsp-ide-0.5.3/out/server/src/server.js:37:57871\n    at Zr (/home/publico/.var/app/com.visualstudio.code/data/vscode/extensions/uqbar.wollok-lsp-ide-0.5.3/out/server/src/server.js:8:1561)","timestamp":"2025-10-22T15:19:37.471Z"}
{"level":"error","message":"✘ Failed to rebuild document Failed to parse src/gimnasia.wtest: \n-- PARSING FAILED --------------------------------------------------\n\n  107 | //\t}\n  108 | \t\n> 109 | }\n      | ^\n\nExpected one of the following: \n\n'@', 'class', 'const', 'describe', 'mixin', 'object', 'only', 'package', 'program', 'test', 'var', '{', EOF, comment, not \"}\", whitespace\n","stack":"Error: Failed to parse src/gimnasia.wtest: \n-- PARSING FAILED --------------------------------------------------\n\n  107 | //\t}\n  108 | \t\n> 109 | }\n      | ^\n\nExpected one of the following: \n\n'@', 'class', 'const', 'describe', 'mixin', 'object', 'only', 'package', 'program', 'test', 'var', '{', EOF, comment, not \"}\", whitespace\n\n    at /home/publico/.var/app/com.visualstudio.code/data/vscode/extensions/uqbar.wollok-lsp-ide-0.5.3/out/server/src/server.js:2348:13026\n    at Array.map (<anonymous>)\n    at W1n (/home/publico/.var/app/com.visualstudio.code/data/vscode/extensions/uqbar.wollok-lsp-ide-0.5.3/out/server/src/server.js:2348:12950)\n    at U2.buildEnvironmentFrom (/home/publico/.var/app/com.visualstudio.code/data/vscode/extensions/uqbar.wollok-lsp-ide-0.5.3/out/server/src/server.js:2393:5254)\n    at U2.updateEnvironmentWith (/home/publico/.var/app/com.visualstudio.code/data/vscode/extensions/uqbar.wollok-lsp-ide-0.5.3/out/server/src/server.js:2393:4989)\n    at JF (/home/publico/.var/app/com.visualstudio.code/data/vscode/extensions/uqbar.wollok-lsp-ide-0.5.3/out/server/src/server.js:2393:7383)\n    at F3.invoke (/home/publico/.var/app/com.visualstudio.code/data/vscode/extensions/uqbar.wollok-lsp-ide-0.5.3/out/server/src/server.js:3:157334)\n    at o.fire (/home/publico/.var/app/com.visualstudio.code/data/vscode/extensions/uqbar.wollok-lsp-ide-0.5.3/out/server/src/server.js:3:158104)\n    at /home/publico/.var/app/com.visualstudio.code/data/vscode/extensions/uqbar.wollok-lsp-ide-0.5.3/out/server/src/server.js:37:57871\n    at Zr (/home/publico/.var/app/com.visualstudio.code/data/vscode/extensions/uqbar.wollok-lsp-ide-0.5.3/out/server/src/server.js:8:1561)","timestamp":"2025-10-22T15:19:38.238Z"}
{"level":"error","message":"✘ Failed to rebuild document Failed to parse src/gimnasia.wtest: \n-- PARSING FAILED --------------------------------------------------\n\n  107 | //\t}\n  108 | \t\n> 109 | }\n      | ^\n\nExpected one of the following: \n\n'@', 'class', 'const', 'describe', 'mixin', 'object', 'only', 'package', 'program', 'test', 'var', '{', EOF, comment, not \"}\", whitespace\n","stack":"Error: Failed to parse src/gimnasia.wtest: \n-- PARSING FAILED --------------------------------------------------\n\n  107 | //\t}\n  108 | \t\n> 109 | }\n      | ^\n\nExpected one of the following: \n\n'@', 'class', 'const', 'describe', 'mixin', 'object', 'only', 'package', 'program', 'test', 'var', '{', EOF, comment, not \"}\", whitespace\n\n    at /home/publico/.var/app/com.visualstudio.code/data/vscode/extensions/uqbar.wollok-lsp-ide-0.5.3/out/server/src/server.js:2348:13026\n    at Array.map (<anonymous>)\n    at W1n (/home/publico/.var/app/com.visualstudio.code/data/vscode/extensions/uqbar.wollok-lsp-ide-0.5.3/out/server/src/server.js:2348:12950)\n    at U2.buildEnvironmentFrom (/home/publico/.var/app/com.visualstudio.code/data/vscode/extensions/uqbar.wollok-lsp-ide-0.5.3/out/server/src/server.js:2393:5254)\n    at U2.updateEnvironmentWith (/home/publico/.var/app/com.visualstudio.code/data/vscode/extensions/uqbar.wollok-lsp-ide-0.5.3/out/server/src/server.js:2393:4989)\n    at JF (/home/publico/.var/app/com.visualstudio.code/data/vscode/extensions/uqbar.wollok-lsp-ide-0.5.3/out/server/src/server.js:2393:7383)\n    at F3.invoke (/home/publico/.var/app/com.visualstudio.code/data/vscode/extensions/uqbar.wollok-lsp-ide-0.5.3/out/server/src/server.js:3:157334)\n    at o.fire (/home/publico/.var/app/com.visualstudio.code/data/vscode/extensions/uqbar.wollok-lsp-ide-0.5.3/out/server/src/server.js:3:158104)\n    at /home/publico/.var/app/com.visualstudio.code/data/vscode/extensions/uqbar.wollok-lsp-ide-0.5.3/out/server/src/server.js:37:57871\n    at Zr (/home/publico/.var/app/com.visualstudio.code/data/vscode/extensions/uqbar.wollok-lsp-ide-0.5.3/out/server/src/server.js:8:1561)","timestamp":"2025-10-22T15:19:41.020Z"}
{"level":"error","message":"✘ Failed to rebuild document Failed to parse src/gimnasia.wtest: \n-- PARSING FAILED --------------------------------------------------\n\n  107 | //\t}\n  108 | \t\n> 109 | }\n      | ^\n\nExpected one of the following: \n\n'@', 'class', 'const', 'describe', 'mixin', 'object', 'only', 'package', 'program', 'test', 'var', '{', EOF, comment, not \"}\", whitespace\n","stack":"Error: Failed to parse src/gimnasia.wtest: \n-- PARSING FAILED --------------------------------------------------\n\n  107 | //\t}\n  108 | \t\n> 109 | }\n      | ^\n\nExpected one of the following: \n\n'@', 'class', 'const', 'describe', 'mixin', 'object', 'only', 'package', 'program', 'test', 'var', '{', EOF, comment, not \"}\", whitespace\n\n    at /home/publico/.var/app/com.visualstudio.code/data/vscode/extensions/uqbar.wollok-lsp-ide-0.5.3/out/server/src/server.js:2348:13026\n    at Array.map (<anonymous>)\n    at W1n (/home/publico/.var/app/com.visualstudio.code/data/vscode/extensions/uqbar.wollok-lsp-ide-0.5.3/out/server/src/server.js:2348:12950)\n    at U2.buildEnvironmentFrom (/home/publico/.var/app/com.visualstudio.code/data/vscode/extensions/uqbar.wollok-lsp-ide-0.5.3/out/server/src/server.js:2393:5254)\n    at U2.updateEnvironmentWith (/home/publico/.var/app/com.visualstudio.code/data/vscode/extensions/uqbar.wollok-lsp-ide-0.5.3/out/server/src/server.js:2393:4989)\n    at JF (/home/publico/.var/app/com.visualstudio.code/data/vscode/extensions/uqbar.wollok-lsp-ide-0.5.3/out/server/src/server.js:2393:7383)\n    at F3.invoke (/home/publico/.var/app/com.visualstudio.code/data/vscode/extensions/uqbar.wollok-lsp-ide-0.5.3/out/server/src/server.js:3:157334)\n    at o.fire (/home/publico/.var/app/com.visualstudio.code/data/vscode/extensions/uqbar.wollok-lsp-ide-0.5.3/out/server/src/server.js:3:158104)\n    at /home/publico/.var/app/com.visualstudio.code/data/vscode/extensions/uqbar.wollok-lsp-ide-0.5.3/out/server/src/server.js:37:57871\n    at Zr (/home/publico/.var/app/com.visualstudio.code/data/vscode/extensions/uqbar.wollok-lsp-ide-0.5.3/out/server/src/server.js:8:1561)","timestamp":"2025-10-22T15:19:41.269Z"}
{"level":"error","message":"✘ Failed to rebuild document Failed to parse src/gimnasia.wtest: \n-- PARSING FAILED --------------------------------------------------\n\n  107 | //\t}\n  108 | \t\n> 109 | }\n      | ^\n\nExpected one of the following: \n\n'@', 'class', 'const', 'describe', 'mixin', 'object', 'only', 'package', 'program', 'test', 'var', '{', EOF, comment, not \"}\", whitespace\n","stack":"Error: Failed to parse src/gimnasia.wtest: \n-- PARSING FAILED --------------------------------------------------\n\n  107 | //\t}\n  108 | \t\n> 109 | }\n      | ^\n\nExpected one of the following: \n\n'@', 'class', 'const', 'describe', 'mixin', 'object', 'only', 'package', 'program', 'test', 'var', '{', EOF, comment, not \"}\", whitespace\n\n    at /home/publico/.var/app/com.visualstudio.code/data/vscode/extensions/uqbar.wollok-lsp-ide-0.5.3/out/server/src/server.js:2348:13026\n    at Array.map (<anonymous>)\n    at W1n (/home/publico/.var/app/com.visualstudio.code/data/vscode/extensions/uqbar.wollok-lsp-ide-0.5.3/out/server/src/server.js:2348:12950)\n    at U2.buildEnvironmentFrom (/home/publico/.var/app/com.visualstudio.code/data/vscode/extensions/uqbar.wollok-lsp-ide-0.5.3/out/server/src/server.js:2393:5254)\n    at U2.updateEnvironmentWith (/home/publico/.var/app/com.visualstudio.code/data/vscode/extensions/uqbar.wollok-lsp-ide-0.5.3/out/server/src/server.js:2393:4989)\n    at JF (/home/publico/.var/app/com.visualstudio.code/data/vscode/extensions/uqbar.wollok-lsp-ide-0.5.3/out/server/src/server.js:2393:7383)\n    at F3.invoke (/home/publico/.var/app/com.visualstudio.code/data/vscode/extensions/uqbar.wollok-lsp-ide-0.5.3/out/server/src/server.js:3:157334)\n    at o.fire (/home/publico/.var/app/com.visualstudio.code/data/vscode/extensions/uqbar.wollok-lsp-ide-0.5.3/out/server/src/server.js:3:158104)\n    at /home/publico/.var/app/com.visualstudio.code/data/vscode/extensions/uqbar.wollok-lsp-ide-0.5.3/out/server/src/server.js:37:57871\n    at Zr (/home/publico/.var/app/com.visualstudio.code/data/vscode/extensions/uqbar.wollok-lsp-ide-0.5.3/out/server/src/server.js:8:1561)","timestamp":"2025-10-22T15:19:41.381Z"}
{"level":"error","message":"✘ Failed to rebuild document Failed to parse src/gimnasia.wtest: \n-- PARSING FAILED --------------------------------------------------\n\n  107 | //\t}\n  108 | \t\n> 109 | }\n      | ^\n\nExpected one of the following: \n\n'@', 'class', 'const', 'describe', 'mixin', 'object', 'only', 'package', 'program', 'test', 'var', '{', EOF, comment, not \"}\", whitespace\n","stack":"Error: Failed to parse src/gimnasia.wtest: \n-- PARSING FAILED --------------------------------------------------\n\n  107 | //\t}\n  108 | \t\n> 109 | }\n      | ^\n\nExpected one of the following: \n\n'@', 'class', 'const', 'describe', 'mixin', 'object', 'only', 'package', 'program', 'test', 'var', '{', EOF, comment, not \"}\", whitespace\n\n    at /home/publico/.var/app/com.visualstudio.code/data/vscode/extensions/uqbar.wollok-lsp-ide-0.5.3/out/server/src/server.js:2348:13026\n    at Array.map (<anonymous>)\n    at W1n (/home/publico/.var/app/com.visualstudio.code/data/vscode/extensions/uqbar.wollok-lsp-ide-0.5.3/out/server/src/server.js:2348:12950)\n    at U2.buildEnvironmentFrom (/home/publico/.var/app/com.visualstudio.code/data/vscode/extensions/uqbar.wollok-lsp-ide-0.5.3/out/server/src/server.js:2393:5254)\n    at U2.updateEnvironmentWith (/home/publico/.var/app/com.visualstudio.code/data/vscode/extensions/uqbar.wollok-lsp-ide-0.5.3/out/server/src/server.js:2393:4989)\n    at JF (/home/publico/.var/app/com.visualstudio.code/data/vscode/extensions/uqbar.wollok-lsp-ide-0.5.3/out/server/src/server.js:2393:7383)\n    at F3.invoke (/home/publico/.var/app/com.visualstudio.code/data/vscode/extensions/uqbar.wollok-lsp-ide-0.5.3/out/server/src/server.js:3:157334)\n    at o.fire (/home/publico/.var/app/com.visualstudio.code/data/vscode/extensions/uqbar.wollok-lsp-ide-0.5.3/out/server/src/server.js:3:158104)\n    at /home/publico/.var/app/com.visualstudio.code/data/vscode/extensions/uqbar.wollok-lsp-ide-0.5.3/out/server/src/server.js:37:57871\n    at Zr (/home/publico/.var/app/com.visualstudio.code/data/vscode/extensions/uqbar.wollok-lsp-ide-0.5.3/out/server/src/server.js:8:1561)","timestamp":"2025-10-22T15:19:41.599Z"}
{"level":"error","message":"✘ Failed to rebuild document Failed to parse src/gimnasia.wtest: \n-- PARSING FAILED --------------------------------------------------\n\n  107 | //\t}\n  108 | \t\n> 109 | }\n      | ^\n\nExpected one of the following: \n\n'@', 'class', 'const', 'describe', 'mixin', 'object', 'only', 'package', 'program', 'test', 'var', '{', EOF, comment, not \"}\", whitespace\n","stack":"Error: Failed to parse src/gimnasia.wtest: \n-- PARSING FAILED --------------------------------------------------\n\n  107 | //\t}\n  108 | \t\n> 109 | }\n      | ^\n\nExpected one of the following: \n\n'@', 'class', 'const', 'describe', 'mixin', 'object', 'only', 'package', 'program', 'test', 'var', '{', EOF, comment, not \"}\", whitespace\n\n    at /home/publico/.var/app/com.visualstudio.code/data/vscode/extensions/uqbar.wollok-lsp-ide-0.5.3/out/server/src/server.js:2348:13026\n    at Array.map (<anonymous>)\n    at W1n (/home/publico/.var/app/com.visualstudio.code/data/vscode/extensions/uqbar.wollok-lsp-ide-0.5.3/out/server/src/server.js:2348:12950)\n    at U2.buildEnvironmentFrom (/home/publico/.var/app/com.visualstudio.code/data/vscode/extensions/uqbar.wollok-lsp-ide-0.5.3/out/server/src/server.js:2393:5254)\n    at U2.updateEnvironmentWith (/home/publico/.var/app/com.visualstudio.code/data/vscode/extensions/uqbar.wollok-lsp-ide-0.5.3/out/server/src/server.js:2393:4989)\n    at JF (/home/publico/.var/app/com.visualstudio.code/data/vscode/extensions/uqbar.wollok-lsp-ide-0.5.3/out/server/src/server.js:2393:7383)\n    at F3.invoke (/home/publico/.var/app/com.visualstudio.code/data/vscode/extensions/uqbar.wollok-lsp-ide-0.5.3/out/server/src/server.js:3:157334)\n    at o.fire (/home/publico/.var/app/com.visualstudio.code/data/vscode/extensions/uqbar.wollok-lsp-ide-0.5.3/out/server/src/server.js:3:158104)\n    at /home/publico/.var/app/com.visualstudio.code/data/vscode/extensions/uqbar.wollok-lsp-ide-0.5.3/out/server/src/server.js:37:57871\n    at Zr (/home/publico/.var/app/com.visualstudio.code/data/vscode/extensions/uqbar.wollok-lsp-ide-0.5.3/out/server/src/server.js:8:1561)","timestamp":"2025-10-22T15:19:41.924Z"}
{"level":"error","message":"✘ Failed to rebuild document Failed to parse src/gimnasia.wtest: \n-- PARSING FAILED --------------------------------------------------\n\n  107 | //\t}\n  108 | \t\n> 109 | }\n      | ^\n\nExpected one of the following: \n\n'@', 'class', 'const', 'describe', 'mixin', 'object', 'only', 'package', 'program', 'test', 'var', '{', EOF, comment, not \"}\", whitespace\n","stack":"Error: Failed to parse src/gimnasia.wtest: \n-- PARSING FAILED --------------------------------------------------\n\n  107 | //\t}\n  108 | \t\n> 109 | }\n      | ^\n\nExpected one of the following: \n\n'@', 'class', 'const', 'describe', 'mixin', 'object', 'only', 'package', 'program', 'test', 'var', '{', EOF, comment, not \"}\", whitespace\n\n    at /home/publico/.var/app/com.visualstudio.code/data/vscode/extensions/uqbar.wollok-lsp-ide-0.5.3/out/server/src/server.js:2348:13026\n    at Array.map (<anonymous>)\n    at W1n (/home/publico/.var/app/com.visualstudio.code/data/vscode/extensions/uqbar.wollok-lsp-ide-0.5.3/out/server/src/server.js:2348:12950)\n    at U2.buildEnvironmentFrom (/home/publico/.var/app/com.visualstudio.code/data/vscode/extensions/uqbar.wollok-lsp-ide-0.5.3/out/server/src/server.js:2393:5254)\n    at U2.updateEnvironmentWith (/home/publico/.var/app/com.visualstudio.code/data/vscode/extensions/uqbar.wollok-lsp-ide-0.5.3/out/server/src/server.js:2393:4989)\n    at JF (/home/publico/.var/app/com.visualstudio.code/data/vscode/extensions/uqbar.wollok-lsp-ide-0.5.3/out/server/src/server.js:2393:7383)\n    at F3.invoke (/home/publico/.var/app/com.visualstudio.code/data/vscode/extensions/uqbar.wollok-lsp-ide-0.5.3/out/server/src/server.js:3:157334)\n    at o.fire (/home/publico/.var/app/com.visualstudio.code/data/vscode/extensions/uqbar.wollok-lsp-ide-0.5.3/out/server/src/server.js:3:158104)\n    at /home/publico/.var/app/com.visualstudio.code/data/vscode/extensions/uqbar.wollok-lsp-ide-0.5.3/out/server/src/server.js:37:57871\n    at Zr (/home/publico/.var/app/com.visualstudio.code/data/vscode/extensions/uqbar.wollok-lsp-ide-0.5.3/out/server/src/server.js:8:1561)","timestamp":"2025-10-22T15:19:42.105Z"}
{"level":"error","message":"✘ Failed to rebuild document Failed to parse src/gimnasia.wtest: \n-- PARSING FAILED --------------------------------------------------\n\n  107 | //\t}\n  108 | \t\n> 109 | }\n      | ^\n\nExpected one of the following: \n\n'@', 'class', 'const', 'describe', 'mixin', 'object', 'only', 'package', 'program', 'test', 'var', '{', EOF, comment, not \"}\", whitespace\n","stack":"Error: Failed to parse src/gimnasia.wtest: \n-- PARSING FAILED --------------------------------------------------\n\n  107 | //\t}\n  108 | \t\n> 109 | }\n      | ^\n\nExpected one of the following: \n\n'@', 'class', 'const', 'describe', 'mixin', 'object', 'only', 'package', 'program', 'test', 'var', '{', EOF, comment, not \"}\", whitespace\n\n    at /home/publico/.var/app/com.visualstudio.code/data/vscode/extensions/uqbar.wollok-lsp-ide-0.5.3/out/server/src/server.js:2348:13026\n    at Array.map (<anonymous>)\n    at W1n (/home/publico/.var/app/com.visualstudio.code/data/vscode/extensions/uqbar.wollok-lsp-ide-0.5.3/out/server/src/server.js:2348:12950)\n    at U2.buildEnvironmentFrom (/home/publico/.var/app/com.visualstudio.code/data/vscode/extensions/uqbar.wollok-lsp-ide-0.5.3/out/server/src/server.js:2393:5254)\n    at U2.updateEnvironmentWith (/home/publico/.var/app/com.visualstudio.code/data/vscode/extensions/uqbar.wollok-lsp-ide-0.5.3/out/server/src/server.js:2393:4989)\n    at JF (/home/publico/.var/app/com.visualstudio.code/data/vscode/extensions/uqbar.wollok-lsp-ide-0.5.3/out/server/src/server.js:2393:7383)\n    at F3.invoke (/home/publico/.var/app/com.visualstudio.code/data/vscode/extensions/uqbar.wollok-lsp-ide-0.5.3/out/server/src/server.js:3:157334)\n    at o.fire (/home/publico/.var/app/com.visualstudio.code/data/vscode/extensions/uqbar.wollok-lsp-ide-0.5.3/out/server/src/server.js:3:158104)\n    at /home/publico/.var/app/com.visualstudio.code/data/vscode/extensions/uqbar.wollok-lsp-ide-0.5.3/out/server/src/server.js:37:57871\n    at Zr (/home/publico/.var/app/com.visualstudio.code/data/vscode/extensions/uqbar.wollok-lsp-ide-0.5.3/out/server/src/server.js:8:1561)","timestamp":"2025-10-22T15:19:42.302Z"}
{"level":"error","message":"✘ Failed to rebuild document Failed to parse src/gimnasia.wtest: \n-- PARSING FAILED --------------------------------------------------\n\n  107 | //\t}\n  108 | \t\n> 109 | }\n      | ^\n\nExpected one of the following: \n\n'@', 'class', 'const', 'describe', 'mixin', 'object', 'only', 'package', 'program', 'test', 'var', '{', EOF, comment, not \"}\", whitespace\n","stack":"Error: Failed to parse src/gimnasia.wtest: \n-- PARSING FAILED --------------------------------------------------\n\n  107 | //\t}\n  108 | \t\n> 109 | }\n      | ^\n\nExpected one of the following: \n\n'@', 'class', 'const', 'describe', 'mixin', 'object', 'only', 'package', 'program', 'test', 'var', '{', EOF, comment, not \"}\", whitespace\n\n    at /home/publico/.var/app/com.visualstudio.code/data/vscode/extensions/uqbar.wollok-lsp-ide-0.5.3/out/server/src/server.js:2348:13026\n    at Array.map (<anonymous>)\n    at W1n (/home/publico/.var/app/com.visualstudio.code/data/vscode/extensions/uqbar.wollok-lsp-ide-0.5.3/out/server/src/server.js:2348:12950)\n    at U2.buildEnvironmentFrom (/home/publico/.var/app/com.visualstudio.code/data/vscode/extensions/uqbar.wollok-lsp-ide-0.5.3/out/server/src/server.js:2393:5254)\n    at U2.updateEnvironmentWith (/home/publico/.var/app/com.visualstudio.code/data/vscode/extensions/uqbar.wollok-lsp-ide-0.5.3/out/server/src/server.js:2393:4989)\n    at JF (/home/publico/.var/app/com.visualstudio.code/data/vscode/extensions/uqbar.wollok-lsp-ide-0.5.3/out/server/src/server.js:2393:7383)\n    at F3.invoke (/home/publico/.var/app/com.visualstudio.code/data/vscode/extensions/uqbar.wollok-lsp-ide-0.5.3/out/server/src/server.js:3:157334)\n    at o.fire (/home/publico/.var/app/com.visualstudio.code/data/vscode/extensions/uqbar.wollok-lsp-ide-0.5.3/out/server/src/server.js:3:158104)\n    at /home/publico/.var/app/com.visualstudio.code/data/vscode/extensions/uqbar.wollok-lsp-ide-0.5.3/out/server/src/server.js:37:57871\n    at Zr (/home/publico/.var/app/com.visualstudio.code/data/vscode/extensions/uqbar.wollok-lsp-ide-0.5.3/out/server/src/server.js:8:1561)","timestamp":"2025-10-22T15:19:42.460Z"}
{"level":"error","message":"✘ Failed to rebuild document Failed to parse src/gimnasia.wtest: \n-- PARSING FAILED --------------------------------------------------\n\n  107 | //\t}\n  108 | \t\n> 109 | }\n      | ^\n\nExpected one of the following: \n\n'@', 'class', 'const', 'describe', 'mixin', 'object', 'only', 'package', 'program', 'test', 'var', '{', EOF, comment, not \"}\", whitespace\n","stack":"Error: Failed to parse src/gimnasia.wtest: \n-- PARSING FAILED --------------------------------------------------\n\n  107 | //\t}\n  108 | \t\n> 109 | }\n      | ^\n\nExpected one of the following: \n\n'@', 'class', 'const', 'describe', 'mixin', 'object', 'only', 'package', 'program', 'test', 'var', '{', EOF, comment, not \"}\", whitespace\n\n    at /home/publico/.var/app/com.visualstudio.code/data/vscode/extensions/uqbar.wollok-lsp-ide-0.5.3/out/server/src/server.js:2348:13026\n    at Array.map (<anonymous>)\n    at W1n (/home/publico/.var/app/com.visualstudio.code/data/vscode/extensions/uqbar.wollok-lsp-ide-0.5.3/out/server/src/server.js:2348:12950)\n    at U2.buildEnvironmentFrom (/home/publico/.var/app/com.visualstudio.code/data/vscode/extensions/uqbar.wollok-lsp-ide-0.5.3/out/server/src/server.js:2393:5254)\n    at U2.updateEnvironmentWith (/home/publico/.var/app/com.visualstudio.code/data/vscode/extensions/uqbar.wollok-lsp-ide-0.5.3/out/server/src/server.js:2393:4989)\n    at JF (/home/publico/.var/app/com.visualstudio.code/data/vscode/extensions/uqbar.wollok-lsp-ide-0.5.3/out/server/src/server.js:2393:7383)\n    at F3.invoke (/home/publico/.var/app/com.visualstudio.code/data/vscode/extensions/uqbar.wollok-lsp-ide-0.5.3/out/server/src/server.js:3:157334)\n    at o.fire (/home/publico/.var/app/com.visualstudio.code/data/vscode/extensions/uqbar.wollok-lsp-ide-0.5.3/out/server/src/server.js:3:158104)\n    at /home/publico/.var/app/com.visualstudio.code/data/vscode/extensions/uqbar.wollok-lsp-ide-0.5.3/out/server/src/server.js:37:57871\n    at Zr (/home/publico/.var/app/com.visualstudio.code/data/vscode/extensions/uqbar.wollok-lsp-ide-0.5.3/out/server/src/server.js:8:1561)","timestamp":"2025-10-22T15:19:43.028Z"}
{"level":"error","message":"✘ Failed to rebuild document Failed to parse src/gimnasia.wtest: \n-- PARSING FAILED --------------------------------------------------\n\n  107 | //\t}\n  108 | \t\n> 109 | }\n      | ^\n\nExpected one of the following: \n\n'@', 'class', 'const', 'describe', 'mixin', 'object', 'only', 'package', 'program', 'test', 'var', '{', EOF, comment, not \"}\", whitespace\n","stack":"Error: Failed to parse src/gimnasia.wtest: \n-- PARSING FAILED --------------------------------------------------\n\n  107 | //\t}\n  108 | \t\n> 109 | }\n      | ^\n\nExpected one of the following: \n\n'@', 'class', 'const', 'describe', 'mixin', 'object', 'only', 'package', 'program', 'test', 'var', '{', EOF, comment, not \"}\", whitespace\n\n    at /home/publico/.var/app/com.visualstudio.code/data/vscode/extensions/uqbar.wollok-lsp-ide-0.5.3/out/server/src/server.js:2348:13026\n    at Array.map (<anonymous>)\n    at W1n (/home/publico/.var/app/com.visualstudio.code/data/vscode/extensions/uqbar.wollok-lsp-ide-0.5.3/out/server/src/server.js:2348:12950)\n    at U2.buildEnvironmentFrom (/home/publico/.var/app/com.visualstudio.code/data/vscode/extensions/uqbar.wollok-lsp-ide-0.5.3/out/server/src/server.js:2393:5254)\n    at U2.updateEnvironmentWith (/home/publico/.var/app/com.visualstudio.code/data/vscode/extensions/uqbar.wollok-lsp-ide-0.5.3/out/server/src/server.js:2393:4989)\n    at JF (/home/publico/.var/app/com.visualstudio.code/data/vscode/extensions/uqbar.wollok-lsp-ide-0.5.3/out/server/src/server.js:2393:7383)\n    at F3.invoke (/home/publico/.var/app/com.visualstudio.code/data/vscode/extensions/uqbar.wollok-lsp-ide-0.5.3/out/server/src/server.js:3:157334)\n    at o.fire (/home/publico/.var/app/com.visualstudio.code/data/vscode/extensions/uqbar.wollok-lsp-ide-0.5.3/out/server/src/server.js:3:158104)\n    at /home/publico/.var/app/com.visualstudio.code/data/vscode/extensions/uqbar.wollok-lsp-ide-0.5.3/out/server/src/server.js:37:57871\n    at Zr (/home/publico/.var/app/com.visualstudio.code/data/vscode/extensions/uqbar.wollok-lsp-ide-0.5.3/out/server/src/server.js:8:1561)","timestamp":"2025-10-22T15:19:43.125Z"}
{"level":"error","message":"✘ Failed to rebuild document Failed to parse src/gimnasia.wtest: \n-- PARSING FAILED --------------------------------------------------\n\n  107 | //\t}\n  108 | \t\n> 109 | }\n      | ^\n\nExpected one of the following: \n\n'@', 'class', 'const', 'describe', 'mixin', 'object', 'only', 'package', 'program', 'test', 'var', '{', EOF, comment, not \"}\", whitespace\n","stack":"Error: Failed to parse src/gimnasia.wtest: \n-- PARSING FAILED --------------------------------------------------\n\n  107 | //\t}\n  108 | \t\n> 109 | }\n      | ^\n\nExpected one of the following: \n\n'@', 'class', 'const', 'describe', 'mixin', 'object', 'only', 'package', 'program', 'test', 'var', '{', EOF, comment, not \"}\", whitespace\n\n    at /home/publico/.var/app/com.visualstudio.code/data/vscode/extensions/uqbar.wollok-lsp-ide-0.5.3/out/server/src/server.js:2348:13026\n    at Array.map (<anonymous>)\n    at W1n (/home/publico/.var/app/com.visualstudio.code/data/vscode/extensions/uqbar.wollok-lsp-ide-0.5.3/out/server/src/server.js:2348:12950)\n    at U2.buildEnvironmentFrom (/home/publico/.var/app/com.visualstudio.code/data/vscode/extensions/uqbar.wollok-lsp-ide-0.5.3/out/server/src/server.js:2393:5254)\n    at U2.updateEnvironmentWith (/home/publico/.var/app/com.visualstudio.code/data/vscode/extensions/uqbar.wollok-lsp-ide-0.5.3/out/server/src/server.js:2393:4989)\n    at JF (/home/publico/.var/app/com.visualstudio.code/data/vscode/extensions/uqbar.wollok-lsp-ide-0.5.3/out/server/src/server.js:2393:7383)\n    at F3.invoke (/home/publico/.var/app/com.visualstudio.code/data/vscode/extensions/uqbar.wollok-lsp-ide-0.5.3/out/server/src/server.js:3:157334)\n    at o.fire (/home/publico/.var/app/com.visualstudio.code/data/vscode/extensions/uqbar.wollok-lsp-ide-0.5.3/out/server/src/server.js:3:158104)\n    at /home/publico/.var/app/com.visualstudio.code/data/vscode/extensions/uqbar.wollok-lsp-ide-0.5.3/out/server/src/server.js:37:57871\n    at Zr (/home/publico/.var/app/com.visualstudio.code/data/vscode/extensions/uqbar.wollok-lsp-ide-0.5.3/out/server/src/server.js:8:1561)","timestamp":"2025-10-22T15:19:43.363Z"}
{"level":"error","message":"✘ Failed to rebuild document Failed to parse src/gimnasia.wtest: \n-- PARSING FAILED --------------------------------------------------\n\n  107 | //\t}\n  108 | \t\n> 109 | }\n      | ^\n\nExpected one of the following: \n\n'@', 'class', 'const', 'describe', 'mixin', 'object', 'only', 'package', 'program', 'test', 'var', '{', EOF, comment, not \"}\", whitespace\n","stack":"Error: Failed to parse src/gimnasia.wtest: \n-- PARSING FAILED --------------------------------------------------\n\n  107 | //\t}\n  108 | \t\n> 109 | }\n      | ^\n\nExpected one of the following: \n\n'@', 'class', 'const', 'describe', 'mixin', 'object', 'only', 'package', 'program', 'test', 'var', '{', EOF, comment, not \"}\", whitespace\n\n    at /home/publico/.var/app/com.visualstudio.code/data/vscode/extensions/uqbar.wollok-lsp-ide-0.5.3/out/server/src/server.js:2348:13026\n    at Array.map (<anonymous>)\n    at W1n (/home/publico/.var/app/com.visualstudio.code/data/vscode/extensions/uqbar.wollok-lsp-ide-0.5.3/out/server/src/server.js:2348:12950)\n    at U2.buildEnvironmentFrom (/home/publico/.var/app/com.visualstudio.code/data/vscode/extensions/uqbar.wollok-lsp-ide-0.5.3/out/server/src/server.js:2393:5254)\n    at U2.updateEnvironmentWith (/home/publico/.var/app/com.visualstudio.code/data/vscode/extensions/uqbar.wollok-lsp-ide-0.5.3/out/server/src/server.js:2393:4989)\n    at JF (/home/publico/.var/app/com.visualstudio.code/data/vscode/extensions/uqbar.wollok-lsp-ide-0.5.3/out/server/src/server.js:2393:7383)\n    at F3.invoke (/home/publico/.var/app/com.visualstudio.code/data/vscode/extensions/uqbar.wollok-lsp-ide-0.5.3/out/server/src/server.js:3:157334)\n    at o.fire (/home/publico/.var/app/com.visualstudio.code/data/vscode/extensions/uqbar.wollok-lsp-ide-0.5.3/out/server/src/server.js:3:158104)\n    at /home/publico/.var/app/com.visualstudio.code/data/vscode/extensions/uqbar.wollok-lsp-ide-0.5.3/out/server/src/server.js:37:57871\n    at Zr (/home/publico/.var/app/com.visualstudio.code/data/vscode/extensions/uqbar.wollok-lsp-ide-0.5.3/out/server/src/server.js:8:1561)","timestamp":"2025-10-22T15:19:43.447Z"}
{"level":"error","message":"✘ Failed to rebuild document Failed to parse src/gimnasia.wtest: \n-- PARSING FAILED --------------------------------------------------\n\n  107 | //\t}\n  108 | \t\n> 109 | }\n      | ^\n\nExpected one of the following: \n\n'@', 'class', 'const', 'describe', 'mixin', 'object', 'only', 'package', 'program', 'test', 'var', '{', EOF, comment, not \"}\", whitespace\n","stack":"Error: Failed to parse src/gimnasia.wtest: \n-- PARSING FAILED --------------------------------------------------\n\n  107 | //\t}\n  108 | \t\n> 109 | }\n      | ^\n\nExpected one of the following: \n\n'@', 'class', 'const', 'describe', 'mixin', 'object', 'only', 'package', 'program', 'test', 'var', '{', EOF, comment, not \"}\", whitespace\n\n    at /home/publico/.var/app/com.visualstudio.code/data/vscode/extensions/uqbar.wollok-lsp-ide-0.5.3/out/server/src/server.js:2348:13026\n    at Array.map (<anonymous>)\n    at W1n (/home/publico/.var/app/com.visualstudio.code/data/vscode/extensions/uqbar.wollok-lsp-ide-0.5.3/out/server/src/server.js:2348:12950)\n    at U2.buildEnvironmentFrom (/home/publico/.var/app/com.visualstudio.code/data/vscode/extensions/uqbar.wollok-lsp-ide-0.5.3/out/server/src/server.js:2393:5254)\n    at U2.updateEnvironmentWith (/home/publico/.var/app/com.visualstudio.code/data/vscode/extensions/uqbar.wollok-lsp-ide-0.5.3/out/server/src/server.js:2393:4989)\n    at JF (/home/publico/.var/app/com.visualstudio.code/data/vscode/extensions/uqbar.wollok-lsp-ide-0.5.3/out/server/src/server.js:2393:7383)\n    at F3.invoke (/home/publico/.var/app/com.visualstudio.code/data/vscode/extensions/uqbar.wollok-lsp-ide-0.5.3/out/server/src/server.js:3:157334)\n    at o.fire (/home/publico/.var/app/com.visualstudio.code/data/vscode/extensions/uqbar.wollok-lsp-ide-0.5.3/out/server/src/server.js:3:158104)\n    at /home/publico/.var/app/com.visualstudio.code/data/vscode/extensions/uqbar.wollok-lsp-ide-0.5.3/out/server/src/server.js:37:57871\n    at Zr (/home/publico/.var/app/com.visualstudio.code/data/vscode/extensions/uqbar.wollok-lsp-ide-0.5.3/out/server/src/server.js:8:1561)","timestamp":"2025-10-22T15:19:43.696Z"}
{"level":"error","message":"✘ Failed to rebuild document Failed to parse src/gimnasia.wtest: \n-- PARSING FAILED --------------------------------------------------\n\n  107 | //\t}\n  108 | \t\n> 109 | }\n      | ^\n\nExpected one of the following: \n\n'@', 'class', 'const', 'describe', 'mixin', 'object', 'only', 'package', 'program', 'test', 'var', '{', EOF, comment, not \"}\", whitespace\n","stack":"Error: Failed to parse src/gimnasia.wtest: \n-- PARSING FAILED --------------------------------------------------\n\n  107 | //\t}\n  108 | \t\n> 109 | }\n      | ^\n\nExpected one of the following: \n\n'@', 'class', 'const', 'describe', 'mixin', 'object', 'only', 'package', 'program', 'test', 'var', '{', EOF, comment, not \"}\", whitespace\n\n    at /home/publico/.var/app/com.visualstudio.code/data/vscode/extensions/uqbar.wollok-lsp-ide-0.5.3/out/server/src/server.js:2348:13026\n    at Array.map (<anonymous>)\n    at W1n (/home/publico/.var/app/com.visualstudio.code/data/vscode/extensions/uqbar.wollok-lsp-ide-0.5.3/out/server/src/server.js:2348:12950)\n    at U2.buildEnvironmentFrom (/home/publico/.var/app/com.visualstudio.code/data/vscode/extensions/uqbar.wollok-lsp-ide-0.5.3/out/server/src/server.js:2393:5254)\n    at U2.updateEnvironmentWith (/home/publico/.var/app/com.visualstudio.code/data/vscode/extensions/uqbar.wollok-lsp-ide-0.5.3/out/server/src/server.js:2393:4989)\n    at JF (/home/publico/.var/app/com.visualstudio.code/data/vscode/extensions/uqbar.wollok-lsp-ide-0.5.3/out/server/src/server.js:2393:7383)\n    at F3.invoke (/home/publico/.var/app/com.visualstudio.code/data/vscode/extensions/uqbar.wollok-lsp-ide-0.5.3/out/server/src/server.js:3:157334)\n    at o.fire (/home/publico/.var/app/com.visualstudio.code/data/vscode/extensions/uqbar.wollok-lsp-ide-0.5.3/out/server/src/server.js:3:158104)\n    at /home/publico/.var/app/com.visualstudio.code/data/vscode/extensions/uqbar.wollok-lsp-ide-0.5.3/out/server/src/server.js:37:57871\n    at Zr (/home/publico/.var/app/com.visualstudio.code/data/vscode/extensions/uqbar.wollok-lsp-ide-0.5.3/out/server/src/server.js:8:1561)","timestamp":"2025-10-22T15:19:43.941Z"}
{"level":"error","message":"✘ Failed to rebuild document Failed to parse src/gimnasia.wtest: \n-- PARSING FAILED --------------------------------------------------\n\n  107 | //\t}\n  108 | \t\n> 109 | }\n      | ^\n\nExpected one of the following: \n\n'@', 'class', 'const', 'describe', 'mixin', 'object', 'only', 'package', 'program', 'test', 'var', '{', EOF, comment, not \"}\", whitespace\n","stack":"Error: Failed to parse src/gimnasia.wtest: \n-- PARSING FAILED --------------------------------------------------\n\n  107 | //\t}\n  108 | \t\n> 109 | }\n      | ^\n\nExpected one of the following: \n\n'@', 'class', 'const', 'describe', 'mixin', 'object', 'only', 'package', 'program', 'test', 'var', '{', EOF, comment, not \"}\", whitespace\n\n    at /home/publico/.var/app/com.visualstudio.code/data/vscode/extensions/uqbar.wollok-lsp-ide-0.5.3/out/server/src/server.js:2348:13026\n    at Array.map (<anonymous>)\n    at W1n (/home/publico/.var/app/com.visualstudio.code/data/vscode/extensions/uqbar.wollok-lsp-ide-0.5.3/out/server/src/server.js:2348:12950)\n    at U2.buildEnvironmentFrom (/home/publico/.var/app/com.visualstudio.code/data/vscode/extensions/uqbar.wollok-lsp-ide-0.5.3/out/server/src/server.js:2393:5254)\n    at U2.updateEnvironmentWith (/home/publico/.var/app/com.visualstudio.code/data/vscode/extensions/uqbar.wollok-lsp-ide-0.5.3/out/server/src/server.js:2393:4989)\n    at JF (/home/publico/.var/app/com.visualstudio.code/data/vscode/extensions/uqbar.wollok-lsp-ide-0.5.3/out/server/src/server.js:2393:7383)\n    at F3.invoke (/home/publico/.var/app/com.visualstudio.code/data/vscode/extensions/uqbar.wollok-lsp-ide-0.5.3/out/server/src/server.js:3:157334)\n    at o.fire (/home/publico/.var/app/com.visualstudio.code/data/vscode/extensions/uqbar.wollok-lsp-ide-0.5.3/out/server/src/server.js:3:158104)\n    at /home/publico/.var/app/com.visualstudio.code/data/vscode/extensions/uqbar.wollok-lsp-ide-0.5.3/out/server/src/server.js:37:57871\n    at Zr (/home/publico/.var/app/com.visualstudio.code/data/vscode/extensions/uqbar.wollok-lsp-ide-0.5.3/out/server/src/server.js:8:1561)","timestamp":"2025-10-22T15:19:44.076Z"}
{"level":"error","message":"✘ Failed to rebuild document Failed to parse src/gimnasia.wtest: \n-- PARSING FAILED --------------------------------------------------\n\n  107 | //\t}\n  108 | \t\n> 109 | }\n      | ^\n\nExpected one of the following: \n\n'@', 'class', 'const', 'describe', 'mixin', 'object', 'only', 'package', 'program', 'test', 'var', '{', EOF, comment, not \"}\", whitespace\n","stack":"Error: Failed to parse src/gimnasia.wtest: \n-- PARSING FAILED --------------------------------------------------\n\n  107 | //\t}\n  108 | \t\n> 109 | }\n      | ^\n\nExpected one of the following: \n\n'@', 'class', 'const', 'describe', 'mixin', 'object', 'only', 'package', 'program', 'test', 'var', '{', EOF, comment, not \"}\", whitespace\n\n    at /home/publico/.var/app/com.visualstudio.code/data/vscode/extensions/uqbar.wollok-lsp-ide-0.5.3/out/server/src/server.js:2348:13026\n    at Array.map (<anonymous>)\n    at W1n (/home/publico/.var/app/com.visualstudio.code/data/vscode/extensions/uqbar.wollok-lsp-ide-0.5.3/out/server/src/server.js:2348:12950)\n    at U2.buildEnvironmentFrom (/home/publico/.var/app/com.visualstudio.code/data/vscode/extensions/uqbar.wollok-lsp-ide-0.5.3/out/server/src/server.js:2393:5254)\n    at U2.updateEnvironmentWith (/home/publico/.var/app/com.visualstudio.code/data/vscode/extensions/uqbar.wollok-lsp-ide-0.5.3/out/server/src/server.js:2393:4989)\n    at JF (/home/publico/.var/app/com.visualstudio.code/data/vscode/extensions/uqbar.wollok-lsp-ide-0.5.3/out/server/src/server.js:2393:7383)\n    at F3.invoke (/home/publico/.var/app/com.visualstudio.code/data/vscode/extensions/uqbar.wollok-lsp-ide-0.5.3/out/server/src/server.js:3:157334)\n    at o.fire (/home/publico/.var/app/com.visualstudio.code/data/vscode/extensions/uqbar.wollok-lsp-ide-0.5.3/out/server/src/server.js:3:158104)\n    at /home/publico/.var/app/com.visualstudio.code/data/vscode/extensions/uqbar.wollok-lsp-ide-0.5.3/out/server/src/server.js:37:57871\n    at Zr (/home/publico/.var/app/com.visualstudio.code/data/vscode/extensions/uqbar.wollok-lsp-ide-0.5.3/out/server/src/server.js:8:1561)","timestamp":"2025-10-22T15:19:44.609Z"}
{"level":"error","message":"✘ Failed to rebuild document Failed to parse src/gimnasia.wtest: \n-- PARSING FAILED --------------------------------------------------\n\n  107 | //\t}\n  108 | \t\n> 109 | }\n      | ^\n\nExpected one of the following: \n\n'@', 'class', 'const', 'describe', 'mixin', 'object', 'only', 'package', 'program', 'test', 'var', '{', EOF, comment, not \"}\", whitespace\n","stack":"Error: Failed to parse src/gimnasia.wtest: \n-- PARSING FAILED --------------------------------------------------\n\n  107 | //\t}\n  108 | \t\n> 109 | }\n      | ^\n\nExpected one of the following: \n\n'@', 'class', 'const', 'describe', 'mixin', 'object', 'only', 'package', 'program', 'test', 'var', '{', EOF, comment, not \"}\", whitespace\n\n    at /home/publico/.var/app/com.visualstudio.code/data/vscode/extensions/uqbar.wollok-lsp-ide-0.5.3/out/server/src/server.js:2348:13026\n    at Array.map (<anonymous>)\n    at W1n (/home/publico/.var/app/com.visualstudio.code/data/vscode/extensions/uqbar.wollok-lsp-ide-0.5.3/out/server/src/server.js:2348:12950)\n    at U2.buildEnvironmentFrom (/home/publico/.var/app/com.visualstudio.code/data/vscode/extensions/uqbar.wollok-lsp-ide-0.5.3/out/server/src/server.js:2393:5254)\n    at U2.updateEnvironmentWith (/home/publico/.var/app/com.visualstudio.code/data/vscode/extensions/uqbar.wollok-lsp-ide-0.5.3/out/server/src/server.js:2393:4989)\n    at JF (/home/publico/.var/app/com.visualstudio.code/data/vscode/extensions/uqbar.wollok-lsp-ide-0.5.3/out/server/src/server.js:2393:7383)\n    at F3.invoke (/home/publico/.var/app/com.visualstudio.code/data/vscode/extensions/uqbar.wollok-lsp-ide-0.5.3/out/server/src/server.js:3:157334)\n    at o.fire (/home/publico/.var/app/com.visualstudio.code/data/vscode/extensions/uqbar.wollok-lsp-ide-0.5.3/out/server/src/server.js:3:158104)\n    at /home/publico/.var/app/com.visualstudio.code/data/vscode/extensions/uqbar.wollok-lsp-ide-0.5.3/out/server/src/server.js:37:57871\n    at Zr (/home/publico/.var/app/com.visualstudio.code/data/vscode/extensions/uqbar.wollok-lsp-ide-0.5.3/out/server/src/server.js:8:1561)","timestamp":"2025-10-22T15:19:44.765Z"}
{"level":"error","message":"✘ Failed to rebuild document Failed to parse src/gimnasia.wtest: \n-- PARSING FAILED --------------------------------------------------\n\n  107 | //\t}\n  108 | \t\n> 109 | }\n      | ^\n\nExpected one of the following: \n\n'@', 'class', 'const', 'describe', 'mixin', 'object', 'only', 'package', 'program', 'test', 'var', '{', EOF, comment, not \"}\", whitespace\n","stack":"Error: Failed to parse src/gimnasia.wtest: \n-- PARSING FAILED --------------------------------------------------\n\n  107 | //\t}\n  108 | \t\n> 109 | }\n      | ^\n\nExpected one of the following: \n\n'@', 'class', 'const', 'describe', 'mixin', 'object', 'only', 'package', 'program', 'test', 'var', '{', EOF, comment, not \"}\", whitespace\n\n    at /home/publico/.var/app/com.visualstudio.code/data/vscode/extensions/uqbar.wollok-lsp-ide-0.5.3/out/server/src/server.js:2348:13026\n    at Array.map (<anonymous>)\n    at W1n (/home/publico/.var/app/com.visualstudio.code/data/vscode/extensions/uqbar.wollok-lsp-ide-0.5.3/out/server/src/server.js:2348:12950)\n    at U2.buildEnvironmentFrom (/home/publico/.var/app/com.visualstudio.code/data/vscode/extensions/uqbar.wollok-lsp-ide-0.5.3/out/server/src/server.js:2393:5254)\n    at U2.updateEnvironmentWith (/home/publico/.var/app/com.visualstudio.code/data/vscode/extensions/uqbar.wollok-lsp-ide-0.5.3/out/server/src/server.js:2393:4989)\n    at JF (/home/publico/.var/app/com.visualstudio.code/data/vscode/extensions/uqbar.wollok-lsp-ide-0.5.3/out/server/src/server.js:2393:7383)\n    at F3.invoke (/home/publico/.var/app/com.visualstudio.code/data/vscode/extensions/uqbar.wollok-lsp-ide-0.5.3/out/server/src/server.js:3:157334)\n    at o.fire (/home/publico/.var/app/com.visualstudio.code/data/vscode/extensions/uqbar.wollok-lsp-ide-0.5.3/out/server/src/server.js:3:158104)\n    at /home/publico/.var/app/com.visualstudio.code/data/vscode/extensions/uqbar.wollok-lsp-ide-0.5.3/out/server/src/server.js:37:57871\n    at Zr (/home/publico/.var/app/com.visualstudio.code/data/vscode/extensions/uqbar.wollok-lsp-ide-0.5.3/out/server/src/server.js:8:1561)","timestamp":"2025-10-22T15:19:47.382Z"}
{"level":"error","message":"✘ Failed to rebuild document Failed to parse src/gimnasia.wtest: \n-- PARSING FAILED --------------------------------------------------\n\n  107 | //\t}\n  108 | \t\n> 109 | }\n      | ^\n\nExpected one of the following: \n\n'@', 'class', 'const', 'describe', 'mixin', 'object', 'only', 'package', 'program', 'test', 'var', '{', EOF, comment, not \"}\", whitespace\n","stack":"Error: Failed to parse src/gimnasia.wtest: \n-- PARSING FAILED --------------------------------------------------\n\n  107 | //\t}\n  108 | \t\n> 109 | }\n      | ^\n\nExpected one of the following: \n\n'@', 'class', 'const', 'describe', 'mixin', 'object', 'only', 'package', 'program', 'test', 'var', '{', EOF, comment, not \"}\", whitespace\n\n    at /home/publico/.var/app/com.visualstudio.code/data/vscode/extensions/uqbar.wollok-lsp-ide-0.5.3/out/server/src/server.js:2348:13026\n    at Array.map (<anonymous>)\n    at W1n (/home/publico/.var/app/com.visualstudio.code/data/vscode/extensions/uqbar.wollok-lsp-ide-0.5.3/out/server/src/server.js:2348:12950)\n    at U2.buildEnvironmentFrom (/home/publico/.var/app/com.visualstudio.code/data/vscode/extensions/uqbar.wollok-lsp-ide-0.5.3/out/server/src/server.js:2393:5254)\n    at U2.updateEnvironmentWith (/home/publico/.var/app/com.visualstudio.code/data/vscode/extensions/uqbar.wollok-lsp-ide-0.5.3/out/server/src/server.js:2393:4989)\n    at JF (/home/publico/.var/app/com.visualstudio.code/data/vscode/extensions/uqbar.wollok-lsp-ide-0.5.3/out/server/src/server.js:2393:7383)\n    at F3.invoke (/home/publico/.var/app/com.visualstudio.code/data/vscode/extensions/uqbar.wollok-lsp-ide-0.5.3/out/server/src/server.js:3:157334)\n    at o.fire (/home/publico/.var/app/com.visualstudio.code/data/vscode/extensions/uqbar.wollok-lsp-ide-0.5.3/out/server/src/server.js:3:158104)\n    at /home/publico/.var/app/com.visualstudio.code/data/vscode/extensions/uqbar.wollok-lsp-ide-0.5.3/out/server/src/server.js:37:57871\n    at Zr (/home/publico/.var/app/com.visualstudio.code/data/vscode/extensions/uqbar.wollok-lsp-ide-0.5.3/out/server/src/server.js:8:1561)","timestamp":"2025-10-22T15:19:48.810Z"}
{"level":"error","message":"✘ Failed to rebuild document Failed to parse src/gimnasia.wtest: \n-- PARSING FAILED --------------------------------------------------\n\n  107 | //\t}\n  108 | \t\n> 109 | }\n      | ^\n\nExpected one of the following: \n\n'@', 'class', 'const', 'describe', 'mixin', 'object', 'only', 'package', 'program', 'test', 'var', '{', EOF, comment, not \"}\", whitespace\n","stack":"Error: Failed to parse src/gimnasia.wtest: \n-- PARSING FAILED --------------------------------------------------\n\n  107 | //\t}\n  108 | \t\n> 109 | }\n      | ^\n\nExpected one of the following: \n\n'@', 'class', 'const', 'describe', 'mixin', 'object', 'only', 'package', 'program', 'test', 'var', '{', EOF, comment, not \"}\", whitespace\n\n    at /home/publico/.var/app/com.visualstudio.code/data/vscode/extensions/uqbar.wollok-lsp-ide-0.5.3/out/server/src/server.js:2348:13026\n    at Array.map (<anonymous>)\n    at W1n (/home/publico/.var/app/com.visualstudio.code/data/vscode/extensions/uqbar.wollok-lsp-ide-0.5.3/out/server/src/server.js:2348:12950)\n    at U2.buildEnvironmentFrom (/home/publico/.var/app/com.visualstudio.code/data/vscode/extensions/uqbar.wollok-lsp-ide-0.5.3/out/server/src/server.js:2393:5254)\n    at U2.updateEnvironmentWith (/home/publico/.var/app/com.visualstudio.code/data/vscode/extensions/uqbar.wollok-lsp-ide-0.5.3/out/server/src/server.js:2393:4989)\n    at JF (/home/publico/.var/app/com.visualstudio.code/data/vscode/extensions/uqbar.wollok-lsp-ide-0.5.3/out/server/src/server.js:2393:7383)\n    at F3.invoke (/home/publico/.var/app/com.visualstudio.code/data/vscode/extensions/uqbar.wollok-lsp-ide-0.5.3/out/server/src/server.js:3:157334)\n    at o.fire (/home/publico/.var/app/com.visualstudio.code/data/vscode/extensions/uqbar.wollok-lsp-ide-0.5.3/out/server/src/server.js:3:158104)\n    at /home/publico/.var/app/com.visualstudio.code/data/vscode/extensions/uqbar.wollok-lsp-ide-0.5.3/out/server/src/server.js:37:57871\n    at Zr (/home/publico/.var/app/com.visualstudio.code/data/vscode/extensions/uqbar.wollok-lsp-ide-0.5.3/out/server/src/server.js:8:1561)","timestamp":"2025-10-22T15:19:49.470Z"}
{"level":"error","message":"✘ Failed to rebuild document Failed to parse src/gimnasia.wtest: \n-- PARSING FAILED --------------------------------------------------\n\n  107 | //\t}\n  108 | \t\n> 109 | }\n      | ^\n\nExpected one of the following: \n\n'@', 'class', 'const', 'describe', 'mixin', 'object', 'only', 'package', 'program', 'test', 'var', '{', EOF, comment, not \"}\", whitespace\n","stack":"Error: Failed to parse src/gimnasia.wtest: \n-- PARSING FAILED --------------------------------------------------\n\n  107 | //\t}\n  108 | \t\n> 109 | }\n      | ^\n\nExpected one of the following: \n\n'@', 'class', 'const', 'describe', 'mixin', 'object', 'only', 'package', 'program', 'test', 'var', '{', EOF, comment, not \"}\", whitespace\n\n    at /home/publico/.var/app/com.visualstudio.code/data/vscode/extensions/uqbar.wollok-lsp-ide-0.5.3/out/server/src/server.js:2348:13026\n    at Array.map (<anonymous>)\n    at W1n (/home/publico/.var/app/com.visualstudio.code/data/vscode/extensions/uqbar.wollok-lsp-ide-0.5.3/out/server/src/server.js:2348:12950)\n    at U2.buildEnvironmentFrom (/home/publico/.var/app/com.visualstudio.code/data/vscode/extensions/uqbar.wollok-lsp-ide-0.5.3/out/server/src/server.js:2393:5254)\n    at U2.updateEnvironmentWith (/home/publico/.var/app/com.visualstudio.code/data/vscode/extensions/uqbar.wollok-lsp-ide-0.5.3/out/server/src/server.js:2393:4989)\n    at JF (/home/publico/.var/app/com.visualstudio.code/data/vscode/extensions/uqbar.wollok-lsp-ide-0.5.3/out/server/src/server.js:2393:7383)\n    at F3.invoke (/home/publico/.var/app/com.visualstudio.code/data/vscode/extensions/uqbar.wollok-lsp-ide-0.5.3/out/server/src/server.js:3:157334)\n    at o.fire (/home/publico/.var/app/com.visualstudio.code/data/vscode/extensions/uqbar.wollok-lsp-ide-0.5.3/out/server/src/server.js:3:158104)\n    at /home/publico/.var/app/com.visualstudio.code/data/vscode/extensions/uqbar.wollok-lsp-ide-0.5.3/out/server/src/server.js:37:57871\n    at Zr (/home/publico/.var/app/com.visualstudio.code/data/vscode/extensions/uqbar.wollok-lsp-ide-0.5.3/out/server/src/server.js:8:1561)","timestamp":"2025-10-22T15:19:49.709Z"}
{"level":"error","message":"✘ Failed to rebuild document Failed to parse src/gimnasia.wtest: \n-- PARSING FAILED --------------------------------------------------\n\n  107 | //\t}\n  108 | \t\n> 109 | }\n      | ^\n\nExpected one of the following: \n\n'@', 'class', 'const', 'describe', 'mixin', 'object', 'only', 'package', 'program', 'test', 'var', '{', EOF, comment, not \"}\", whitespace\n","stack":"Error: Failed to parse src/gimnasia.wtest: \n-- PARSING FAILED --------------------------------------------------\n\n  107 | //\t}\n  108 | \t\n> 109 | }\n      | ^\n\nExpected one of the following: \n\n'@', 'class', 'const', 'describe', 'mixin', 'object', 'only', 'package', 'program', 'test', 'var', '{', EOF, comment, not \"}\", whitespace\n\n    at /home/publico/.var/app/com.visualstudio.code/data/vscode/extensions/uqbar.wollok-lsp-ide-0.5.3/out/server/src/server.js:2348:13026\n    at Array.map (<anonymous>)\n    at W1n (/home/publico/.var/app/com.visualstudio.code/data/vscode/extensions/uqbar.wollok-lsp-ide-0.5.3/out/server/src/server.js:2348:12950)\n    at U2.buildEnvironmentFrom (/home/publico/.var/app/com.visualstudio.code/data/vscode/extensions/uqbar.wollok-lsp-ide-0.5.3/out/server/src/server.js:2393:5254)\n    at U2.updateEnvironmentWith (/home/publico/.var/app/com.visualstudio.code/data/vscode/extensions/uqbar.wollok-lsp-ide-0.5.3/out/server/src/server.js:2393:4989)\n    at JF (/home/publico/.var/app/com.visualstudio.code/data/vscode/extensions/uqbar.wollok-lsp-ide-0.5.3/out/server/src/server.js:2393:7383)\n    at F3.invoke (/home/publico/.var/app/com.visualstudio.code/data/vscode/extensions/uqbar.wollok-lsp-ide-0.5.3/out/server/src/server.js:3:157334)\n    at o.fire (/home/publico/.var/app/com.visualstudio.code/data/vscode/extensions/uqbar.wollok-lsp-ide-0.5.3/out/server/src/server.js:3:158104)\n    at /home/publico/.var/app/com.visualstudio.code/data/vscode/extensions/uqbar.wollok-lsp-ide-0.5.3/out/server/src/server.js:37:57871\n    at Zr (/home/publico/.var/app/com.visualstudio.code/data/vscode/extensions/uqbar.wollok-lsp-ide-0.5.3/out/server/src/server.js:8:1561)","timestamp":"2025-10-22T15:19:54.884Z"}
{"level":"error","message":"✘ Failed to rebuild document Failed to parse src/gimnasia.wtest: \n-- PARSING FAILED --------------------------------------------------\n\n  107 | //\t}\n  108 | \t\n> 109 | }\n      | ^\n\nExpected one of the following: \n\n'@', 'class', 'const', 'describe', 'mixin', 'object', 'only', 'package', 'program', 'test', 'var', '{', EOF, comment, not \"}\", whitespace\n","stack":"Error: Failed to parse src/gimnasia.wtest: \n-- PARSING FAILED --------------------------------------------------\n\n  107 | //\t}\n  108 | \t\n> 109 | }\n      | ^\n\nExpected one of the following: \n\n'@', 'class', 'const', 'describe', 'mixin', 'object', 'only', 'package', 'program', 'test', 'var', '{', EOF, comment, not \"}\", whitespace\n\n    at /home/publico/.var/app/com.visualstudio.code/data/vscode/extensions/uqbar.wollok-lsp-ide-0.5.3/out/server/src/server.js:2348:13026\n    at Array.map (<anonymous>)\n    at W1n (/home/publico/.var/app/com.visualstudio.code/data/vscode/extensions/uqbar.wollok-lsp-ide-0.5.3/out/server/src/server.js:2348:12950)\n    at U2.buildEnvironmentFrom (/home/publico/.var/app/com.visualstudio.code/data/vscode/extensions/uqbar.wollok-lsp-ide-0.5.3/out/server/src/server.js:2393:5254)\n    at U2.updateEnvironmentWith (/home/publico/.var/app/com.visualstudio.code/data/vscode/extensions/uqbar.wollok-lsp-ide-0.5.3/out/server/src/server.js:2393:4989)\n    at JF (/home/publico/.var/app/com.visualstudio.code/data/vscode/extensions/uqbar.wollok-lsp-ide-0.5.3/out/server/src/server.js:2393:7383)\n    at F3.invoke (/home/publico/.var/app/com.visualstudio.code/data/vscode/extensions/uqbar.wollok-lsp-ide-0.5.3/out/server/src/server.js:3:157334)\n    at o.fire (/home/publico/.var/app/com.visualstudio.code/data/vscode/extensions/uqbar.wollok-lsp-ide-0.5.3/out/server/src/server.js:3:158104)\n    at /home/publico/.var/app/com.visualstudio.code/data/vscode/extensions/uqbar.wollok-lsp-ide-0.5.3/out/server/src/server.js:37:57871\n    at Zr (/home/publico/.var/app/com.visualstudio.code/data/vscode/extensions/uqbar.wollok-lsp-ide-0.5.3/out/server/src/server.js:8:1561)","timestamp":"2025-10-22T15:19:55.052Z"}
{"level":"error","message":"✘ Failed to rebuild document Failed to parse src/gimnasia.wtest: \n-- PARSING FAILED --------------------------------------------------\n\n  107 | //\t}\n  108 | \t\n> 109 | }\n      | ^\n\nExpected one of the following: \n\n'@', 'class', 'const', 'describe', 'mixin', 'object', 'only', 'package', 'program', 'test', 'var', '{', EOF, comment, not \"}\", whitespace\n","stack":"Error: Failed to parse src/gimnasia.wtest: \n-- PARSING FAILED --------------------------------------------------\n\n  107 | //\t}\n  108 | \t\n> 109 | }\n      | ^\n\nExpected one of the following: \n\n'@', 'class', 'const', 'describe', 'mixin', 'object', 'only', 'package', 'program', 'test', 'var', '{', EOF, comment, not \"}\", whitespace\n\n    at /home/publico/.var/app/com.visualstudio.code/data/vscode/extensions/uqbar.wollok-lsp-ide-0.5.3/out/server/src/server.js:2348:13026\n    at Array.map (<anonymous>)\n    at W1n (/home/publico/.var/app/com.visualstudio.code/data/vscode/extensions/uqbar.wollok-lsp-ide-0.5.3/out/server/src/server.js:2348:12950)\n    at U2.buildEnvironmentFrom (/home/publico/.var/app/com.visualstudio.code/data/vscode/extensions/uqbar.wollok-lsp-ide-0.5.3/out/server/src/server.js:2393:5254)\n    at U2.updateEnvironmentWith (/home/publico/.var/app/com.visualstudio.code/data/vscode/extensions/uqbar.wollok-lsp-ide-0.5.3/out/server/src/server.js:2393:4989)\n    at JF (/home/publico/.var/app/com.visualstudio.code/data/vscode/extensions/uqbar.wollok-lsp-ide-0.5.3/out/server/src/server.js:2393:7383)\n    at F3.invoke (/home/publico/.var/app/com.visualstudio.code/data/vscode/extensions/uqbar.wollok-lsp-ide-0.5.3/out/server/src/server.js:3:157334)\n    at o.fire (/home/publico/.var/app/com.visualstudio.code/data/vscode/extensions/uqbar.wollok-lsp-ide-0.5.3/out/server/src/server.js:3:158104)\n    at /home/publico/.var/app/com.visualstudio.code/data/vscode/extensions/uqbar.wollok-lsp-ide-0.5.3/out/server/src/server.js:37:57871\n    at Zr (/home/publico/.var/app/com.visualstudio.code/data/vscode/extensions/uqbar.wollok-lsp-ide-0.5.3/out/server/src/server.js:8:1561)","timestamp":"2025-10-22T15:19:55.159Z"}
{"level":"error","message":"✘ Failed to rebuild document Failed to parse src/gimnasia.wtest: \n-- PARSING FAILED --------------------------------------------------\n\n  107 | //\t}\n  108 | \t\n> 109 | }\n      | ^\n\nExpected one of the following: \n\n'@', 'class', 'const', 'describe', 'mixin', 'object', 'only', 'package', 'program', 'test', 'var', '{', EOF, comment, not \"}\", whitespace\n","stack":"Error: Failed to parse src/gimnasia.wtest: \n-- PARSING FAILED --------------------------------------------------\n\n  107 | //\t}\n  108 | \t\n> 109 | }\n      | ^\n\nExpected one of the following: \n\n'@', 'class', 'const', 'describe', 'mixin', 'object', 'only', 'package', 'program', 'test', 'var', '{', EOF, comment, not \"}\", whitespace\n\n    at /home/publico/.var/app/com.visualstudio.code/data/vscode/extensions/uqbar.wollok-lsp-ide-0.5.3/out/server/src/server.js:2348:13026\n    at Array.map (<anonymous>)\n    at W1n (/home/publico/.var/app/com.visualstudio.code/data/vscode/extensions/uqbar.wollok-lsp-ide-0.5.3/out/server/src/server.js:2348:12950)\n    at U2.buildEnvironmentFrom (/home/publico/.var/app/com.visualstudio.code/data/vscode/extensions/uqbar.wollok-lsp-ide-0.5.3/out/server/src/server.js:2393:5254)\n    at U2.updateEnvironmentWith (/home/publico/.var/app/com.visualstudio.code/data/vscode/extensions/uqbar.wollok-lsp-ide-0.5.3/out/server/src/server.js:2393:4989)\n    at JF (/home/publico/.var/app/com.visualstudio.code/data/vscode/extensions/uqbar.wollok-lsp-ide-0.5.3/out/server/src/server.js:2393:7383)\n    at F3.invoke (/home/publico/.var/app/com.visualstudio.code/data/vscode/extensions/uqbar.wollok-lsp-ide-0.5.3/out/server/src/server.js:3:157334)\n    at o.fire (/home/publico/.var/app/com.visualstudio.code/data/vscode/extensions/uqbar.wollok-lsp-ide-0.5.3/out/server/src/server.js:3:158104)\n    at /home/publico/.var/app/com.visualstudio.code/data/vscode/extensions/uqbar.wollok-lsp-ide-0.5.3/out/server/src/server.js:37:57871\n    at Zr (/home/publico/.var/app/com.visualstudio.code/data/vscode/extensions/uqbar.wollok-lsp-ide-0.5.3/out/server/src/server.js:8:1561)","timestamp":"2025-10-22T15:19:55.307Z"}
{"level":"error","message":"✘ Failed to rebuild document Failed to parse src/gimnasia.wtest: \n-- PARSING FAILED --------------------------------------------------\n\n  107 | //\t}\n  108 | \t\n> 109 | }\n      | ^\n\nExpected one of the following: \n\n'@', 'class', 'const', 'describe', 'mixin', 'object', 'only', 'package', 'program', 'test', 'var', '{', EOF, comment, not \"}\", whitespace\n","stack":"Error: Failed to parse src/gimnasia.wtest: \n-- PARSING FAILED --------------------------------------------------\n\n  107 | //\t}\n  108 | \t\n> 109 | }\n      | ^\n\nExpected one of the following: \n\n'@', 'class', 'const', 'describe', 'mixin', 'object', 'only', 'package', 'program', 'test', 'var', '{', EOF, comment, not \"}\", whitespace\n\n    at /home/publico/.var/app/com.visualstudio.code/data/vscode/extensions/uqbar.wollok-lsp-ide-0.5.3/out/server/src/server.js:2348:13026\n    at Array.map (<anonymous>)\n    at W1n (/home/publico/.var/app/com.visualstudio.code/data/vscode/extensions/uqbar.wollok-lsp-ide-0.5.3/out/server/src/server.js:2348:12950)\n    at U2.buildEnvironmentFrom (/home/publico/.var/app/com.visualstudio.code/data/vscode/extensions/uqbar.wollok-lsp-ide-0.5.3/out/server/src/server.js:2393:5254)\n    at U2.updateEnvironmentWith (/home/publico/.var/app/com.visualstudio.code/data/vscode/extensions/uqbar.wollok-lsp-ide-0.5.3/out/server/src/server.js:2393:4989)\n    at JF (/home/publico/.var/app/com.visualstudio.code/data/vscode/extensions/uqbar.wollok-lsp-ide-0.5.3/out/server/src/server.js:2393:7383)\n    at F3.invoke (/home/publico/.var/app/com.visualstudio.code/data/vscode/extensions/uqbar.wollok-lsp-ide-0.5.3/out/server/src/server.js:3:157334)\n    at o.fire (/home/publico/.var/app/com.visualstudio.code/data/vscode/extensions/uqbar.wollok-lsp-ide-0.5.3/out/server/src/server.js:3:158104)\n    at /home/publico/.var/app/com.visualstudio.code/data/vscode/extensions/uqbar.wollok-lsp-ide-0.5.3/out/server/src/server.js:37:57871\n    at Zr (/home/publico/.var/app/com.visualstudio.code/data/vscode/extensions/uqbar.wollok-lsp-ide-0.5.3/out/server/src/server.js:8:1561)","timestamp":"2025-10-22T15:19:55.635Z"}
{"level":"error","message":"✘ Failed to rebuild document Failed to parse src/gimnasia.wtest: \n-- PARSING FAILED --------------------------------------------------\n\n  107 | //\t}\n  108 | \t\n> 109 | }\n      | ^\n\nExpected one of the following: \n\n'@', 'class', 'const', 'describe', 'mixin', 'object', 'only', 'package', 'program', 'test', 'var', '{', EOF, comment, not \"}\", whitespace\n","stack":"Error: Failed to parse src/gimnasia.wtest: \n-- PARSING FAILED --------------------------------------------------\n\n  107 | //\t}\n  108 | \t\n> 109 | }\n      | ^\n\nExpected one of the following: \n\n'@', 'class', 'const', 'describe', 'mixin', 'object', 'only', 'package', 'program', 'test', 'var', '{', EOF, comment, not \"}\", whitespace\n\n    at /home/publico/.var/app/com.visualstudio.code/data/vscode/extensions/uqbar.wollok-lsp-ide-0.5.3/out/server/src/server.js:2348:13026\n    at Array.map (<anonymous>)\n    at W1n (/home/publico/.var/app/com.visualstudio.code/data/vscode/extensions/uqbar.wollok-lsp-ide-0.5.3/out/server/src/server.js:2348:12950)\n    at U2.buildEnvironmentFrom (/home/publico/.var/app/com.visualstudio.code/data/vscode/extensions/uqbar.wollok-lsp-ide-0.5.3/out/server/src/server.js:2393:5254)\n    at U2.updateEnvironmentWith (/home/publico/.var/app/com.visualstudio.code/data/vscode/extensions/uqbar.wollok-lsp-ide-0.5.3/out/server/src/server.js:2393:4989)\n    at JF (/home/publico/.var/app/com.visualstudio.code/data/vscode/extensions/uqbar.wollok-lsp-ide-0.5.3/out/server/src/server.js:2393:7383)\n    at F3.invoke (/home/publico/.var/app/com.visualstudio.code/data/vscode/extensions/uqbar.wollok-lsp-ide-0.5.3/out/server/src/server.js:3:157334)\n    at o.fire (/home/publico/.var/app/com.visualstudio.code/data/vscode/extensions/uqbar.wollok-lsp-ide-0.5.3/out/server/src/server.js:3:158104)\n    at /home/publico/.var/app/com.visualstudio.code/data/vscode/extensions/uqbar.wollok-lsp-ide-0.5.3/out/server/src/server.js:37:57871\n    at Zr (/home/publico/.var/app/com.visualstudio.code/data/vscode/extensions/uqbar.wollok-lsp-ide-0.5.3/out/server/src/server.js:8:1561)","timestamp":"2025-10-22T15:19:55.821Z"}
{"level":"error","message":"✘ Failed to rebuild document Failed to parse src/gimnasia.wtest: \n-- PARSING FAILED --------------------------------------------------\n\n  107 | //\t}\n  108 | \t\n> 109 | }\n      | ^\n\nExpected one of the following: \n\n'@', 'class', 'const', 'describe', 'mixin', 'object', 'only', 'package', 'program', 'test', 'var', '{', EOF, comment, not \"}\", whitespace\n","stack":"Error: Failed to parse src/gimnasia.wtest: \n-- PARSING FAILED --------------------------------------------------\n\n  107 | //\t}\n  108 | \t\n> 109 | }\n      | ^\n\nExpected one of the following: \n\n'@', 'class', 'const', 'describe', 'mixin', 'object', 'only', 'package', 'program', 'test', 'var', '{', EOF, comment, not \"}\", whitespace\n\n    at /home/publico/.var/app/com.visualstudio.code/data/vscode/extensions/uqbar.wollok-lsp-ide-0.5.3/out/server/src/server.js:2348:13026\n    at Array.map (<anonymous>)\n    at W1n (/home/publico/.var/app/com.visualstudio.code/data/vscode/extensions/uqbar.wollok-lsp-ide-0.5.3/out/server/src/server.js:2348:12950)\n    at U2.buildEnvironmentFrom (/home/publico/.var/app/com.visualstudio.code/data/vscode/extensions/uqbar.wollok-lsp-ide-0.5.3/out/server/src/server.js:2393:5254)\n    at U2.updateEnvironmentWith (/home/publico/.var/app/com.visualstudio.code/data/vscode/extensions/uqbar.wollok-lsp-ide-0.5.3/out/server/src/server.js:2393:4989)\n    at JF (/home/publico/.var/app/com.visualstudio.code/data/vscode/extensions/uqbar.wollok-lsp-ide-0.5.3/out/server/src/server.js:2393:7383)\n    at F3.invoke (/home/publico/.var/app/com.visualstudio.code/data/vscode/extensions/uqbar.wollok-lsp-ide-0.5.3/out/server/src/server.js:3:157334)\n    at o.fire (/home/publico/.var/app/com.visualstudio.code/data/vscode/extensions/uqbar.wollok-lsp-ide-0.5.3/out/server/src/server.js:3:158104)\n    at /home/publico/.var/app/com.visualstudio.code/data/vscode/extensions/uqbar.wollok-lsp-ide-0.5.3/out/server/src/server.js:37:57871\n    at Zr (/home/publico/.var/app/com.visualstudio.code/data/vscode/extensions/uqbar.wollok-lsp-ide-0.5.3/out/server/src/server.js:8:1561)","timestamp":"2025-10-22T15:19:56.073Z"}
{"level":"error","message":"✘ Failed to rebuild document Failed to parse src/gimnasia.wtest: \n-- PARSING FAILED --------------------------------------------------\n\n  107 | //\t}\n  108 | \t\n> 109 | }\n      | ^\n\nExpected one of the following: \n\n'@', 'class', 'const', 'describe', 'mixin', 'object', 'only', 'package', 'program', 'test', 'var', '{', EOF, comment, not \"}\", whitespace\n","stack":"Error: Failed to parse src/gimnasia.wtest: \n-- PARSING FAILED --------------------------------------------------\n\n  107 | //\t}\n  108 | \t\n> 109 | }\n      | ^\n\nExpected one of the following: \n\n'@', 'class', 'const', 'describe', 'mixin', 'object', 'only', 'package', 'program', 'test', 'var', '{', EOF, comment, not \"}\", whitespace\n\n    at /home/publico/.var/app/com.visualstudio.code/data/vscode/extensions/uqbar.wollok-lsp-ide-0.5.3/out/server/src/server.js:2348:13026\n    at Array.map (<anonymous>)\n    at W1n (/home/publico/.var/app/com.visualstudio.code/data/vscode/extensions/uqbar.wollok-lsp-ide-0.5.3/out/server/src/server.js:2348:12950)\n    at U2.buildEnvironmentFrom (/home/publico/.var/app/com.visualstudio.code/data/vscode/extensions/uqbar.wollok-lsp-ide-0.5.3/out/server/src/server.js:2393:5254)\n    at U2.updateEnvironmentWith (/home/publico/.var/app/com.visualstudio.code/data/vscode/extensions/uqbar.wollok-lsp-ide-0.5.3/out/server/src/server.js:2393:4989)\n    at JF (/home/publico/.var/app/com.visualstudio.code/data/vscode/extensions/uqbar.wollok-lsp-ide-0.5.3/out/server/src/server.js:2393:7383)\n    at F3.invoke (/home/publico/.var/app/com.visualstudio.code/data/vscode/extensions/uqbar.wollok-lsp-ide-0.5.3/out/server/src/server.js:3:157334)\n    at o.fire (/home/publico/.var/app/com.visualstudio.code/data/vscode/extensions/uqbar.wollok-lsp-ide-0.5.3/out/server/src/server.js:3:158104)\n    at /home/publico/.var/app/com.visualstudio.code/data/vscode/extensions/uqbar.wollok-lsp-ide-0.5.3/out/server/src/server.js:37:57871\n    at Zr (/home/publico/.var/app/com.visualstudio.code/data/vscode/extensions/uqbar.wollok-lsp-ide-0.5.3/out/server/src/server.js:8:1561)","timestamp":"2025-10-22T15:19:56.222Z"}
{"level":"error","message":"✘ Failed to rebuild document Failed to parse src/gimnasia.wtest: \n-- PARSING FAILED --------------------------------------------------\n\n  107 | //\t}\n  108 | \t\n> 109 | }\n      | ^\n\nExpected one of the following: \n\n'@', 'class', 'const', 'describe', 'mixin', 'object', 'only', 'package', 'program', 'test', 'var', '{', EOF, comment, not \"}\", whitespace\n","stack":"Error: Failed to parse src/gimnasia.wtest: \n-- PARSING FAILED --------------------------------------------------\n\n  107 | //\t}\n  108 | \t\n> 109 | }\n      | ^\n\nExpected one of the following: \n\n'@', 'class', 'const', 'describe', 'mixin', 'object', 'only', 'package', 'program', 'test', 'var', '{', EOF, comment, not \"}\", whitespace\n\n    at /home/publico/.var/app/com.visualstudio.code/data/vscode/extensions/uqbar.wollok-lsp-ide-0.5.3/out/server/src/server.js:2348:13026\n    at Array.map (<anonymous>)\n    at W1n (/home/publico/.var/app/com.visualstudio.code/data/vscode/extensions/uqbar.wollok-lsp-ide-0.5.3/out/server/src/server.js:2348:12950)\n    at U2.buildEnvironmentFrom (/home/publico/.var/app/com.visualstudio.code/data/vscode/extensions/uqbar.wollok-lsp-ide-0.5.3/out/server/src/server.js:2393:5254)\n    at U2.updateEnvironmentWith (/home/publico/.var/app/com.visualstudio.code/data/vscode/extensions/uqbar.wollok-lsp-ide-0.5.3/out/server/src/server.js:2393:4989)\n    at JF (/home/publico/.var/app/com.visualstudio.code/data/vscode/extensions/uqbar.wollok-lsp-ide-0.5.3/out/server/src/server.js:2393:7383)\n    at F3.invoke (/home/publico/.var/app/com.visualstudio.code/data/vscode/extensions/uqbar.wollok-lsp-ide-0.5.3/out/server/src/server.js:3:157334)\n    at o.fire (/home/publico/.var/app/com.visualstudio.code/data/vscode/extensions/uqbar.wollok-lsp-ide-0.5.3/out/server/src/server.js:3:158104)\n    at /home/publico/.var/app/com.visualstudio.code/data/vscode/extensions/uqbar.wollok-lsp-ide-0.5.3/out/server/src/server.js:37:57871\n    at Zr (/home/publico/.var/app/com.visualstudio.code/data/vscode/extensions/uqbar.wollok-lsp-ide-0.5.3/out/server/src/server.js:8:1561)","timestamp":"2025-10-22T15:19:56.282Z"}
{"level":"error","message":"✘ Failed to rebuild document Failed to parse src/gimnasia.wtest: \n-- PARSING FAILED --------------------------------------------------\n\n  107 | //\t}\n  108 | \t\n> 109 | }\n      | ^\n\nExpected one of the following: \n\n'@', 'class', 'const', 'describe', 'mixin', 'object', 'only', 'package', 'program', 'test', 'var', '{', EOF, comment, not \"}\", whitespace\n","stack":"Error: Failed to parse src/gimnasia.wtest: \n-- PARSING FAILED --------------------------------------------------\n\n  107 | //\t}\n  108 | \t\n> 109 | }\n      | ^\n\nExpected one of the following: \n\n'@', 'class', 'const', 'describe', 'mixin', 'object', 'only', 'package', 'program', 'test', 'var', '{', EOF, comment, not \"}\", whitespace\n\n    at /home/publico/.var/app/com.visualstudio.code/data/vscode/extensions/uqbar.wollok-lsp-ide-0.5.3/out/server/src/server.js:2348:13026\n    at Array.map (<anonymous>)\n    at W1n (/home/publico/.var/app/com.visualstudio.code/data/vscode/extensions/uqbar.wollok-lsp-ide-0.5.3/out/server/src/server.js:2348:12950)\n    at U2.buildEnvironmentFrom (/home/publico/.var/app/com.visualstudio.code/data/vscode/extensions/uqbar.wollok-lsp-ide-0.5.3/out/server/src/server.js:2393:5254)\n    at U2.updateEnvironmentWith (/home/publico/.var/app/com.visualstudio.code/data/vscode/extensions/uqbar.wollok-lsp-ide-0.5.3/out/server/src/server.js:2393:4989)\n    at JF (/home/publico/.var/app/com.visualstudio.code/data/vscode/extensions/uqbar.wollok-lsp-ide-0.5.3/out/server/src/server.js:2393:7383)\n    at F3.invoke (/home/publico/.var/app/com.visualstudio.code/data/vscode/extensions/uqbar.wollok-lsp-ide-0.5.3/out/server/src/server.js:3:157334)\n    at o.fire (/home/publico/.var/app/com.visualstudio.code/data/vscode/extensions/uqbar.wollok-lsp-ide-0.5.3/out/server/src/server.js:3:158104)\n    at /home/publico/.var/app/com.visualstudio.code/data/vscode/extensions/uqbar.wollok-lsp-ide-0.5.3/out/server/src/server.js:37:57871\n    at Zr (/home/publico/.var/app/com.visualstudio.code/data/vscode/extensions/uqbar.wollok-lsp-ide-0.5.3/out/server/src/server.js:8:1561)","timestamp":"2025-10-22T15:19:56.535Z"}
{"level":"error","message":"✘ Failed to rebuild document Failed to parse src/gimnasia.wtest: \n-- PARSING FAILED --------------------------------------------------\n\n  107 | //\t}\n  108 | \t\n> 109 | }\n      | ^\n\nExpected one of the following: \n\n'@', 'class', 'const', 'describe', 'mixin', 'object', 'only', 'package', 'program', 'test', 'var', '{', EOF, comment, not \"}\", whitespace\n","stack":"Error: Failed to parse src/gimnasia.wtest: \n-- PARSING FAILED --------------------------------------------------\n\n  107 | //\t}\n  108 | \t\n> 109 | }\n      | ^\n\nExpected one of the following: \n\n'@', 'class', 'const', 'describe', 'mixin', 'object', 'only', 'package', 'program', 'test', 'var', '{', EOF, comment, not \"}\", whitespace\n\n    at /home/publico/.var/app/com.visualstudio.code/data/vscode/extensions/uqbar.wollok-lsp-ide-0.5.3/out/server/src/server.js:2348:13026\n    at Array.map (<anonymous>)\n    at W1n (/home/publico/.var/app/com.visualstudio.code/data/vscode/extensions/uqbar.wollok-lsp-ide-0.5.3/out/server/src/server.js:2348:12950)\n    at U2.buildEnvironmentFrom (/home/publico/.var/app/com.visualstudio.code/data/vscode/extensions/uqbar.wollok-lsp-ide-0.5.3/out/server/src/server.js:2393:5254)\n    at U2.updateEnvironmentWith (/home/publico/.var/app/com.visualstudio.code/data/vscode/extensions/uqbar.wollok-lsp-ide-0.5.3/out/server/src/server.js:2393:4989)\n    at JF (/home/publico/.var/app/com.visualstudio.code/data/vscode/extensions/uqbar.wollok-lsp-ide-0.5.3/out/server/src/server.js:2393:7383)\n    at F3.invoke (/home/publico/.var/app/com.visualstudio.code/data/vscode/extensions/uqbar.wollok-lsp-ide-0.5.3/out/server/src/server.js:3:157334)\n    at o.fire (/home/publico/.var/app/com.visualstudio.code/data/vscode/extensions/uqbar.wollok-lsp-ide-0.5.3/out/server/src/server.js:3:158104)\n    at /home/publico/.var/app/com.visualstudio.code/data/vscode/extensions/uqbar.wollok-lsp-ide-0.5.3/out/server/src/server.js:37:57871\n    at Zr (/home/publico/.var/app/com.visualstudio.code/data/vscode/extensions/uqbar.wollok-lsp-ide-0.5.3/out/server/src/server.js:8:1561)","timestamp":"2025-10-22T15:19:56.866Z"}
{"level":"error","message":"✘ Failed to rebuild document Failed to parse src/gimnasia.wtest: \n-- PARSING FAILED --------------------------------------------------\n\n  107 | //\t}\n  108 | \t\n> 109 | }\n      | ^\n\nExpected one of the following: \n\n'@', 'class', 'const', 'describe', 'mixin', 'object', 'only', 'package', 'program', 'test', 'var', '{', EOF, comment, not \"}\", whitespace\n","stack":"Error: Failed to parse src/gimnasia.wtest: \n-- PARSING FAILED --------------------------------------------------\n\n  107 | //\t}\n  108 | \t\n> 109 | }\n      | ^\n\nExpected one of the following: \n\n'@', 'class', 'const', 'describe', 'mixin', 'object', 'only', 'package', 'program', 'test', 'var', '{', EOF, comment, not \"}\", whitespace\n\n    at /home/publico/.var/app/com.visualstudio.code/data/vscode/extensions/uqbar.wollok-lsp-ide-0.5.3/out/server/src/server.js:2348:13026\n    at Array.map (<anonymous>)\n    at W1n (/home/publico/.var/app/com.visualstudio.code/data/vscode/extensions/uqbar.wollok-lsp-ide-0.5.3/out/server/src/server.js:2348:12950)\n    at U2.buildEnvironmentFrom (/home/publico/.var/app/com.visualstudio.code/data/vscode/extensions/uqbar.wollok-lsp-ide-0.5.3/out/server/src/server.js:2393:5254)\n    at U2.updateEnvironmentWith (/home/publico/.var/app/com.visualstudio.code/data/vscode/extensions/uqbar.wollok-lsp-ide-0.5.3/out/server/src/server.js:2393:4989)\n    at JF (/home/publico/.var/app/com.visualstudio.code/data/vscode/extensions/uqbar.wollok-lsp-ide-0.5.3/out/server/src/server.js:2393:7383)\n    at F3.invoke (/home/publico/.var/app/com.visualstudio.code/data/vscode/extensions/uqbar.wollok-lsp-ide-0.5.3/out/server/src/server.js:3:157334)\n    at o.fire (/home/publico/.var/app/com.visualstudio.code/data/vscode/extensions/uqbar.wollok-lsp-ide-0.5.3/out/server/src/server.js:3:158104)\n    at /home/publico/.var/app/com.visualstudio.code/data/vscode/extensions/uqbar.wollok-lsp-ide-0.5.3/out/server/src/server.js:37:57871\n    at Zr (/home/publico/.var/app/com.visualstudio.code/data/vscode/extensions/uqbar.wollok-lsp-ide-0.5.3/out/server/src/server.js:8:1561)","timestamp":"2025-10-22T15:19:57.040Z"}
{"level":"error","message":"✘ Failed to rebuild document Failed to parse src/gimnasia.wtest: \n-- PARSING FAILED --------------------------------------------------\n\n  107 | //\t}\n  108 | \t\n> 109 | }\n      | ^\n\nExpected one of the following: \n\n'@', 'class', 'const', 'describe', 'mixin', 'object', 'only', 'package', 'program', 'test', 'var', '{', EOF, comment, not \"}\", whitespace\n","stack":"Error: Failed to parse src/gimnasia.wtest: \n-- PARSING FAILED --------------------------------------------------\n\n  107 | //\t}\n  108 | \t\n> 109 | }\n      | ^\n\nExpected one of the following: \n\n'@', 'class', 'const', 'describe', 'mixin', 'object', 'only', 'package', 'program', 'test', 'var', '{', EOF, comment, not \"}\", whitespace\n\n    at /home/publico/.var/app/com.visualstudio.code/data/vscode/extensions/uqbar.wollok-lsp-ide-0.5.3/out/server/src/server.js:2348:13026\n    at Array.map (<anonymous>)\n    at W1n (/home/publico/.var/app/com.visualstudio.code/data/vscode/extensions/uqbar.wollok-lsp-ide-0.5.3/out/server/src/server.js:2348:12950)\n    at U2.buildEnvironmentFrom (/home/publico/.var/app/com.visualstudio.code/data/vscode/extensions/uqbar.wollok-lsp-ide-0.5.3/out/server/src/server.js:2393:5254)\n    at U2.updateEnvironmentWith (/home/publico/.var/app/com.visualstudio.code/data/vscode/extensions/uqbar.wollok-lsp-ide-0.5.3/out/server/src/server.js:2393:4989)\n    at JF (/home/publico/.var/app/com.visualstudio.code/data/vscode/extensions/uqbar.wollok-lsp-ide-0.5.3/out/server/src/server.js:2393:7383)\n    at F3.invoke (/home/publico/.var/app/com.visualstudio.code/data/vscode/extensions/uqbar.wollok-lsp-ide-0.5.3/out/server/src/server.js:3:157334)\n    at o.fire (/home/publico/.var/app/com.visualstudio.code/data/vscode/extensions/uqbar.wollok-lsp-ide-0.5.3/out/server/src/server.js:3:158104)\n    at /home/publico/.var/app/com.visualstudio.code/data/vscode/extensions/uqbar.wollok-lsp-ide-0.5.3/out/server/src/server.js:37:57871\n    at Zr (/home/publico/.var/app/com.visualstudio.code/data/vscode/extensions/uqbar.wollok-lsp-ide-0.5.3/out/server/src/server.js:8:1561)","timestamp":"2025-10-22T15:19:57.263Z"}
{"level":"error","message":"✘ Failed to rebuild document Failed to parse src/gimnasia.wtest: \n-- PARSING FAILED --------------------------------------------------\n\n  107 | //\t}\n  108 | \t\n> 109 | }\n      | ^\n\nExpected one of the following: \n\n'@', 'class', 'const', 'describe', 'mixin', 'object', 'only', 'package', 'program', 'test', 'var', '{', EOF, comment, not \"}\", whitespace\n","stack":"Error: Failed to parse src/gimnasia.wtest: \n-- PARSING FAILED --------------------------------------------------\n\n  107 | //\t}\n  108 | \t\n> 109 | }\n      | ^\n\nExpected one of the following: \n\n'@', 'class', 'const', 'describe', 'mixin', 'object', 'only', 'package', 'program', 'test', 'var', '{', EOF, comment, not \"}\", whitespace\n\n    at /home/publico/.var/app/com.visualstudio.code/data/vscode/extensions/uqbar.wollok-lsp-ide-0.5.3/out/server/src/server.js:2348:13026\n    at Array.map (<anonymous>)\n    at W1n (/home/publico/.var/app/com.visualstudio.code/data/vscode/extensions/uqbar.wollok-lsp-ide-0.5.3/out/server/src/server.js:2348:12950)\n    at U2.buildEnvironmentFrom (/home/publico/.var/app/com.visualstudio.code/data/vscode/extensions/uqbar.wollok-lsp-ide-0.5.3/out/server/src/server.js:2393:5254)\n    at U2.updateEnvironmentWith (/home/publico/.var/app/com.visualstudio.code/data/vscode/extensions/uqbar.wollok-lsp-ide-0.5.3/out/server/src/server.js:2393:4989)\n    at JF (/home/publico/.var/app/com.visualstudio.code/data/vscode/extensions/uqbar.wollok-lsp-ide-0.5.3/out/server/src/server.js:2393:7383)\n    at F3.invoke (/home/publico/.var/app/com.visualstudio.code/data/vscode/extensions/uqbar.wollok-lsp-ide-0.5.3/out/server/src/server.js:3:157334)\n    at o.fire (/home/publico/.var/app/com.visualstudio.code/data/vscode/extensions/uqbar.wollok-lsp-ide-0.5.3/out/server/src/server.js:3:158104)\n    at /home/publico/.var/app/com.visualstudio.code/data/vscode/extensions/uqbar.wollok-lsp-ide-0.5.3/out/server/src/server.js:37:57871\n    at Zr (/home/publico/.var/app/com.visualstudio.code/data/vscode/extensions/uqbar.wollok-lsp-ide-0.5.3/out/server/src/server.js:8:1561)","timestamp":"2025-10-22T15:19:57.498Z"}
{"level":"error","message":"✘ Failed to rebuild document Failed to parse src/gimnasia.wtest: \n-- PARSING FAILED --------------------------------------------------\n\n  107 | //\t}\n  108 | \t\n> 109 | }\n      | ^\n\nExpected one of the following: \n\n'@', 'class', 'const', 'describe', 'mixin', 'object', 'only', 'package', 'program', 'test', 'var', '{', EOF, comment, not \"}\", whitespace\n","stack":"Error: Failed to parse src/gimnasia.wtest: \n-- PARSING FAILED --------------------------------------------------\n\n  107 | //\t}\n  108 | \t\n> 109 | }\n      | ^\n\nExpected one of the following: \n\n'@', 'class', 'const', 'describe', 'mixin', 'object', 'only', 'package', 'program', 'test', 'var', '{', EOF, comment, not \"}\", whitespace\n\n    at /home/publico/.var/app/com.visualstudio.code/data/vscode/extensions/uqbar.wollok-lsp-ide-0.5.3/out/server/src/server.js:2348:13026\n    at Array.map (<anonymous>)\n    at W1n (/home/publico/.var/app/com.visualstudio.code/data/vscode/extensions/uqbar.wollok-lsp-ide-0.5.3/out/server/src/server.js:2348:12950)\n    at U2.buildEnvironmentFrom (/home/publico/.var/app/com.visualstudio.code/data/vscode/extensions/uqbar.wollok-lsp-ide-0.5.3/out/server/src/server.js:2393:5254)\n    at U2.updateEnvironmentWith (/home/publico/.var/app/com.visualstudio.code/data/vscode/extensions/uqbar.wollok-lsp-ide-0.5.3/out/server/src/server.js:2393:4989)\n    at JF (/home/publico/.var/app/com.visualstudio.code/data/vscode/extensions/uqbar.wollok-lsp-ide-0.5.3/out/server/src/server.js:2393:7383)\n    at F3.invoke (/home/publico/.var/app/com.visualstudio.code/data/vscode/extensions/uqbar.wollok-lsp-ide-0.5.3/out/server/src/server.js:3:157334)\n    at o.fire (/home/publico/.var/app/com.visualstudio.code/data/vscode/extensions/uqbar.wollok-lsp-ide-0.5.3/out/server/src/server.js:3:158104)\n    at /home/publico/.var/app/com.visualstudio.code/data/vscode/extensions/uqbar.wollok-lsp-ide-0.5.3/out/server/src/server.js:37:57871\n    at Zr (/home/publico/.var/app/com.visualstudio.code/data/vscode/extensions/uqbar.wollok-lsp-ide-0.5.3/out/server/src/server.js:8:1561)","timestamp":"2025-10-22T15:19:57.699Z"}
{"level":"error","message":"✘ Failed to rebuild document Failed to parse src/gimnasia.wtest: \n-- PARSING FAILED --------------------------------------------------\n\n  107 | //\t}\n  108 | \t\n> 109 | }\n      | ^\n\nExpected one of the following: \n\n'@', 'class', 'const', 'describe', 'mixin', 'object', 'only', 'package', 'program', 'test', 'var', '{', EOF, comment, not \"}\", whitespace\n","stack":"Error: Failed to parse src/gimnasia.wtest: \n-- PARSING FAILED --------------------------------------------------\n\n  107 | //\t}\n  108 | \t\n> 109 | }\n      | ^\n\nExpected one of the following: \n\n'@', 'class', 'const', 'describe', 'mixin', 'object', 'only', 'package', 'program', 'test', 'var', '{', EOF, comment, not \"}\", whitespace\n\n    at /home/publico/.var/app/com.visualstudio.code/data/vscode/extensions/uqbar.wollok-lsp-ide-0.5.3/out/server/src/server.js:2348:13026\n    at Array.map (<anonymous>)\n    at W1n (/home/publico/.var/app/com.visualstudio.code/data/vscode/extensions/uqbar.wollok-lsp-ide-0.5.3/out/server/src/server.js:2348:12950)\n    at U2.buildEnvironmentFrom (/home/publico/.var/app/com.visualstudio.code/data/vscode/extensions/uqbar.wollok-lsp-ide-0.5.3/out/server/src/server.js:2393:5254)\n    at U2.updateEnvironmentWith (/home/publico/.var/app/com.visualstudio.code/data/vscode/extensions/uqbar.wollok-lsp-ide-0.5.3/out/server/src/server.js:2393:4989)\n    at JF (/home/publico/.var/app/com.visualstudio.code/data/vscode/extensions/uqbar.wollok-lsp-ide-0.5.3/out/server/src/server.js:2393:7383)\n    at F3.invoke (/home/publico/.var/app/com.visualstudio.code/data/vscode/extensions/uqbar.wollok-lsp-ide-0.5.3/out/server/src/server.js:3:157334)\n    at o.fire (/home/publico/.var/app/com.visualstudio.code/data/vscode/extensions/uqbar.wollok-lsp-ide-0.5.3/out/server/src/server.js:3:158104)\n    at /home/publico/.var/app/com.visualstudio.code/data/vscode/extensions/uqbar.wollok-lsp-ide-0.5.3/out/server/src/server.js:37:57871\n    at Zr (/home/publico/.var/app/com.visualstudio.code/data/vscode/extensions/uqbar.wollok-lsp-ide-0.5.3/out/server/src/server.js:8:1561)","timestamp":"2025-10-22T15:19:57.893Z"}
{"level":"error","message":"✘ Failed to rebuild document Failed to parse src/gimnasia.wtest: \n-- PARSING FAILED --------------------------------------------------\n\n  107 | //\t}\n  108 | \t\n> 109 | }\n      | ^\n\nExpected one of the following: \n\n'@', 'class', 'const', 'describe', 'mixin', 'object', 'only', 'package', 'program', 'test', 'var', '{', EOF, comment, not \"}\", whitespace\n","stack":"Error: Failed to parse src/gimnasia.wtest: \n-- PARSING FAILED --------------------------------------------------\n\n  107 | //\t}\n  108 | \t\n> 109 | }\n      | ^\n\nExpected one of the following: \n\n'@', 'class', 'const', 'describe', 'mixin', 'object', 'only', 'package', 'program', 'test', 'var', '{', EOF, comment, not \"}\", whitespace\n\n    at /home/publico/.var/app/com.visualstudio.code/data/vscode/extensions/uqbar.wollok-lsp-ide-0.5.3/out/server/src/server.js:2348:13026\n    at Array.map (<anonymous>)\n    at W1n (/home/publico/.var/app/com.visualstudio.code/data/vscode/extensions/uqbar.wollok-lsp-ide-0.5.3/out/server/src/server.js:2348:12950)\n    at U2.buildEnvironmentFrom (/home/publico/.var/app/com.visualstudio.code/data/vscode/extensions/uqbar.wollok-lsp-ide-0.5.3/out/server/src/server.js:2393:5254)\n    at U2.updateEnvironmentWith (/home/publico/.var/app/com.visualstudio.code/data/vscode/extensions/uqbar.wollok-lsp-ide-0.5.3/out/server/src/server.js:2393:4989)\n    at JF (/home/publico/.var/app/com.visualstudio.code/data/vscode/extensions/uqbar.wollok-lsp-ide-0.5.3/out/server/src/server.js:2393:7383)\n    at F3.invoke (/home/publico/.var/app/com.visualstudio.code/data/vscode/extensions/uqbar.wollok-lsp-ide-0.5.3/out/server/src/server.js:3:157334)\n    at o.fire (/home/publico/.var/app/com.visualstudio.code/data/vscode/extensions/uqbar.wollok-lsp-ide-0.5.3/out/server/src/server.js:3:158104)\n    at /home/publico/.var/app/com.visualstudio.code/data/vscode/extensions/uqbar.wollok-lsp-ide-0.5.3/out/server/src/server.js:37:57871\n    at Zr (/home/publico/.var/app/com.visualstudio.code/data/vscode/extensions/uqbar.wollok-lsp-ide-0.5.3/out/server/src/server.js:8:1561)","timestamp":"2025-10-22T15:19:58.037Z"}
{"level":"error","message":"✘ Failed to rebuild document Failed to parse src/gimnasia.wtest: \n-- PARSING FAILED --------------------------------------------------\n\n  107 | //\t}\n  108 | \t\n> 109 | }\n      | ^\n\nExpected one of the following: \n\n'@', 'class', 'const', 'describe', 'mixin', 'object', 'only', 'package', 'program', 'test', 'var', '{', EOF, comment, not \"}\", whitespace\n","stack":"Error: Failed to parse src/gimnasia.wtest: \n-- PARSING FAILED --------------------------------------------------\n\n  107 | //\t}\n  108 | \t\n> 109 | }\n      | ^\n\nExpected one of the following: \n\n'@', 'class', 'const', 'describe', 'mixin', 'object', 'only', 'package', 'program', 'test', 'var', '{', EOF, comment, not \"}\", whitespace\n\n    at /home/publico/.var/app/com.visualstudio.code/data/vscode/extensions/uqbar.wollok-lsp-ide-0.5.3/out/server/src/server.js:2348:13026\n    at Array.map (<anonymous>)\n    at W1n (/home/publico/.var/app/com.visualstudio.code/data/vscode/extensions/uqbar.wollok-lsp-ide-0.5.3/out/server/src/server.js:2348:12950)\n    at U2.buildEnvironmentFrom (/home/publico/.var/app/com.visualstudio.code/data/vscode/extensions/uqbar.wollok-lsp-ide-0.5.3/out/server/src/server.js:2393:5254)\n    at U2.updateEnvironmentWith (/home/publico/.var/app/com.visualstudio.code/data/vscode/extensions/uqbar.wollok-lsp-ide-0.5.3/out/server/src/server.js:2393:4989)\n    at JF (/home/publico/.var/app/com.visualstudio.code/data/vscode/extensions/uqbar.wollok-lsp-ide-0.5.3/out/server/src/server.js:2393:7383)\n    at F3.invoke (/home/publico/.var/app/com.visualstudio.code/data/vscode/extensions/uqbar.wollok-lsp-ide-0.5.3/out/server/src/server.js:3:157334)\n    at o.fire (/home/publico/.var/app/com.visualstudio.code/data/vscode/extensions/uqbar.wollok-lsp-ide-0.5.3/out/server/src/server.js:3:158104)\n    at /home/publico/.var/app/com.visualstudio.code/data/vscode/extensions/uqbar.wollok-lsp-ide-0.5.3/out/server/src/server.js:37:57871\n    at Zr (/home/publico/.var/app/com.visualstudio.code/data/vscode/extensions/uqbar.wollok-lsp-ide-0.5.3/out/server/src/server.js:8:1561)","timestamp":"2025-10-22T15:19:58.139Z"}
{"level":"error","message":"✘ Failed to rebuild document Failed to parse src/gimnasia.wtest: \n-- PARSING FAILED --------------------------------------------------\n\n  107 | //\t}\n  108 | \t\n> 109 | }\n      | ^\n\nExpected one of the following: \n\n'@', 'class', 'const', 'describe', 'mixin', 'object', 'only', 'package', 'program', 'test', 'var', '{', EOF, comment, not \"}\", whitespace\n","stack":"Error: Failed to parse src/gimnasia.wtest: \n-- PARSING FAILED --------------------------------------------------\n\n  107 | //\t}\n  108 | \t\n> 109 | }\n      | ^\n\nExpected one of the following: \n\n'@', 'class', 'const', 'describe', 'mixin', 'object', 'only', 'package', 'program', 'test', 'var', '{', EOF, comment, not \"}\", whitespace\n\n    at /home/publico/.var/app/com.visualstudio.code/data/vscode/extensions/uqbar.wollok-lsp-ide-0.5.3/out/server/src/server.js:2348:13026\n    at Array.map (<anonymous>)\n    at W1n (/home/publico/.var/app/com.visualstudio.code/data/vscode/extensions/uqbar.wollok-lsp-ide-0.5.3/out/server/src/server.js:2348:12950)\n    at U2.buildEnvironmentFrom (/home/publico/.var/app/com.visualstudio.code/data/vscode/extensions/uqbar.wollok-lsp-ide-0.5.3/out/server/src/server.js:2393:5254)\n    at U2.updateEnvironmentWith (/home/publico/.var/app/com.visualstudio.code/data/vscode/extensions/uqbar.wollok-lsp-ide-0.5.3/out/server/src/server.js:2393:4989)\n    at JF (/home/publico/.var/app/com.visualstudio.code/data/vscode/extensions/uqbar.wollok-lsp-ide-0.5.3/out/server/src/server.js:2393:7383)\n    at F3.invoke (/home/publico/.var/app/com.visualstudio.code/data/vscode/extensions/uqbar.wollok-lsp-ide-0.5.3/out/server/src/server.js:3:157334)\n    at o.fire (/home/publico/.var/app/com.visualstudio.code/data/vscode/extensions/uqbar.wollok-lsp-ide-0.5.3/out/server/src/server.js:3:158104)\n    at /home/publico/.var/app/com.visualstudio.code/data/vscode/extensions/uqbar.wollok-lsp-ide-0.5.3/out/server/src/server.js:37:57871\n    at Zr (/home/publico/.var/app/com.visualstudio.code/data/vscode/extensions/uqbar.wollok-lsp-ide-0.5.3/out/server/src/server.js:8:1561)","timestamp":"2025-10-22T15:19:58.479Z"}
{"level":"error","message":"✘ Failed to rebuild document Failed to parse src/gimnasia.wtest: \n-- PARSING FAILED --------------------------------------------------\n\n  107 | //\t}\n  108 | \t\n> 109 | }\n      | ^\n\nExpected one of the following: \n\n'@', 'class', 'const', 'describe', 'mixin', 'object', 'only', 'package', 'program', 'test', 'var', '{', EOF, comment, not \"}\", whitespace\n","stack":"Error: Failed to parse src/gimnasia.wtest: \n-- PARSING FAILED --------------------------------------------------\n\n  107 | //\t}\n  108 | \t\n> 109 | }\n      | ^\n\nExpected one of the following: \n\n'@', 'class', 'const', 'describe', 'mixin', 'object', 'only', 'package', 'program', 'test', 'var', '{', EOF, comment, not \"}\", whitespace\n\n    at /home/publico/.var/app/com.visualstudio.code/data/vscode/extensions/uqbar.wollok-lsp-ide-0.5.3/out/server/src/server.js:2348:13026\n    at Array.map (<anonymous>)\n    at W1n (/home/publico/.var/app/com.visualstudio.code/data/vscode/extensions/uqbar.wollok-lsp-ide-0.5.3/out/server/src/server.js:2348:12950)\n    at U2.buildEnvironmentFrom (/home/publico/.var/app/com.visualstudio.code/data/vscode/extensions/uqbar.wollok-lsp-ide-0.5.3/out/server/src/server.js:2393:5254)\n    at U2.updateEnvironmentWith (/home/publico/.var/app/com.visualstudio.code/data/vscode/extensions/uqbar.wollok-lsp-ide-0.5.3/out/server/src/server.js:2393:4989)\n    at JF (/home/publico/.var/app/com.visualstudio.code/data/vscode/extensions/uqbar.wollok-lsp-ide-0.5.3/out/server/src/server.js:2393:7383)\n    at F3.invoke (/home/publico/.var/app/com.visualstudio.code/data/vscode/extensions/uqbar.wollok-lsp-ide-0.5.3/out/server/src/server.js:3:157334)\n    at o.fire (/home/publico/.var/app/com.visualstudio.code/data/vscode/extensions/uqbar.wollok-lsp-ide-0.5.3/out/server/src/server.js:3:158104)\n    at /home/publico/.var/app/com.visualstudio.code/data/vscode/extensions/uqbar.wollok-lsp-ide-0.5.3/out/server/src/server.js:37:57871\n    at Zr (/home/publico/.var/app/com.visualstudio.code/data/vscode/extensions/uqbar.wollok-lsp-ide-0.5.3/out/server/src/server.js:8:1561)","timestamp":"2025-10-22T15:19:58.759Z"}
{"level":"error","message":"✘ Failed to rebuild document Failed to parse src/gimnasia.wtest: \n-- PARSING FAILED --------------------------------------------------\n\n  107 | //\t}\n  108 | \t\n> 109 | }\n      | ^\n\nExpected one of the following: \n\n'@', 'class', 'const', 'describe', 'mixin', 'object', 'only', 'package', 'program', 'test', 'var', '{', EOF, comment, not \"}\", whitespace\n","stack":"Error: Failed to parse src/gimnasia.wtest: \n-- PARSING FAILED --------------------------------------------------\n\n  107 | //\t}\n  108 | \t\n> 109 | }\n      | ^\n\nExpected one of the following: \n\n'@', 'class', 'const', 'describe', 'mixin', 'object', 'only', 'package', 'program', 'test', 'var', '{', EOF, comment, not \"}\", whitespace\n\n    at /home/publico/.var/app/com.visualstudio.code/data/vscode/extensions/uqbar.wollok-lsp-ide-0.5.3/out/server/src/server.js:2348:13026\n    at Array.map (<anonymous>)\n    at W1n (/home/publico/.var/app/com.visualstudio.code/data/vscode/extensions/uqbar.wollok-lsp-ide-0.5.3/out/server/src/server.js:2348:12950)\n    at U2.buildEnvironmentFrom (/home/publico/.var/app/com.visualstudio.code/data/vscode/extensions/uqbar.wollok-lsp-ide-0.5.3/out/server/src/server.js:2393:5254)\n    at U2.updateEnvironmentWith (/home/publico/.var/app/com.visualstudio.code/data/vscode/extensions/uqbar.wollok-lsp-ide-0.5.3/out/server/src/server.js:2393:4989)\n    at JF (/home/publico/.var/app/com.visualstudio.code/data/vscode/extensions/uqbar.wollok-lsp-ide-0.5.3/out/server/src/server.js:2393:7383)\n    at F3.invoke (/home/publico/.var/app/com.visualstudio.code/data/vscode/extensions/uqbar.wollok-lsp-ide-0.5.3/out/server/src/server.js:3:157334)\n    at o.fire (/home/publico/.var/app/com.visualstudio.code/data/vscode/extensions/uqbar.wollok-lsp-ide-0.5.3/out/server/src/server.js:3:158104)\n    at /home/publico/.var/app/com.visualstudio.code/data/vscode/extensions/uqbar.wollok-lsp-ide-0.5.3/out/server/src/server.js:37:57871\n    at Zr (/home/publico/.var/app/com.visualstudio.code/data/vscode/extensions/uqbar.wollok-lsp-ide-0.5.3/out/server/src/server.js:8:1561)","timestamp":"2025-10-22T15:19:58.917Z"}
{"level":"error","message":"✘ Failed to rebuild document Failed to parse src/gimnasia.wtest: \n-- PARSING FAILED --------------------------------------------------\n\n  107 | //\t}\n  108 | \t\n> 109 | }\n      | ^\n\nExpected one of the following: \n\n'@', 'class', 'const', 'describe', 'mixin', 'object', 'only', 'package', 'program', 'test', 'var', '{', EOF, comment, not \"}\", whitespace\n","stack":"Error: Failed to parse src/gimnasia.wtest: \n-- PARSING FAILED --------------------------------------------------\n\n  107 | //\t}\n  108 | \t\n> 109 | }\n      | ^\n\nExpected one of the following: \n\n'@', 'class', 'const', 'describe', 'mixin', 'object', 'only', 'package', 'program', 'test', 'var', '{', EOF, comment, not \"}\", whitespace\n\n    at /home/publico/.var/app/com.visualstudio.code/data/vscode/extensions/uqbar.wollok-lsp-ide-0.5.3/out/server/src/server.js:2348:13026\n    at Array.map (<anonymous>)\n    at W1n (/home/publico/.var/app/com.visualstudio.code/data/vscode/extensions/uqbar.wollok-lsp-ide-0.5.3/out/server/src/server.js:2348:12950)\n    at U2.buildEnvironmentFrom (/home/publico/.var/app/com.visualstudio.code/data/vscode/extensions/uqbar.wollok-lsp-ide-0.5.3/out/server/src/server.js:2393:5254)\n    at U2.updateEnvironmentWith (/home/publico/.var/app/com.visualstudio.code/data/vscode/extensions/uqbar.wollok-lsp-ide-0.5.3/out/server/src/server.js:2393:4989)\n    at JF (/home/publico/.var/app/com.visualstudio.code/data/vscode/extensions/uqbar.wollok-lsp-ide-0.5.3/out/server/src/server.js:2393:7383)\n    at F3.invoke (/home/publico/.var/app/com.visualstudio.code/data/vscode/extensions/uqbar.wollok-lsp-ide-0.5.3/out/server/src/server.js:3:157334)\n    at o.fire (/home/publico/.var/app/com.visualstudio.code/data/vscode/extensions/uqbar.wollok-lsp-ide-0.5.3/out/server/src/server.js:3:158104)\n    at /home/publico/.var/app/com.visualstudio.code/data/vscode/extensions/uqbar.wollok-lsp-ide-0.5.3/out/server/src/server.js:37:57871\n    at Zr (/home/publico/.var/app/com.visualstudio.code/data/vscode/extensions/uqbar.wollok-lsp-ide-0.5.3/out/server/src/server.js:8:1561)","timestamp":"2025-10-22T15:19:59.049Z"}
{"level":"error","message":"✘ Failed to rebuild document Failed to parse src/gimnasia.wtest: \n-- PARSING FAILED --------------------------------------------------\n\n  107 | //\t}\n  108 | \t\n> 109 | }\n      | ^\n\nExpected one of the following: \n\n'@', 'class', 'const', 'describe', 'mixin', 'object', 'only', 'package', 'program', 'test', 'var', '{', EOF, comment, not \"}\", whitespace\n","stack":"Error: Failed to parse src/gimnasia.wtest: \n-- PARSING FAILED --------------------------------------------------\n\n  107 | //\t}\n  108 | \t\n> 109 | }\n      | ^\n\nExpected one of the following: \n\n'@', 'class', 'const', 'describe', 'mixin', 'object', 'only', 'package', 'program', 'test', 'var', '{', EOF, comment, not \"}\", whitespace\n\n    at /home/publico/.var/app/com.visualstudio.code/data/vscode/extensions/uqbar.wollok-lsp-ide-0.5.3/out/server/src/server.js:2348:13026\n    at Array.map (<anonymous>)\n    at W1n (/home/publico/.var/app/com.visualstudio.code/data/vscode/extensions/uqbar.wollok-lsp-ide-0.5.3/out/server/src/server.js:2348:12950)\n    at U2.buildEnvironmentFrom (/home/publico/.var/app/com.visualstudio.code/data/vscode/extensions/uqbar.wollok-lsp-ide-0.5.3/out/server/src/server.js:2393:5254)\n    at U2.updateEnvironmentWith (/home/publico/.var/app/com.visualstudio.code/data/vscode/extensions/uqbar.wollok-lsp-ide-0.5.3/out/server/src/server.js:2393:4989)\n    at JF (/home/publico/.var/app/com.visualstudio.code/data/vscode/extensions/uqbar.wollok-lsp-ide-0.5.3/out/server/src/server.js:2393:7383)\n    at F3.invoke (/home/publico/.var/app/com.visualstudio.code/data/vscode/extensions/uqbar.wollok-lsp-ide-0.5.3/out/server/src/server.js:3:157334)\n    at o.fire (/home/publico/.var/app/com.visualstudio.code/data/vscode/extensions/uqbar.wollok-lsp-ide-0.5.3/out/server/src/server.js:3:158104)\n    at /home/publico/.var/app/com.visualstudio.code/data/vscode/extensions/uqbar.wollok-lsp-ide-0.5.3/out/server/src/server.js:37:57871\n    at Zr (/home/publico/.var/app/com.visualstudio.code/data/vscode/extensions/uqbar.wollok-lsp-ide-0.5.3/out/server/src/server.js:8:1561)","timestamp":"2025-10-22T15:19:59.171Z"}
{"level":"error","message":"✘ Failed to rebuild document Failed to parse src/gimnasia.wtest: \n-- PARSING FAILED --------------------------------------------------\n\n  107 | //\t}\n  108 | \t\n> 109 | }\n      | ^\n\nExpected one of the following: \n\n'@', 'class', 'const', 'describe', 'mixin', 'object', 'only', 'package', 'program', 'test', 'var', '{', EOF, comment, not \"}\", whitespace\n","stack":"Error: Failed to parse src/gimnasia.wtest: \n-- PARSING FAILED --------------------------------------------------\n\n  107 | //\t}\n  108 | \t\n> 109 | }\n      | ^\n\nExpected one of the following: \n\n'@', 'class', 'const', 'describe', 'mixin', 'object', 'only', 'package', 'program', 'test', 'var', '{', EOF, comment, not \"}\", whitespace\n\n    at /home/publico/.var/app/com.visualstudio.code/data/vscode/extensions/uqbar.wollok-lsp-ide-0.5.3/out/server/src/server.js:2348:13026\n    at Array.map (<anonymous>)\n    at W1n (/home/publico/.var/app/com.visualstudio.code/data/vscode/extensions/uqbar.wollok-lsp-ide-0.5.3/out/server/src/server.js:2348:12950)\n    at U2.buildEnvironmentFrom (/home/publico/.var/app/com.visualstudio.code/data/vscode/extensions/uqbar.wollok-lsp-ide-0.5.3/out/server/src/server.js:2393:5254)\n    at U2.updateEnvironmentWith (/home/publico/.var/app/com.visualstudio.code/data/vscode/extensions/uqbar.wollok-lsp-ide-0.5.3/out/server/src/server.js:2393:4989)\n    at JF (/home/publico/.var/app/com.visualstudio.code/data/vscode/extensions/uqbar.wollok-lsp-ide-0.5.3/out/server/src/server.js:2393:7383)\n    at F3.invoke (/home/publico/.var/app/com.visualstudio.code/data/vscode/extensions/uqbar.wollok-lsp-ide-0.5.3/out/server/src/server.js:3:157334)\n    at o.fire (/home/publico/.var/app/com.visualstudio.code/data/vscode/extensions/uqbar.wollok-lsp-ide-0.5.3/out/server/src/server.js:3:158104)\n    at /home/publico/.var/app/com.visualstudio.code/data/vscode/extensions/uqbar.wollok-lsp-ide-0.5.3/out/server/src/server.js:37:57871\n    at Zr (/home/publico/.var/app/com.visualstudio.code/data/vscode/extensions/uqbar.wollok-lsp-ide-0.5.3/out/server/src/server.js:8:1561)","timestamp":"2025-10-22T15:19:59.271Z"}
{"level":"error","message":"✘ Failed to rebuild document Failed to parse src/gimnasia.wtest: \n-- PARSING FAILED --------------------------------------------------\n\n  107 | //\t}\n  108 | \t\n> 109 | }\n      | ^\n\nExpected one of the following: \n\n'@', 'class', 'const', 'describe', 'mixin', 'object', 'only', 'package', 'program', 'test', 'var', '{', EOF, comment, not \"}\", whitespace\n","stack":"Error: Failed to parse src/gimnasia.wtest: \n-- PARSING FAILED --------------------------------------------------\n\n  107 | //\t}\n  108 | \t\n> 109 | }\n      | ^\n\nExpected one of the following: \n\n'@', 'class', 'const', 'describe', 'mixin', 'object', 'only', 'package', 'program', 'test', 'var', '{', EOF, comment, not \"}\", whitespace\n\n    at /home/publico/.var/app/com.visualstudio.code/data/vscode/extensions/uqbar.wollok-lsp-ide-0.5.3/out/server/src/server.js:2348:13026\n    at Array.map (<anonymous>)\n    at W1n (/home/publico/.var/app/com.visualstudio.code/data/vscode/extensions/uqbar.wollok-lsp-ide-0.5.3/out/server/src/server.js:2348:12950)\n    at U2.buildEnvironmentFrom (/home/publico/.var/app/com.visualstudio.code/data/vscode/extensions/uqbar.wollok-lsp-ide-0.5.3/out/server/src/server.js:2393:5254)\n    at U2.updateEnvironmentWith (/home/publico/.var/app/com.visualstudio.code/data/vscode/extensions/uqbar.wollok-lsp-ide-0.5.3/out/server/src/server.js:2393:4989)\n    at JF (/home/publico/.var/app/com.visualstudio.code/data/vscode/extensions/uqbar.wollok-lsp-ide-0.5.3/out/server/src/server.js:2393:7383)\n    at F3.invoke (/home/publico/.var/app/com.visualstudio.code/data/vscode/extensions/uqbar.wollok-lsp-ide-0.5.3/out/server/src/server.js:3:157334)\n    at o.fire (/home/publico/.var/app/com.visualstudio.code/data/vscode/extensions/uqbar.wollok-lsp-ide-0.5.3/out/server/src/server.js:3:158104)\n    at /home/publico/.var/app/com.visualstudio.code/data/vscode/extensions/uqbar.wollok-lsp-ide-0.5.3/out/server/src/server.js:37:57871\n    at Zr (/home/publico/.var/app/com.visualstudio.code/data/vscode/extensions/uqbar.wollok-lsp-ide-0.5.3/out/server/src/server.js:8:1561)","timestamp":"2025-10-22T15:19:59.362Z"}
{"level":"error","message":"✘ Failed to rebuild document Failed to parse src/gimnasia.wtest: \n-- PARSING FAILED --------------------------------------------------\n\n  107 | //\t}\n  108 | \t\n> 109 | }\n      | ^\n\nExpected one of the following: \n\n'@', 'class', 'const', 'describe', 'mixin', 'object', 'only', 'package', 'program', 'test', 'var', '{', EOF, comment, not \"}\", whitespace\n","stack":"Error: Failed to parse src/gimnasia.wtest: \n-- PARSING FAILED --------------------------------------------------\n\n  107 | //\t}\n  108 | \t\n> 109 | }\n      | ^\n\nExpected one of the following: \n\n'@', 'class', 'const', 'describe', 'mixin', 'object', 'only', 'package', 'program', 'test', 'var', '{', EOF, comment, not \"}\", whitespace\n\n    at /home/publico/.var/app/com.visualstudio.code/data/vscode/extensions/uqbar.wollok-lsp-ide-0.5.3/out/server/src/server.js:2348:13026\n    at Array.map (<anonymous>)\n    at W1n (/home/publico/.var/app/com.visualstudio.code/data/vscode/extensions/uqbar.wollok-lsp-ide-0.5.3/out/server/src/server.js:2348:12950)\n    at U2.buildEnvironmentFrom (/home/publico/.var/app/com.visualstudio.code/data/vscode/extensions/uqbar.wollok-lsp-ide-0.5.3/out/server/src/server.js:2393:5254)\n    at U2.updateEnvironmentWith (/home/publico/.var/app/com.visualstudio.code/data/vscode/extensions/uqbar.wollok-lsp-ide-0.5.3/out/server/src/server.js:2393:4989)\n    at JF (/home/publico/.var/app/com.visualstudio.code/data/vscode/extensions/uqbar.wollok-lsp-ide-0.5.3/out/server/src/server.js:2393:7383)\n    at F3.invoke (/home/publico/.var/app/com.visualstudio.code/data/vscode/extensions/uqbar.wollok-lsp-ide-0.5.3/out/server/src/server.js:3:157334)\n    at o.fire (/home/publico/.var/app/com.visualstudio.code/data/vscode/extensions/uqbar.wollok-lsp-ide-0.5.3/out/server/src/server.js:3:158104)\n    at /home/publico/.var/app/com.visualstudio.code/data/vscode/extensions/uqbar.wollok-lsp-ide-0.5.3/out/server/src/server.js:37:57871\n    at Zr (/home/publico/.var/app/com.visualstudio.code/data/vscode/extensions/uqbar.wollok-lsp-ide-0.5.3/out/server/src/server.js:8:1561)","timestamp":"2025-10-22T15:19:59.493Z"}
{"level":"error","message":"✘ Failed to rebuild document Failed to parse src/gimnasia.wtest: \n-- PARSING FAILED --------------------------------------------------\n\n  107 | //\t}\n  108 | \t\n> 109 | }\n      | ^\n\nExpected one of the following: \n\n'@', 'class', 'const', 'describe', 'mixin', 'object', 'only', 'package', 'program', 'test', 'var', '{', EOF, comment, not \"}\", whitespace\n","stack":"Error: Failed to parse src/gimnasia.wtest: \n-- PARSING FAILED --------------------------------------------------\n\n  107 | //\t}\n  108 | \t\n> 109 | }\n      | ^\n\nExpected one of the following: \n\n'@', 'class', 'const', 'describe', 'mixin', 'object', 'only', 'package', 'program', 'test', 'var', '{', EOF, comment, not \"}\", whitespace\n\n    at /home/publico/.var/app/com.visualstudio.code/data/vscode/extensions/uqbar.wollok-lsp-ide-0.5.3/out/server/src/server.js:2348:13026\n    at Array.map (<anonymous>)\n    at W1n (/home/publico/.var/app/com.visualstudio.code/data/vscode/extensions/uqbar.wollok-lsp-ide-0.5.3/out/server/src/server.js:2348:12950)\n    at U2.buildEnvironmentFrom (/home/publico/.var/app/com.visualstudio.code/data/vscode/extensions/uqbar.wollok-lsp-ide-0.5.3/out/server/src/server.js:2393:5254)\n    at U2.updateEnvironmentWith (/home/publico/.var/app/com.visualstudio.code/data/vscode/extensions/uqbar.wollok-lsp-ide-0.5.3/out/server/src/server.js:2393:4989)\n    at JF (/home/publico/.var/app/com.visualstudio.code/data/vscode/extensions/uqbar.wollok-lsp-ide-0.5.3/out/server/src/server.js:2393:7383)\n    at F3.invoke (/home/publico/.var/app/com.visualstudio.code/data/vscode/extensions/uqbar.wollok-lsp-ide-0.5.3/out/server/src/server.js:3:157334)\n    at o.fire (/home/publico/.var/app/com.visualstudio.code/data/vscode/extensions/uqbar.wollok-lsp-ide-0.5.3/out/server/src/server.js:3:158104)\n    at /home/publico/.var/app/com.visualstudio.code/data/vscode/extensions/uqbar.wollok-lsp-ide-0.5.3/out/server/src/server.js:37:57871\n    at Zr (/home/publico/.var/app/com.visualstudio.code/data/vscode/extensions/uqbar.wollok-lsp-ide-0.5.3/out/server/src/server.js:8:1561)","timestamp":"2025-10-22T15:19:59.585Z"}
{"level":"error","message":"✘ Failed to rebuild document Failed to parse src/gimnasia.wtest: \n-- PARSING FAILED --------------------------------------------------\n\n  107 | //\t}\n  108 | \t\n> 109 | }\n      | ^\n\nExpected one of the following: \n\n'@', 'class', 'const', 'describe', 'mixin', 'object', 'only', 'package', 'program', 'test', 'var', '{', EOF, comment, not \"}\", whitespace\n","stack":"Error: Failed to parse src/gimnasia.wtest: \n-- PARSING FAILED --------------------------------------------------\n\n  107 | //\t}\n  108 | \t\n> 109 | }\n      | ^\n\nExpected one of the following: \n\n'@', 'class', 'const', 'describe', 'mixin', 'object', 'only', 'package', 'program', 'test', 'var', '{', EOF, comment, not \"}\", whitespace\n\n    at /home/publico/.var/app/com.visualstudio.code/data/vscode/extensions/uqbar.wollok-lsp-ide-0.5.3/out/server/src/server.js:2348:13026\n    at Array.map (<anonymous>)\n    at W1n (/home/publico/.var/app/com.visualstudio.code/data/vscode/extensions/uqbar.wollok-lsp-ide-0.5.3/out/server/src/server.js:2348:12950)\n    at U2.buildEnvironmentFrom (/home/publico/.var/app/com.visualstudio.code/data/vscode/extensions/uqbar.wollok-lsp-ide-0.5.3/out/server/src/server.js:2393:5254)\n    at U2.updateEnvironmentWith (/home/publico/.var/app/com.visualstudio.code/data/vscode/extensions/uqbar.wollok-lsp-ide-0.5.3/out/server/src/server.js:2393:4989)\n    at JF (/home/publico/.var/app/com.visualstudio.code/data/vscode/extensions/uqbar.wollok-lsp-ide-0.5.3/out/server/src/server.js:2393:7383)\n    at F3.invoke (/home/publico/.var/app/com.visualstudio.code/data/vscode/extensions/uqbar.wollok-lsp-ide-0.5.3/out/server/src/server.js:3:157334)\n    at o.fire (/home/publico/.var/app/com.visualstudio.code/data/vscode/extensions/uqbar.wollok-lsp-ide-0.5.3/out/server/src/server.js:3:158104)\n    at /home/publico/.var/app/com.visualstudio.code/data/vscode/extensions/uqbar.wollok-lsp-ide-0.5.3/out/server/src/server.js:37:57871\n    at Zr (/home/publico/.var/app/com.visualstudio.code/data/vscode/extensions/uqbar.wollok-lsp-ide-0.5.3/out/server/src/server.js:8:1561)","timestamp":"2025-10-22T15:20:08.786Z"}
{"level":"error","message":"✘ Failed to rebuild document Failed to parse src/gimnasia.wtest: \n-- PARSING FAILED --------------------------------------------------\n\n  107 | //\t}\n  108 | \t\n> 109 | }\n      | ^\n\nExpected one of the following: \n\n'@', 'class', 'const', 'describe', 'mixin', 'object', 'only', 'package', 'program', 'test', 'var', '{', EOF, comment, not \"}\", whitespace\n","stack":"Error: Failed to parse src/gimnasia.wtest: \n-- PARSING FAILED --------------------------------------------------\n\n  107 | //\t}\n  108 | \t\n> 109 | }\n      | ^\n\nExpected one of the following: \n\n'@', 'class', 'const', 'describe', 'mixin', 'object', 'only', 'package', 'program', 'test', 'var', '{', EOF, comment, not \"}\", whitespace\n\n    at /home/publico/.var/app/com.visualstudio.code/data/vscode/extensions/uqbar.wollok-lsp-ide-0.5.3/out/server/src/server.js:2348:13026\n    at Array.map (<anonymous>)\n    at W1n (/home/publico/.var/app/com.visualstudio.code/data/vscode/extensions/uqbar.wollok-lsp-ide-0.5.3/out/server/src/server.js:2348:12950)\n    at U2.buildEnvironmentFrom (/home/publico/.var/app/com.visualstudio.code/data/vscode/extensions/uqbar.wollok-lsp-ide-0.5.3/out/server/src/server.js:2393:5254)\n    at U2.updateEnvironmentWith (/home/publico/.var/app/com.visualstudio.code/data/vscode/extensions/uqbar.wollok-lsp-ide-0.5.3/out/server/src/server.js:2393:4989)\n    at JF (/home/publico/.var/app/com.visualstudio.code/data/vscode/extensions/uqbar.wollok-lsp-ide-0.5.3/out/server/src/server.js:2393:7383)\n    at F3.invoke (/home/publico/.var/app/com.visualstudio.code/data/vscode/extensions/uqbar.wollok-lsp-ide-0.5.3/out/server/src/server.js:3:157334)\n    at o.fire (/home/publico/.var/app/com.visualstudio.code/data/vscode/extensions/uqbar.wollok-lsp-ide-0.5.3/out/server/src/server.js:3:158104)\n    at /home/publico/.var/app/com.visualstudio.code/data/vscode/extensions/uqbar.wollok-lsp-ide-0.5.3/out/server/src/server.js:37:57871\n    at Zr (/home/publico/.var/app/com.visualstudio.code/data/vscode/extensions/uqbar.wollok-lsp-ide-0.5.3/out/server/src/server.js:8:1561)","timestamp":"2025-10-22T15:20:08.954Z"}
{"level":"error","message":"✘ Failed to rebuild document Failed to parse src/gimnasia.wtest: \n-- PARSING FAILED --------------------------------------------------\n\n  107 | //\t}\n  108 | \t\n> 109 | }\n      | ^\n\nExpected one of the following: \n\n'@', 'class', 'const', 'describe', 'mixin', 'object', 'only', 'package', 'program', 'test', 'var', '{', EOF, comment, not \"}\", whitespace\n","stack":"Error: Failed to parse src/gimnasia.wtest: \n-- PARSING FAILED --------------------------------------------------\n\n  107 | //\t}\n  108 | \t\n> 109 | }\n      | ^\n\nExpected one of the following: \n\n'@', 'class', 'const', 'describe', 'mixin', 'object', 'only', 'package', 'program', 'test', 'var', '{', EOF, comment, not \"}\", whitespace\n\n    at /home/publico/.var/app/com.visualstudio.code/data/vscode/extensions/uqbar.wollok-lsp-ide-0.5.3/out/server/src/server.js:2348:13026\n    at Array.map (<anonymous>)\n    at W1n (/home/publico/.var/app/com.visualstudio.code/data/vscode/extensions/uqbar.wollok-lsp-ide-0.5.3/out/server/src/server.js:2348:12950)\n    at U2.buildEnvironmentFrom (/home/publico/.var/app/com.visualstudio.code/data/vscode/extensions/uqbar.wollok-lsp-ide-0.5.3/out/server/src/server.js:2393:5254)\n    at U2.updateEnvironmentWith (/home/publico/.var/app/com.visualstudio.code/data/vscode/extensions/uqbar.wollok-lsp-ide-0.5.3/out/server/src/server.js:2393:4989)\n    at JF (/home/publico/.var/app/com.visualstudio.code/data/vscode/extensions/uqbar.wollok-lsp-ide-0.5.3/out/server/src/server.js:2393:7383)\n    at F3.invoke (/home/publico/.var/app/com.visualstudio.code/data/vscode/extensions/uqbar.wollok-lsp-ide-0.5.3/out/server/src/server.js:3:157334)\n    at o.fire (/home/publico/.var/app/com.visualstudio.code/data/vscode/extensions/uqbar.wollok-lsp-ide-0.5.3/out/server/src/server.js:3:158104)\n    at /home/publico/.var/app/com.visualstudio.code/data/vscode/extensions/uqbar.wollok-lsp-ide-0.5.3/out/server/src/server.js:37:57871\n    at Zr (/home/publico/.var/app/com.visualstudio.code/data/vscode/extensions/uqbar.wollok-lsp-ide-0.5.3/out/server/src/server.js:8:1561)","timestamp":"2025-10-22T15:20:09.059Z"}
{"level":"error","message":"✘ Failed to rebuild document Failed to parse src/gimnasia.wtest: \n-- PARSING FAILED --------------------------------------------------\n\n  107 | //\t}\n  108 | \t\n> 109 | }\n      | ^\n\nExpected one of the following: \n\n'@', 'class', 'const', 'describe', 'mixin', 'object', 'only', 'package', 'program', 'test', 'var', '{', EOF, comment, not \"}\", whitespace\n","stack":"Error: Failed to parse src/gimnasia.wtest: \n-- PARSING FAILED --------------------------------------------------\n\n  107 | //\t}\n  108 | \t\n> 109 | }\n      | ^\n\nExpected one of the following: \n\n'@', 'class', 'const', 'describe', 'mixin', 'object', 'only', 'package', 'program', 'test', 'var', '{', EOF, comment, not \"}\", whitespace\n\n    at /home/publico/.var/app/com.visualstudio.code/data/vscode/extensions/uqbar.wollok-lsp-ide-0.5.3/out/server/src/server.js:2348:13026\n    at Array.map (<anonymous>)\n    at W1n (/home/publico/.var/app/com.visualstudio.code/data/vscode/extensions/uqbar.wollok-lsp-ide-0.5.3/out/server/src/server.js:2348:12950)\n    at U2.buildEnvironmentFrom (/home/publico/.var/app/com.visualstudio.code/data/vscode/extensions/uqbar.wollok-lsp-ide-0.5.3/out/server/src/server.js:2393:5254)\n    at U2.updateEnvironmentWith (/home/publico/.var/app/com.visualstudio.code/data/vscode/extensions/uqbar.wollok-lsp-ide-0.5.3/out/server/src/server.js:2393:4989)\n    at JF (/home/publico/.var/app/com.visualstudio.code/data/vscode/extensions/uqbar.wollok-lsp-ide-0.5.3/out/server/src/server.js:2393:7383)\n    at F3.invoke (/home/publico/.var/app/com.visualstudio.code/data/vscode/extensions/uqbar.wollok-lsp-ide-0.5.3/out/server/src/server.js:3:157334)\n    at o.fire (/home/publico/.var/app/com.visualstudio.code/data/vscode/extensions/uqbar.wollok-lsp-ide-0.5.3/out/server/src/server.js:3:158104)\n    at /home/publico/.var/app/com.visualstudio.code/data/vscode/extensions/uqbar.wollok-lsp-ide-0.5.3/out/server/src/server.js:37:57871\n    at Zr (/home/publico/.var/app/com.visualstudio.code/data/vscode/extensions/uqbar.wollok-lsp-ide-0.5.3/out/server/src/server.js:8:1561)","timestamp":"2025-10-22T15:20:09.142Z"}
{"level":"error","message":"✘ Failed to rebuild document Failed to parse src/gimnasia.wtest: \n-- PARSING FAILED --------------------------------------------------\n\n  107 | //\t}\n  108 | \t\n> 109 | }\n      | ^\n\nExpected one of the following: \n\n'@', 'class', 'const', 'describe', 'mixin', 'object', 'only', 'package', 'program', 'test', 'var', '{', EOF, comment, not \"}\", whitespace\n","stack":"Error: Failed to parse src/gimnasia.wtest: \n-- PARSING FAILED --------------------------------------------------\n\n  107 | //\t}\n  108 | \t\n> 109 | }\n      | ^\n\nExpected one of the following: \n\n'@', 'class', 'const', 'describe', 'mixin', 'object', 'only', 'package', 'program', 'test', 'var', '{', EOF, comment, not \"}\", whitespace\n\n    at /home/publico/.var/app/com.visualstudio.code/data/vscode/extensions/uqbar.wollok-lsp-ide-0.5.3/out/server/src/server.js:2348:13026\n    at Array.map (<anonymous>)\n    at W1n (/home/publico/.var/app/com.visualstudio.code/data/vscode/extensions/uqbar.wollok-lsp-ide-0.5.3/out/server/src/server.js:2348:12950)\n    at U2.buildEnvironmentFrom (/home/publico/.var/app/com.visualstudio.code/data/vscode/extensions/uqbar.wollok-lsp-ide-0.5.3/out/server/src/server.js:2393:5254)\n    at U2.updateEnvironmentWith (/home/publico/.var/app/com.visualstudio.code/data/vscode/extensions/uqbar.wollok-lsp-ide-0.5.3/out/server/src/server.js:2393:4989)\n    at JF (/home/publico/.var/app/com.visualstudio.code/data/vscode/extensions/uqbar.wollok-lsp-ide-0.5.3/out/server/src/server.js:2393:7383)\n    at F3.invoke (/home/publico/.var/app/com.visualstudio.code/data/vscode/extensions/uqbar.wollok-lsp-ide-0.5.3/out/server/src/server.js:3:157334)\n    at o.fire (/home/publico/.var/app/com.visualstudio.code/data/vscode/extensions/uqbar.wollok-lsp-ide-0.5.3/out/server/src/server.js:3:158104)\n    at /home/publico/.var/app/com.visualstudio.code/data/vscode/extensions/uqbar.wollok-lsp-ide-0.5.3/out/server/src/server.js:37:57871\n    at Zr (/home/publico/.var/app/com.visualstudio.code/data/vscode/extensions/uqbar.wollok-lsp-ide-0.5.3/out/server/src/server.js:8:1561)","timestamp":"2025-10-22T15:20:09.313Z"}
{"level":"error","message":"✘ Failed to rebuild document Failed to parse src/gimnasia.wtest: \n-- PARSING FAILED --------------------------------------------------\n\n  107 | //\t}\n  108 | \t\n> 109 | }\n      | ^\n\nExpected one of the following: \n\n'@', 'class', 'const', 'describe', 'mixin', 'object', 'only', 'package', 'program', 'test', 'var', '{', EOF, comment, not \"}\", whitespace\n","stack":"Error: Failed to parse src/gimnasia.wtest: \n-- PARSING FAILED --------------------------------------------------\n\n  107 | //\t}\n  108 | \t\n> 109 | }\n      | ^\n\nExpected one of the following: \n\n'@', 'class', 'const', 'describe', 'mixin', 'object', 'only', 'package', 'program', 'test', 'var', '{', EOF, comment, not \"}\", whitespace\n\n    at /home/publico/.var/app/com.visualstudio.code/data/vscode/extensions/uqbar.wollok-lsp-ide-0.5.3/out/server/src/server.js:2348:13026\n    at Array.map (<anonymous>)\n    at W1n (/home/publico/.var/app/com.visualstudio.code/data/vscode/extensions/uqbar.wollok-lsp-ide-0.5.3/out/server/src/server.js:2348:12950)\n    at U2.buildEnvironmentFrom (/home/publico/.var/app/com.visualstudio.code/data/vscode/extensions/uqbar.wollok-lsp-ide-0.5.3/out/server/src/server.js:2393:5254)\n    at U2.updateEnvironmentWith (/home/publico/.var/app/com.visualstudio.code/data/vscode/extensions/uqbar.wollok-lsp-ide-0.5.3/out/server/src/server.js:2393:4989)\n    at JF (/home/publico/.var/app/com.visualstudio.code/data/vscode/extensions/uqbar.wollok-lsp-ide-0.5.3/out/server/src/server.js:2393:7383)\n    at F3.invoke (/home/publico/.var/app/com.visualstudio.code/data/vscode/extensions/uqbar.wollok-lsp-ide-0.5.3/out/server/src/server.js:3:157334)\n    at o.fire (/home/publico/.var/app/com.visualstudio.code/data/vscode/extensions/uqbar.wollok-lsp-ide-0.5.3/out/server/src/server.js:3:158104)\n    at /home/publico/.var/app/com.visualstudio.code/data/vscode/extensions/uqbar.wollok-lsp-ide-0.5.3/out/server/src/server.js:37:57871\n    at Zr (/home/publico/.var/app/com.visualstudio.code/data/vscode/extensions/uqbar.wollok-lsp-ide-0.5.3/out/server/src/server.js:8:1561)","timestamp":"2025-10-22T15:20:09.497Z"}
{"level":"error","message":"✘ Failed to rebuild document Failed to parse src/gimnasia.wtest: \n-- PARSING FAILED --------------------------------------------------\n\n  107 | //\t}\n  108 | \t\n> 109 | }\n      | ^\n\nExpected one of the following: \n\n'@', 'class', 'const', 'describe', 'mixin', 'object', 'only', 'package', 'program', 'test', 'var', '{', EOF, comment, not \"}\", whitespace\n","stack":"Error: Failed to parse src/gimnasia.wtest: \n-- PARSING FAILED --------------------------------------------------\n\n  107 | //\t}\n  108 | \t\n> 109 | }\n      | ^\n\nExpected one of the following: \n\n'@', 'class', 'const', 'describe', 'mixin', 'object', 'only', 'package', 'program', 'test', 'var', '{', EOF, comment, not \"}\", whitespace\n\n    at /home/publico/.var/app/com.visualstudio.code/data/vscode/extensions/uqbar.wollok-lsp-ide-0.5.3/out/server/src/server.js:2348:13026\n    at Array.map (<anonymous>)\n    at W1n (/home/publico/.var/app/com.visualstudio.code/data/vscode/extensions/uqbar.wollok-lsp-ide-0.5.3/out/server/src/server.js:2348:12950)\n    at U2.buildEnvironmentFrom (/home/publico/.var/app/com.visualstudio.code/data/vscode/extensions/uqbar.wollok-lsp-ide-0.5.3/out/server/src/server.js:2393:5254)\n    at U2.updateEnvironmentWith (/home/publico/.var/app/com.visualstudio.code/data/vscode/extensions/uqbar.wollok-lsp-ide-0.5.3/out/server/src/server.js:2393:4989)\n    at JF (/home/publico/.var/app/com.visualstudio.code/data/vscode/extensions/uqbar.wollok-lsp-ide-0.5.3/out/server/src/server.js:2393:7383)\n    at F3.invoke (/home/publico/.var/app/com.visualstudio.code/data/vscode/extensions/uqbar.wollok-lsp-ide-0.5.3/out/server/src/server.js:3:157334)\n    at o.fire (/home/publico/.var/app/com.visualstudio.code/data/vscode/extensions/uqbar.wollok-lsp-ide-0.5.3/out/server/src/server.js:3:158104)\n    at /home/publico/.var/app/com.visualstudio.code/data/vscode/extensions/uqbar.wollok-lsp-ide-0.5.3/out/server/src/server.js:37:57871\n    at Zr (/home/publico/.var/app/com.visualstudio.code/data/vscode/extensions/uqbar.wollok-lsp-ide-0.5.3/out/server/src/server.js:8:1561)","timestamp":"2025-10-22T15:20:09.671Z"}
{"level":"error","message":"✘ Failed to rebuild document Failed to parse src/gimnasia.wtest: \n-- PARSING FAILED --------------------------------------------------\n\n  107 | //\t}\n  108 | \t\n> 109 | }\n      | ^\n\nExpected one of the following: \n\n'@', 'class', 'const', 'describe', 'mixin', 'object', 'only', 'package', 'program', 'test', 'var', '{', EOF, comment, not \"}\", whitespace\n","stack":"Error: Failed to parse src/gimnasia.wtest: \n-- PARSING FAILED --------------------------------------------------\n\n  107 | //\t}\n  108 | \t\n> 109 | }\n      | ^\n\nExpected one of the following: \n\n'@', 'class', 'const', 'describe', 'mixin', 'object', 'only', 'package', 'program', 'test', 'var', '{', EOF, comment, not \"}\", whitespace\n\n    at /home/publico/.var/app/com.visualstudio.code/data/vscode/extensions/uqbar.wollok-lsp-ide-0.5.3/out/server/src/server.js:2348:13026\n    at Array.map (<anonymous>)\n    at W1n (/home/publico/.var/app/com.visualstudio.code/data/vscode/extensions/uqbar.wollok-lsp-ide-0.5.3/out/server/src/server.js:2348:12950)\n    at U2.buildEnvironmentFrom (/home/publico/.var/app/com.visualstudio.code/data/vscode/extensions/uqbar.wollok-lsp-ide-0.5.3/out/server/src/server.js:2393:5254)\n    at U2.updateEnvironmentWith (/home/publico/.var/app/com.visualstudio.code/data/vscode/extensions/uqbar.wollok-lsp-ide-0.5.3/out/server/src/server.js:2393:4989)\n    at JF (/home/publico/.var/app/com.visualstudio.code/data/vscode/extensions/uqbar.wollok-lsp-ide-0.5.3/out/server/src/server.js:2393:7383)\n    at F3.invoke (/home/publico/.var/app/com.visualstudio.code/data/vscode/extensions/uqbar.wollok-lsp-ide-0.5.3/out/server/src/server.js:3:157334)\n    at o.fire (/home/publico/.var/app/com.visualstudio.code/data/vscode/extensions/uqbar.wollok-lsp-ide-0.5.3/out/server/src/server.js:3:158104)\n    at /home/publico/.var/app/com.visualstudio.code/data/vscode/extensions/uqbar.wollok-lsp-ide-0.5.3/out/server/src/server.js:37:57871\n    at Zr (/home/publico/.var/app/com.visualstudio.code/data/vscode/extensions/uqbar.wollok-lsp-ide-0.5.3/out/server/src/server.js:8:1561)","timestamp":"2025-10-22T15:20:09.777Z"}
{"level":"error","message":"✘ Failed to rebuild document Failed to parse src/gimnasia.wtest: \n-- PARSING FAILED --------------------------------------------------\n\n  107 | //\t}\n  108 | \t\n> 109 | }\n      | ^\n\nExpected one of the following: \n\n'@', 'class', 'const', 'describe', 'mixin', 'object', 'only', 'package', 'program', 'test', 'var', '{', EOF, comment, not \"}\", whitespace\n","stack":"Error: Failed to parse src/gimnasia.wtest: \n-- PARSING FAILED --------------------------------------------------\n\n  107 | //\t}\n  108 | \t\n> 109 | }\n      | ^\n\nExpected one of the following: \n\n'@', 'class', 'const', 'describe', 'mixin', 'object', 'only', 'package', 'program', 'test', 'var', '{', EOF, comment, not \"}\", whitespace\n\n    at /home/publico/.var/app/com.visualstudio.code/data/vscode/extensions/uqbar.wollok-lsp-ide-0.5.3/out/server/src/server.js:2348:13026\n    at Array.map (<anonymous>)\n    at W1n (/home/publico/.var/app/com.visualstudio.code/data/vscode/extensions/uqbar.wollok-lsp-ide-0.5.3/out/server/src/server.js:2348:12950)\n    at U2.buildEnvironmentFrom (/home/publico/.var/app/com.visualstudio.code/data/vscode/extensions/uqbar.wollok-lsp-ide-0.5.3/out/server/src/server.js:2393:5254)\n    at U2.updateEnvironmentWith (/home/publico/.var/app/com.visualstudio.code/data/vscode/extensions/uqbar.wollok-lsp-ide-0.5.3/out/server/src/server.js:2393:4989)\n    at JF (/home/publico/.var/app/com.visualstudio.code/data/vscode/extensions/uqbar.wollok-lsp-ide-0.5.3/out/server/src/server.js:2393:7383)\n    at F3.invoke (/home/publico/.var/app/com.visualstudio.code/data/vscode/extensions/uqbar.wollok-lsp-ide-0.5.3/out/server/src/server.js:3:157334)\n    at o.fire (/home/publico/.var/app/com.visualstudio.code/data/vscode/extensions/uqbar.wollok-lsp-ide-0.5.3/out/server/src/server.js:3:158104)\n    at /home/publico/.var/app/com.visualstudio.code/data/vscode/extensions/uqbar.wollok-lsp-ide-0.5.3/out/server/src/server.js:37:57871\n    at Zr (/home/publico/.var/app/com.visualstudio.code/data/vscode/extensions/uqbar.wollok-lsp-ide-0.5.3/out/server/src/server.js:8:1561)","timestamp":"2025-10-22T15:20:10.641Z"}
{"level":"error","message":"✘ Failed to rebuild document Failed to parse src/gimnasia.wtest: \n-- PARSING FAILED --------------------------------------------------\n\n  107 | //\t}\n  108 | \t\n> 109 | }\n      | ^\n\nExpected one of the following: \n\n'@', 'class', 'const', 'describe', 'mixin', 'object', 'only', 'package', 'program', 'test', 'var', '{', EOF, comment, not \"}\", whitespace\n","stack":"Error: Failed to parse src/gimnasia.wtest: \n-- PARSING FAILED --------------------------------------------------\n\n  107 | //\t}\n  108 | \t\n> 109 | }\n      | ^\n\nExpected one of the following: \n\n'@', 'class', 'const', 'describe', 'mixin', 'object', 'only', 'package', 'program', 'test', 'var', '{', EOF, comment, not \"}\", whitespace\n\n    at /home/publico/.var/app/com.visualstudio.code/data/vscode/extensions/uqbar.wollok-lsp-ide-0.5.3/out/server/src/server.js:2348:13026\n    at Array.map (<anonymous>)\n    at W1n (/home/publico/.var/app/com.visualstudio.code/data/vscode/extensions/uqbar.wollok-lsp-ide-0.5.3/out/server/src/server.js:2348:12950)\n    at U2.buildEnvironmentFrom (/home/publico/.var/app/com.visualstudio.code/data/vscode/extensions/uqbar.wollok-lsp-ide-0.5.3/out/server/src/server.js:2393:5254)\n    at U2.updateEnvironmentWith (/home/publico/.var/app/com.visualstudio.code/data/vscode/extensions/uqbar.wollok-lsp-ide-0.5.3/out/server/src/server.js:2393:4989)\n    at JF (/home/publico/.var/app/com.visualstudio.code/data/vscode/extensions/uqbar.wollok-lsp-ide-0.5.3/out/server/src/server.js:2393:7383)\n    at F3.invoke (/home/publico/.var/app/com.visualstudio.code/data/vscode/extensions/uqbar.wollok-lsp-ide-0.5.3/out/server/src/server.js:3:157334)\n    at o.fire (/home/publico/.var/app/com.visualstudio.code/data/vscode/extensions/uqbar.wollok-lsp-ide-0.5.3/out/server/src/server.js:3:158104)\n    at /home/publico/.var/app/com.visualstudio.code/data/vscode/extensions/uqbar.wollok-lsp-ide-0.5.3/out/server/src/server.js:37:57871\n    at Zr (/home/publico/.var/app/com.visualstudio.code/data/vscode/extensions/uqbar.wollok-lsp-ide-0.5.3/out/server/src/server.js:8:1561)","timestamp":"2025-10-22T15:20:10.812Z"}
{"level":"error","message":"✘ Failed to rebuild document Failed to parse src/gimnasia.wtest: \n-- PARSING FAILED --------------------------------------------------\n\n  107 | //\t}\n  108 | \t\n> 109 | }\n      | ^\n\nExpected one of the following: \n\n'@', 'class', 'const', 'describe', 'mixin', 'object', 'only', 'package', 'program', 'test', 'var', '{', EOF, comment, not \"}\", whitespace\n","stack":"Error: Failed to parse src/gimnasia.wtest: \n-- PARSING FAILED --------------------------------------------------\n\n  107 | //\t}\n  108 | \t\n> 109 | }\n      | ^\n\nExpected one of the following: \n\n'@', 'class', 'const', 'describe', 'mixin', 'object', 'only', 'package', 'program', 'test', 'var', '{', EOF, comment, not \"}\", whitespace\n\n    at /home/publico/.var/app/com.visualstudio.code/data/vscode/extensions/uqbar.wollok-lsp-ide-0.5.3/out/server/src/server.js:2348:13026\n    at Array.map (<anonymous>)\n    at W1n (/home/publico/.var/app/com.visualstudio.code/data/vscode/extensions/uqbar.wollok-lsp-ide-0.5.3/out/server/src/server.js:2348:12950)\n    at U2.buildEnvironmentFrom (/home/publico/.var/app/com.visualstudio.code/data/vscode/extensions/uqbar.wollok-lsp-ide-0.5.3/out/server/src/server.js:2393:5254)\n    at U2.updateEnvironmentWith (/home/publico/.var/app/com.visualstudio.code/data/vscode/extensions/uqbar.wollok-lsp-ide-0.5.3/out/server/src/server.js:2393:4989)\n    at JF (/home/publico/.var/app/com.visualstudio.code/data/vscode/extensions/uqbar.wollok-lsp-ide-0.5.3/out/server/src/server.js:2393:7383)\n    at F3.invoke (/home/publico/.var/app/com.visualstudio.code/data/vscode/extensions/uqbar.wollok-lsp-ide-0.5.3/out/server/src/server.js:3:157334)\n    at o.fire (/home/publico/.var/app/com.visualstudio.code/data/vscode/extensions/uqbar.wollok-lsp-ide-0.5.3/out/server/src/server.js:3:158104)\n    at /home/publico/.var/app/com.visualstudio.code/data/vscode/extensions/uqbar.wollok-lsp-ide-0.5.3/out/server/src/server.js:37:57871\n    at Zr (/home/publico/.var/app/com.visualstudio.code/data/vscode/extensions/uqbar.wollok-lsp-ide-0.5.3/out/server/src/server.js:8:1561)","timestamp":"2025-10-22T15:20:11.057Z"}
{"level":"error","message":"✘ Failed to rebuild document Failed to parse src/gimnasia.wtest: \n-- PARSING FAILED --------------------------------------------------\n\n  107 | //\t}\n  108 | \t\n> 109 | }\n      | ^\n\nExpected one of the following: \n\n'@', 'class', 'const', 'describe', 'mixin', 'object', 'only', 'package', 'program', 'test', 'var', '{', EOF, comment, not \"}\", whitespace\n","stack":"Error: Failed to parse src/gimnasia.wtest: \n-- PARSING FAILED --------------------------------------------------\n\n  107 | //\t}\n  108 | \t\n> 109 | }\n      | ^\n\nExpected one of the following: \n\n'@', 'class', 'const', 'describe', 'mixin', 'object', 'only', 'package', 'program', 'test', 'var', '{', EOF, comment, not \"}\", whitespace\n\n    at /home/publico/.var/app/com.visualstudio.code/data/vscode/extensions/uqbar.wollok-lsp-ide-0.5.3/out/server/src/server.js:2348:13026\n    at Array.map (<anonymous>)\n    at W1n (/home/publico/.var/app/com.visualstudio.code/data/vscode/extensions/uqbar.wollok-lsp-ide-0.5.3/out/server/src/server.js:2348:12950)\n    at U2.buildEnvironmentFrom (/home/publico/.var/app/com.visualstudio.code/data/vscode/extensions/uqbar.wollok-lsp-ide-0.5.3/out/server/src/server.js:2393:5254)\n    at U2.updateEnvironmentWith (/home/publico/.var/app/com.visualstudio.code/data/vscode/extensions/uqbar.wollok-lsp-ide-0.5.3/out/server/src/server.js:2393:4989)\n    at JF (/home/publico/.var/app/com.visualstudio.code/data/vscode/extensions/uqbar.wollok-lsp-ide-0.5.3/out/server/src/server.js:2393:7383)\n    at F3.invoke (/home/publico/.var/app/com.visualstudio.code/data/vscode/extensions/uqbar.wollok-lsp-ide-0.5.3/out/server/src/server.js:3:157334)\n    at o.fire (/home/publico/.var/app/com.visualstudio.code/data/vscode/extensions/uqbar.wollok-lsp-ide-0.5.3/out/server/src/server.js:3:158104)\n    at /home/publico/.var/app/com.visualstudio.code/data/vscode/extensions/uqbar.wollok-lsp-ide-0.5.3/out/server/src/server.js:37:57871\n    at Zr (/home/publico/.var/app/com.visualstudio.code/data/vscode/extensions/uqbar.wollok-lsp-ide-0.5.3/out/server/src/server.js:8:1561)","timestamp":"2025-10-22T15:20:11.274Z"}
{"level":"error","message":"✘ Failed to rebuild document Failed to parse src/gimnasia.wtest: \n-- PARSING FAILED --------------------------------------------------\n\n  107 | //\t}\n  108 | \t\n> 109 | }\n      | ^\n\nExpected one of the following: \n\n'@', 'class', 'const', 'describe', 'mixin', 'object', 'only', 'package', 'program', 'test', 'var', '{', EOF, comment, not \"}\", whitespace\n","stack":"Error: Failed to parse src/gimnasia.wtest: \n-- PARSING FAILED --------------------------------------------------\n\n  107 | //\t}\n  108 | \t\n> 109 | }\n      | ^\n\nExpected one of the following: \n\n'@', 'class', 'const', 'describe', 'mixin', 'object', 'only', 'package', 'program', 'test', 'var', '{', EOF, comment, not \"}\", whitespace\n\n    at /home/publico/.var/app/com.visualstudio.code/data/vscode/extensions/uqbar.wollok-lsp-ide-0.5.3/out/server/src/server.js:2348:13026\n    at Array.map (<anonymous>)\n    at W1n (/home/publico/.var/app/com.visualstudio.code/data/vscode/extensions/uqbar.wollok-lsp-ide-0.5.3/out/server/src/server.js:2348:12950)\n    at U2.buildEnvironmentFrom (/home/publico/.var/app/com.visualstudio.code/data/vscode/extensions/uqbar.wollok-lsp-ide-0.5.3/out/server/src/server.js:2393:5254)\n    at U2.updateEnvironmentWith (/home/publico/.var/app/com.visualstudio.code/data/vscode/extensions/uqbar.wollok-lsp-ide-0.5.3/out/server/src/server.js:2393:4989)\n    at JF (/home/publico/.var/app/com.visualstudio.code/data/vscode/extensions/uqbar.wollok-lsp-ide-0.5.3/out/server/src/server.js:2393:7383)\n    at F3.invoke (/home/publico/.var/app/com.visualstudio.code/data/vscode/extensions/uqbar.wollok-lsp-ide-0.5.3/out/server/src/server.js:3:157334)\n    at o.fire (/home/publico/.var/app/com.visualstudio.code/data/vscode/extensions/uqbar.wollok-lsp-ide-0.5.3/out/server/src/server.js:3:158104)\n    at /home/publico/.var/app/com.visualstudio.code/data/vscode/extensions/uqbar.wollok-lsp-ide-0.5.3/out/server/src/server.js:37:57871\n    at Zr (/home/publico/.var/app/com.visualstudio.code/data/vscode/extensions/uqbar.wollok-lsp-ide-0.5.3/out/server/src/server.js:8:1561)","timestamp":"2025-10-22T15:20:11.553Z"}
{"level":"error","message":"✘ Failed to rebuild document Failed to parse src/gimnasia.wtest: \n-- PARSING FAILED --------------------------------------------------\n\n  107 | //\t}\n  108 | \t\n> 109 | }\n      | ^\n\nExpected one of the following: \n\n'@', 'class', 'const', 'describe', 'mixin', 'object', 'only', 'package', 'program', 'test', 'var', '{', EOF, comment, not \"}\", whitespace\n","stack":"Error: Failed to parse src/gimnasia.wtest: \n-- PARSING FAILED --------------------------------------------------\n\n  107 | //\t}\n  108 | \t\n> 109 | }\n      | ^\n\nExpected one of the following: \n\n'@', 'class', 'const', 'describe', 'mixin', 'object', 'only', 'package', 'program', 'test', 'var', '{', EOF, comment, not \"}\", whitespace\n\n    at /home/publico/.var/app/com.visualstudio.code/data/vscode/extensions/uqbar.wollok-lsp-ide-0.5.3/out/server/src/server.js:2348:13026\n    at Array.map (<anonymous>)\n    at W1n (/home/publico/.var/app/com.visualstudio.code/data/vscode/extensions/uqbar.wollok-lsp-ide-0.5.3/out/server/src/server.js:2348:12950)\n    at U2.buildEnvironmentFrom (/home/publico/.var/app/com.visualstudio.code/data/vscode/extensions/uqbar.wollok-lsp-ide-0.5.3/out/server/src/server.js:2393:5254)\n    at U2.updateEnvironmentWith (/home/publico/.var/app/com.visualstudio.code/data/vscode/extensions/uqbar.wollok-lsp-ide-0.5.3/out/server/src/server.js:2393:4989)\n    at JF (/home/publico/.var/app/com.visualstudio.code/data/vscode/extensions/uqbar.wollok-lsp-ide-0.5.3/out/server/src/server.js:2393:7383)\n    at F3.invoke (/home/publico/.var/app/com.visualstudio.code/data/vscode/extensions/uqbar.wollok-lsp-ide-0.5.3/out/server/src/server.js:3:157334)\n    at o.fire (/home/publico/.var/app/com.visualstudio.code/data/vscode/extensions/uqbar.wollok-lsp-ide-0.5.3/out/server/src/server.js:3:158104)\n    at /home/publico/.var/app/com.visualstudio.code/data/vscode/extensions/uqbar.wollok-lsp-ide-0.5.3/out/server/src/server.js:37:57871\n    at Zr (/home/publico/.var/app/com.visualstudio.code/data/vscode/extensions/uqbar.wollok-lsp-ide-0.5.3/out/server/src/server.js:8:1561)","timestamp":"2025-10-22T15:20:11.678Z"}
{"level":"error","message":"✘ Failed to rebuild document Failed to parse src/gimnasia.wtest: \n-- PARSING FAILED --------------------------------------------------\n\n  107 | //\t}\n  108 | \t\n> 109 | }\n      | ^\n\nExpected one of the following: \n\n'@', 'class', 'const', 'describe', 'mixin', 'object', 'only', 'package', 'program', 'test', 'var', '{', EOF, comment, not \"}\", whitespace\n","stack":"Error: Failed to parse src/gimnasia.wtest: \n-- PARSING FAILED --------------------------------------------------\n\n  107 | //\t}\n  108 | \t\n> 109 | }\n      | ^\n\nExpected one of the following: \n\n'@', 'class', 'const', 'describe', 'mixin', 'object', 'only', 'package', 'program', 'test', 'var', '{', EOF, comment, not \"}\", whitespace\n\n    at /home/publico/.var/app/com.visualstudio.code/data/vscode/extensions/uqbar.wollok-lsp-ide-0.5.3/out/server/src/server.js:2348:13026\n    at Array.map (<anonymous>)\n    at W1n (/home/publico/.var/app/com.visualstudio.code/data/vscode/extensions/uqbar.wollok-lsp-ide-0.5.3/out/server/src/server.js:2348:12950)\n    at U2.buildEnvironmentFrom (/home/publico/.var/app/com.visualstudio.code/data/vscode/extensions/uqbar.wollok-lsp-ide-0.5.3/out/server/src/server.js:2393:5254)\n    at U2.updateEnvironmentWith (/home/publico/.var/app/com.visualstudio.code/data/vscode/extensions/uqbar.wollok-lsp-ide-0.5.3/out/server/src/server.js:2393:4989)\n    at JF (/home/publico/.var/app/com.visualstudio.code/data/vscode/extensions/uqbar.wollok-lsp-ide-0.5.3/out/server/src/server.js:2393:7383)\n    at F3.invoke (/home/publico/.var/app/com.visualstudio.code/data/vscode/extensions/uqbar.wollok-lsp-ide-0.5.3/out/server/src/server.js:3:157334)\n    at o.fire (/home/publico/.var/app/com.visualstudio.code/data/vscode/extensions/uqbar.wollok-lsp-ide-0.5.3/out/server/src/server.js:3:158104)\n    at /home/publico/.var/app/com.visualstudio.code/data/vscode/extensions/uqbar.wollok-lsp-ide-0.5.3/out/server/src/server.js:37:57871\n    at Zr (/home/publico/.var/app/com.visualstudio.code/data/vscode/extensions/uqbar.wollok-lsp-ide-0.5.3/out/server/src/server.js:8:1561)","timestamp":"2025-10-22T15:20:11.793Z"}
{"level":"error","message":"✘ Failed to rebuild document Failed to parse src/gimnasia.wtest: \n-- PARSING FAILED --------------------------------------------------\n\n  107 | //\t}\n  108 | \t\n> 109 | }\n      | ^\n\nExpected one of the following: \n\n'@', 'class', 'const', 'describe', 'mixin', 'object', 'only', 'package', 'program', 'test', 'var', '{', EOF, comment, not \"}\", whitespace\n","stack":"Error: Failed to parse src/gimnasia.wtest: \n-- PARSING FAILED --------------------------------------------------\n\n  107 | //\t}\n  108 | \t\n> 109 | }\n      | ^\n\nExpected one of the following: \n\n'@', 'class', 'const', 'describe', 'mixin', 'object', 'only', 'package', 'program', 'test', 'var', '{', EOF, comment, not \"}\", whitespace\n\n    at /home/publico/.var/app/com.visualstudio.code/data/vscode/extensions/uqbar.wollok-lsp-ide-0.5.3/out/server/src/server.js:2348:13026\n    at Array.map (<anonymous>)\n    at W1n (/home/publico/.var/app/com.visualstudio.code/data/vscode/extensions/uqbar.wollok-lsp-ide-0.5.3/out/server/src/server.js:2348:12950)\n    at U2.buildEnvironmentFrom (/home/publico/.var/app/com.visualstudio.code/data/vscode/extensions/uqbar.wollok-lsp-ide-0.5.3/out/server/src/server.js:2393:5254)\n    at U2.updateEnvironmentWith (/home/publico/.var/app/com.visualstudio.code/data/vscode/extensions/uqbar.wollok-lsp-ide-0.5.3/out/server/src/server.js:2393:4989)\n    at JF (/home/publico/.var/app/com.visualstudio.code/data/vscode/extensions/uqbar.wollok-lsp-ide-0.5.3/out/server/src/server.js:2393:7383)\n    at F3.invoke (/home/publico/.var/app/com.visualstudio.code/data/vscode/extensions/uqbar.wollok-lsp-ide-0.5.3/out/server/src/server.js:3:157334)\n    at o.fire (/home/publico/.var/app/com.visualstudio.code/data/vscode/extensions/uqbar.wollok-lsp-ide-0.5.3/out/server/src/server.js:3:158104)\n    at /home/publico/.var/app/com.visualstudio.code/data/vscode/extensions/uqbar.wollok-lsp-ide-0.5.3/out/server/src/server.js:37:57871\n    at Zr (/home/publico/.var/app/com.visualstudio.code/data/vscode/extensions/uqbar.wollok-lsp-ide-0.5.3/out/server/src/server.js:8:1561)","timestamp":"2025-10-22T15:20:11.931Z"}
{"level":"error","message":"✘ Failed to rebuild document Failed to parse src/gimnasia.wtest: \n-- PARSING FAILED --------------------------------------------------\n\n  107 | //\t}\n  108 | \t\n> 109 | }\n      | ^\n\nExpected one of the following: \n\n'@', 'class', 'const', 'describe', 'mixin', 'object', 'only', 'package', 'program', 'test', 'var', '{', EOF, comment, not \"}\", whitespace\n","stack":"Error: Failed to parse src/gimnasia.wtest: \n-- PARSING FAILED --------------------------------------------------\n\n  107 | //\t}\n  108 | \t\n> 109 | }\n      | ^\n\nExpected one of the following: \n\n'@', 'class', 'const', 'describe', 'mixin', 'object', 'only', 'package', 'program', 'test', 'var', '{', EOF, comment, not \"}\", whitespace\n\n    at /home/publico/.var/app/com.visualstudio.code/data/vscode/extensions/uqbar.wollok-lsp-ide-0.5.3/out/server/src/server.js:2348:13026\n    at Array.map (<anonymous>)\n    at W1n (/home/publico/.var/app/com.visualstudio.code/data/vscode/extensions/uqbar.wollok-lsp-ide-0.5.3/out/server/src/server.js:2348:12950)\n    at U2.buildEnvironmentFrom (/home/publico/.var/app/com.visualstudio.code/data/vscode/extensions/uqbar.wollok-lsp-ide-0.5.3/out/server/src/server.js:2393:5254)\n    at U2.updateEnvironmentWith (/home/publico/.var/app/com.visualstudio.code/data/vscode/extensions/uqbar.wollok-lsp-ide-0.5.3/out/server/src/server.js:2393:4989)\n    at JF (/home/publico/.var/app/com.visualstudio.code/data/vscode/extensions/uqbar.wollok-lsp-ide-0.5.3/out/server/src/server.js:2393:7383)\n    at F3.invoke (/home/publico/.var/app/com.visualstudio.code/data/vscode/extensions/uqbar.wollok-lsp-ide-0.5.3/out/server/src/server.js:3:157334)\n    at o.fire (/home/publico/.var/app/com.visualstudio.code/data/vscode/extensions/uqbar.wollok-lsp-ide-0.5.3/out/server/src/server.js:3:158104)\n    at /home/publico/.var/app/com.visualstudio.code/data/vscode/extensions/uqbar.wollok-lsp-ide-0.5.3/out/server/src/server.js:37:57871\n    at Zr (/home/publico/.var/app/com.visualstudio.code/data/vscode/extensions/uqbar.wollok-lsp-ide-0.5.3/out/server/src/server.js:8:1561)","timestamp":"2025-10-22T15:20:12.099Z"}
{"level":"error","message":"✘ Failed to rebuild document Failed to parse src/gimnasia.wtest: \n-- PARSING FAILED --------------------------------------------------\n\n  107 | //\t}\n  108 | \t\n> 109 | }\n      | ^\n\nExpected one of the following: \n\n'@', 'class', 'const', 'describe', 'mixin', 'object', 'only', 'package', 'program', 'test', 'var', '{', EOF, comment, not \"}\", whitespace\n","stack":"Error: Failed to parse src/gimnasia.wtest: \n-- PARSING FAILED --------------------------------------------------\n\n  107 | //\t}\n  108 | \t\n> 109 | }\n      | ^\n\nExpected one of the following: \n\n'@', 'class', 'const', 'describe', 'mixin', 'object', 'only', 'package', 'program', 'test', 'var', '{', EOF, comment, not \"}\", whitespace\n\n    at /home/publico/.var/app/com.visualstudio.code/data/vscode/extensions/uqbar.wollok-lsp-ide-0.5.3/out/server/src/server.js:2348:13026\n    at Array.map (<anonymous>)\n    at W1n (/home/publico/.var/app/com.visualstudio.code/data/vscode/extensions/uqbar.wollok-lsp-ide-0.5.3/out/server/src/server.js:2348:12950)\n    at U2.buildEnvironmentFrom (/home/publico/.var/app/com.visualstudio.code/data/vscode/extensions/uqbar.wollok-lsp-ide-0.5.3/out/server/src/server.js:2393:5254)\n    at U2.updateEnvironmentWith (/home/publico/.var/app/com.visualstudio.code/data/vscode/extensions/uqbar.wollok-lsp-ide-0.5.3/out/server/src/server.js:2393:4989)\n    at JF (/home/publico/.var/app/com.visualstudio.code/data/vscode/extensions/uqbar.wollok-lsp-ide-0.5.3/out/server/src/server.js:2393:7383)\n    at F3.invoke (/home/publico/.var/app/com.visualstudio.code/data/vscode/extensions/uqbar.wollok-lsp-ide-0.5.3/out/server/src/server.js:3:157334)\n    at o.fire (/home/publico/.var/app/com.visualstudio.code/data/vscode/extensions/uqbar.wollok-lsp-ide-0.5.3/out/server/src/server.js:3:158104)\n    at /home/publico/.var/app/com.visualstudio.code/data/vscode/extensions/uqbar.wollok-lsp-ide-0.5.3/out/server/src/server.js:37:57871\n    at Zr (/home/publico/.var/app/com.visualstudio.code/data/vscode/extensions/uqbar.wollok-lsp-ide-0.5.3/out/server/src/server.js:8:1561)","timestamp":"2025-10-22T15:20:12.776Z"}
{"level":"error","message":"✘ Failed to rebuild document Failed to parse src/gimnasia.wtest: \n-- PARSING FAILED --------------------------------------------------\n\n  107 | //\t}\n  108 | \t\n> 109 | }\n      | ^\n\nExpected one of the following: \n\n'@', 'class', 'const', 'describe', 'mixin', 'object', 'only', 'package', 'program', 'test', 'var', '{', EOF, comment, not \"}\", whitespace\n","stack":"Error: Failed to parse src/gimnasia.wtest: \n-- PARSING FAILED --------------------------------------------------\n\n  107 | //\t}\n  108 | \t\n> 109 | }\n      | ^\n\nExpected one of the following: \n\n'@', 'class', 'const', 'describe', 'mixin', 'object', 'only', 'package', 'program', 'test', 'var', '{', EOF, comment, not \"}\", whitespace\n\n    at /home/publico/.var/app/com.visualstudio.code/data/vscode/extensions/uqbar.wollok-lsp-ide-0.5.3/out/server/src/server.js:2348:13026\n    at Array.map (<anonymous>)\n    at W1n (/home/publico/.var/app/com.visualstudio.code/data/vscode/extensions/uqbar.wollok-lsp-ide-0.5.3/out/server/src/server.js:2348:12950)\n    at U2.buildEnvironmentFrom (/home/publico/.var/app/com.visualstudio.code/data/vscode/extensions/uqbar.wollok-lsp-ide-0.5.3/out/server/src/server.js:2393:5254)\n    at U2.updateEnvironmentWith (/home/publico/.var/app/com.visualstudio.code/data/vscode/extensions/uqbar.wollok-lsp-ide-0.5.3/out/server/src/server.js:2393:4989)\n    at JF (/home/publico/.var/app/com.visualstudio.code/data/vscode/extensions/uqbar.wollok-lsp-ide-0.5.3/out/server/src/server.js:2393:7383)\n    at F3.invoke (/home/publico/.var/app/com.visualstudio.code/data/vscode/extensions/uqbar.wollok-lsp-ide-0.5.3/out/server/src/server.js:3:157334)\n    at o.fire (/home/publico/.var/app/com.visualstudio.code/data/vscode/extensions/uqbar.wollok-lsp-ide-0.5.3/out/server/src/server.js:3:158104)\n    at /home/publico/.var/app/com.visualstudio.code/data/vscode/extensions/uqbar.wollok-lsp-ide-0.5.3/out/server/src/server.js:37:57871\n    at Zr (/home/publico/.var/app/com.visualstudio.code/data/vscode/extensions/uqbar.wollok-lsp-ide-0.5.3/out/server/src/server.js:8:1561)","timestamp":"2025-10-22T15:20:12.963Z"}
{"level":"error","message":"✘ Failed to rebuild document Failed to parse src/gimnasia.wtest: \n-- PARSING FAILED --------------------------------------------------\n\n  107 | //\t}\n  108 | \t\n> 109 | }\n      | ^\n\nExpected one of the following: \n\n'@', 'class', 'const', 'describe', 'mixin', 'object', 'only', 'package', 'program', 'test', 'var', '{', EOF, comment, not \"}\", whitespace\n","stack":"Error: Failed to parse src/gimnasia.wtest: \n-- PARSING FAILED --------------------------------------------------\n\n  107 | //\t}\n  108 | \t\n> 109 | }\n      | ^\n\nExpected one of the following: \n\n'@', 'class', 'const', 'describe', 'mixin', 'object', 'only', 'package', 'program', 'test', 'var', '{', EOF, comment, not \"}\", whitespace\n\n    at /home/publico/.var/app/com.visualstudio.code/data/vscode/extensions/uqbar.wollok-lsp-ide-0.5.3/out/server/src/server.js:2348:13026\n    at Array.map (<anonymous>)\n    at W1n (/home/publico/.var/app/com.visualstudio.code/data/vscode/extensions/uqbar.wollok-lsp-ide-0.5.3/out/server/src/server.js:2348:12950)\n    at U2.buildEnvironmentFrom (/home/publico/.var/app/com.visualstudio.code/data/vscode/extensions/uqbar.wollok-lsp-ide-0.5.3/out/server/src/server.js:2393:5254)\n    at U2.updateEnvironmentWith (/home/publico/.var/app/com.visualstudio.code/data/vscode/extensions/uqbar.wollok-lsp-ide-0.5.3/out/server/src/server.js:2393:4989)\n    at JF (/home/publico/.var/app/com.visualstudio.code/data/vscode/extensions/uqbar.wollok-lsp-ide-0.5.3/out/server/src/server.js:2393:7383)\n    at F3.invoke (/home/publico/.var/app/com.visualstudio.code/data/vscode/extensions/uqbar.wollok-lsp-ide-0.5.3/out/server/src/server.js:3:157334)\n    at o.fire (/home/publico/.var/app/com.visualstudio.code/data/vscode/extensions/uqbar.wollok-lsp-ide-0.5.3/out/server/src/server.js:3:158104)\n    at /home/publico/.var/app/com.visualstudio.code/data/vscode/extensions/uqbar.wollok-lsp-ide-0.5.3/out/server/src/server.js:37:57871\n    at Zr (/home/publico/.var/app/com.visualstudio.code/data/vscode/extensions/uqbar.wollok-lsp-ide-0.5.3/out/server/src/server.js:8:1561)","timestamp":"2025-10-22T15:20:13.129Z"}
{"level":"error","message":"✘ Failed to rebuild document Failed to parse src/gimnasia.wtest: \n-- PARSING FAILED --------------------------------------------------\n\n  107 | //\t}\n  108 | \t\n> 109 | }\n      | ^\n\nExpected one of the following: \n\n'@', 'class', 'const', 'describe', 'mixin', 'object', 'only', 'package', 'program', 'test', 'var', '{', EOF, comment, not \"}\", whitespace\n","stack":"Error: Failed to parse src/gimnasia.wtest: \n-- PARSING FAILED --------------------------------------------------\n\n  107 | //\t}\n  108 | \t\n> 109 | }\n      | ^\n\nExpected one of the following: \n\n'@', 'class', 'const', 'describe', 'mixin', 'object', 'only', 'package', 'program', 'test', 'var', '{', EOF, comment, not \"}\", whitespace\n\n    at /home/publico/.var/app/com.visualstudio.code/data/vscode/extensions/uqbar.wollok-lsp-ide-0.5.3/out/server/src/server.js:2348:13026\n    at Array.map (<anonymous>)\n    at W1n (/home/publico/.var/app/com.visualstudio.code/data/vscode/extensions/uqbar.wollok-lsp-ide-0.5.3/out/server/src/server.js:2348:12950)\n    at U2.buildEnvironmentFrom (/home/publico/.var/app/com.visualstudio.code/data/vscode/extensions/uqbar.wollok-lsp-ide-0.5.3/out/server/src/server.js:2393:5254)\n    at U2.updateEnvironmentWith (/home/publico/.var/app/com.visualstudio.code/data/vscode/extensions/uqbar.wollok-lsp-ide-0.5.3/out/server/src/server.js:2393:4989)\n    at JF (/home/publico/.var/app/com.visualstudio.code/data/vscode/extensions/uqbar.wollok-lsp-ide-0.5.3/out/server/src/server.js:2393:7383)\n    at F3.invoke (/home/publico/.var/app/com.visualstudio.code/data/vscode/extensions/uqbar.wollok-lsp-ide-0.5.3/out/server/src/server.js:3:157334)\n    at o.fire (/home/publico/.var/app/com.visualstudio.code/data/vscode/extensions/uqbar.wollok-lsp-ide-0.5.3/out/server/src/server.js:3:158104)\n    at /home/publico/.var/app/com.visualstudio.code/data/vscode/extensions/uqbar.wollok-lsp-ide-0.5.3/out/server/src/server.js:37:57871\n    at Zr (/home/publico/.var/app/com.visualstudio.code/data/vscode/extensions/uqbar.wollok-lsp-ide-0.5.3/out/server/src/server.js:8:1561)","timestamp":"2025-10-22T15:20:14.102Z"}
{"level":"error","message":"✘ Failed to rebuild document Failed to parse src/gimnasia.wtest: \n-- PARSING FAILED --------------------------------------------------\n\n  107 | //\t}\n  108 | \t\n> 109 | }\n      | ^\n\nExpected one of the following: \n\n'@', 'class', 'const', 'describe', 'mixin', 'object', 'only', 'package', 'program', 'test', 'var', '{', EOF, comment, not \"}\", whitespace\n","stack":"Error: Failed to parse src/gimnasia.wtest: \n-- PARSING FAILED --------------------------------------------------\n\n  107 | //\t}\n  108 | \t\n> 109 | }\n      | ^\n\nExpected one of the following: \n\n'@', 'class', 'const', 'describe', 'mixin', 'object', 'only', 'package', 'program', 'test', 'var', '{', EOF, comment, not \"}\", whitespace\n\n    at /home/publico/.var/app/com.visualstudio.code/data/vscode/extensions/uqbar.wollok-lsp-ide-0.5.3/out/server/src/server.js:2348:13026\n    at Array.map (<anonymous>)\n    at W1n (/home/publico/.var/app/com.visualstudio.code/data/vscode/extensions/uqbar.wollok-lsp-ide-0.5.3/out/server/src/server.js:2348:12950)\n    at U2.buildEnvironmentFrom (/home/publico/.var/app/com.visualstudio.code/data/vscode/extensions/uqbar.wollok-lsp-ide-0.5.3/out/server/src/server.js:2393:5254)\n    at U2.updateEnvironmentWith (/home/publico/.var/app/com.visualstudio.code/data/vscode/extensions/uqbar.wollok-lsp-ide-0.5.3/out/server/src/server.js:2393:4989)\n    at JF (/home/publico/.var/app/com.visualstudio.code/data/vscode/extensions/uqbar.wollok-lsp-ide-0.5.3/out/server/src/server.js:2393:7383)\n    at F3.invoke (/home/publico/.var/app/com.visualstudio.code/data/vscode/extensions/uqbar.wollok-lsp-ide-0.5.3/out/server/src/server.js:3:157334)\n    at o.fire (/home/publico/.var/app/com.visualstudio.code/data/vscode/extensions/uqbar.wollok-lsp-ide-0.5.3/out/server/src/server.js:3:158104)\n    at /home/publico/.var/app/com.visualstudio.code/data/vscode/extensions/uqbar.wollok-lsp-ide-0.5.3/out/server/src/server.js:37:57871\n    at Zr (/home/publico/.var/app/com.visualstudio.code/data/vscode/extensions/uqbar.wollok-lsp-ide-0.5.3/out/server/src/server.js:8:1561)","timestamp":"2025-10-22T15:20:16.813Z"}
{"level":"info","message":"⌛ Building environment","timeElapsed":113,"timestamp":"2025-10-22T15:20:17.138Z"}
{"level":"info","message":"⌛ Validating src/gimnasia.wtest","timeElapsed":108,"timestamp":"2025-10-22T15:20:17.283Z"}
{"level":"info","message":"⌛ Building environment","timeElapsed":134,"timestamp":"2025-10-22T15:20:17.417Z"}
{"level":"info","message":"⌛ Building environment","timeElapsed":220,"timestamp":"2025-10-22T15:20:17.640Z"}
{"level":"info","message":"⌛ Validating src/gimnasia.wtest","timeElapsed":105,"timestamp":"2025-10-22T15:20:17.747Z"}
{"level":"info","message":"⌛ Building environment","timeElapsed":135,"timestamp":"2025-10-22T15:20:40.503Z"}
{"level":"info","message":"⌛ Validating src/gimnasia.wtest","timeElapsed":107,"timestamp":"2025-10-22T15:20:40.611Z"}
{"level":"info","message":"⌛ Building environment","timeElapsed":148,"timestamp":"2025-10-22T15:20:41.143Z"}
{"level":"info","message":"⌛ Building environment","timeElapsed":142,"timestamp":"2025-10-22T15:20:41.325Z"}
{"level":"info","message":"⌛ Validating src/gimnasia.wtest","timeElapsed":122,"timestamp":"2025-10-22T15:20:41.447Z"}
{"level":"info","message":"⌛ Building environment","timeElapsed":126,"timestamp":"2025-10-22T15:20:41.574Z"}
{"level":"info","message":"⌛ Building environment","timeElapsed":173,"timestamp":"2025-10-22T15:20:41.877Z"}
{"level":"info","message":"⌛ Validating src/gimnasia.wtest","timeElapsed":110,"timestamp":"2025-10-22T15:20:41.989Z"}
{"level":"info","message":"⌛ Building environment","timeElapsed":105,"timestamp":"2025-10-22T15:20:42.095Z"}
{"level":"info","message":"⌛ Validating src/gimnasia.wtest","timeElapsed":102,"timestamp":"2025-10-22T15:20:42.221Z"}
{"level":"info","message":"⌛ Building environment","timeElapsed":209,"timestamp":"2025-10-22T15:20:42.432Z"}
{"level":"info","message":"⌛ Building environment","timeElapsed":171,"timestamp":"2025-10-22T15:20:42.604Z"}
{"level":"info","message":"⌛ Building environment","timeElapsed":166,"timestamp":"2025-10-22T15:20:42.883Z"}
{"level":"info","message":"⌛ Building environment","timeElapsed":156,"timestamp":"2025-10-22T15:20:43.074Z"}
{"level":"info","message":"⌛ Building environment","timeElapsed":163,"timestamp":"2025-10-22T15:20:43.238Z"}
{"level":"info","message":"⌛ Validating src/gimnasia.wtest","timeElapsed":137,"timestamp":"2025-10-22T15:20:43.377Z"}
{"level":"info","message":"⌛ Building environment","timeElapsed":174,"timestamp":"2025-10-22T15:20:43.552Z"}
{"level":"info","message":"⌛ Building environment","timeElapsed":131,"timestamp":"2025-10-22T15:20:44.031Z"}
{"level":"info","message":"⌛ Building environment","timeElapsed":127,"timestamp":"2025-10-22T15:20:44.379Z"}
{"level":"info","message":"⌛ Building environment","timeElapsed":163,"timestamp":"2025-10-22T15:20:44.634Z"}
{"level":"info","message":"⌛ Building environment","timeElapsed":116,"timestamp":"2025-10-22T15:20:44.937Z"}
{"level":"info","message":"⌛ Building environment","timeElapsed":141,"timestamp":"2025-10-22T15:20:45.079Z"}
{"level":"info","message":"⌛ Building environment","timeElapsed":132,"timestamp":"2025-10-22T15:20:45.378Z"}
{"level":"info","message":"⌛ Building environment","timeElapsed":112,"timestamp":"2025-10-22T15:20:45.573Z"}
{"level":"info","message":"⌛ Building environment","timeElapsed":134,"timestamp":"2025-10-22T15:20:45.734Z"}
{"level":"info","message":"⌛ Building environment","timeElapsed":141,"timestamp":"2025-10-22T15:20:45.876Z"}
{"level":"info","message":"⌛ Building environment","timeElapsed":184,"timestamp":"2025-10-22T15:20:46.143Z"}
{"level":"info","message":"⌛ Building environment","timeElapsed":127,"timestamp":"2025-10-22T15:20:46.763Z"}
{"level":"info","message":"⌛ Building environment","timeElapsed":143,"timestamp":"2025-10-22T15:20:58.428Z"}
{"level":"info","message":"⌛ Building environment","timeElapsed":142,"timestamp":"2025-10-22T15:20:58.613Z"}
{"level":"info","message":"⌛ Validating src/gimnasia.wtest","timeElapsed":143,"timestamp":"2025-10-22T15:20:58.758Z"}
{"level":"info","message":"⌛ Building environment","timeElapsed":151,"timestamp":"2025-10-22T15:20:58.909Z"}
{"level":"info","message":"⌛ Building environment","timeElapsed":128,"timestamp":"2025-10-22T15:20:59.173Z"}
{"level":"info","message":"⌛ Validating src/gimnasia.wtest","timeElapsed":110,"timestamp":"2025-10-22T15:20:59.283Z"}
{"level":"info","message":"⌛ Building environment","timeElapsed":199,"timestamp":"2025-10-22T15:20:59.483Z"}
{"level":"info","message":"⌛ Building environment","timeElapsed":165,"timestamp":"2025-10-22T15:20:59.670Z"}
{"level":"info","message":"⌛ Building environment","timeElapsed":154,"timestamp":"2025-10-22T15:20:59.916Z"}
{"level":"info","message":"⌛ Validating src/gimnasia.wtest","timeElapsed":102,"timestamp":"2025-10-22T15:21:00.018Z"}
{"level":"info","message":"⌛ Validating src/gimnasia.wtest","timeElapsed":102,"timestamp":"2025-10-22T15:21:00.136Z"}
{"level":"info","message":"⌛ Building environment","timeElapsed":158,"timestamp":"2025-10-22T15:21:00.373Z"}
{"level":"info","message":"⌛ Validating src/gimnasia.wtest","timeElapsed":110,"timestamp":"2025-10-22T15:21:00.485Z"}
{"level":"info","message":"⌛ Building environment","timeElapsed":124,"timestamp":"2025-10-22T15:21:00.610Z"}
{"level":"info","message":"⌛ Building environment","timeElapsed":128,"timestamp":"2025-10-22T15:21:05.718Z"}
{"level":"info","message":"⌛ Building environment","timeElapsed":144,"timestamp":"2025-10-22T15:21:05.963Z"}
{"level":"info","message":"⌛ Validating src/gimnasia.wtest","timeElapsed":115,"timestamp":"2025-10-22T15:21:06.080Z"}
{"level":"info","message":"⌛ Building environment","timeElapsed":128,"timestamp":"2025-10-22T15:21:06.209Z"}
{"level":"info","message":"⌛ Building environment","timeElapsed":161,"timestamp":"2025-10-22T15:21:06.371Z"}
{"level":"info","message":"⌛ Validating src/gimnasia.wtest","timeElapsed":116,"timestamp":"2025-10-22T15:21:06.508Z"}
{"level":"info","message":"⌛ Building environment","timeElapsed":133,"timestamp":"2025-10-22T15:21:06.711Z"}
{"level":"info","message":"⌛ Validating src/gimnasia.wtest","timeElapsed":128,"timestamp":"2025-10-22T15:21:06.849Z"}
{"level":"info","message":"⌛ Building environment","timeElapsed":130,"timestamp":"2025-10-22T15:21:07.024Z"}
{"level":"error","message":"✘ Failed to rebuild document Failed to parse src/persona.wlk: \n-- PARSING FAILED --------------------------------------------------\n\n  12 |                / self.caloriasPorKiloPerdido()\n  13 |     }\n> 14 | }\n     | ^\n  15 | class PersonaSedentaria inherits Persona {\n  16 |     const tiempoDeEjercicio\n\nExpected one of the following: \n\n' ', '@', 'class', 'const', 'describe', 'mixin', 'object', 'only', 'package', 'program', 'test', 'var', '{', EOF, comment, not \"}\n\", whitespace\n","stack":"Error: Failed to parse src/persona.wlk: \n-- PARSING FAILED --------------------------------------------------\n\n  12 |                / self.caloriasPorKiloPerdido()\n  13 |     }\n> 14 | }\n     | ^\n  15 | class PersonaSedentaria inherits Persona {\n  16 |     const tiempoDeEjercicio\n\nExpected one of the following: \n\n' ', '@', 'class', 'const', 'describe', 'mixin', 'object', 'only', 'package', 'program', 'test', 'var', '{', EOF, comment, not \"}\n\", whitespace\n\n    at /home/publico/.var/app/com.visualstudio.code/data/vscode/extensions/uqbar.wollok-lsp-ide-0.5.3/out/server/src/server.js:2348:13026\n    at Array.map (<anonymous>)\n    at W1n (/home/publico/.var/app/com.visualstudio.code/data/vscode/extensions/uqbar.wollok-lsp-ide-0.5.3/out/server/src/server.js:2348:12950)\n    at U2.buildEnvironmentFrom (/home/publico/.var/app/com.visualstudio.code/data/vscode/extensions/uqbar.wollok-lsp-ide-0.5.3/out/server/src/server.js:2393:5254)\n    at U2.updateEnvironmentWith (/home/publico/.var/app/com.visualstudio.code/data/vscode/extensions/uqbar.wollok-lsp-ide-0.5.3/out/server/src/server.js:2393:4989)\n    at JF (/home/publico/.var/app/com.visualstudio.code/data/vscode/extensions/uqbar.wollok-lsp-ide-0.5.3/out/server/src/server.js:2393:7383)\n    at F3.invoke (/home/publico/.var/app/com.visualstudio.code/data/vscode/extensions/uqbar.wollok-lsp-ide-0.5.3/out/server/src/server.js:3:157334)\n    at o.fire (/home/publico/.var/app/com.visualstudio.code/data/vscode/extensions/uqbar.wollok-lsp-ide-0.5.3/out/server/src/server.js:3:158104)\n    at /home/publico/.var/app/com.visualstudio.code/data/vscode/extensions/uqbar.wollok-lsp-ide-0.5.3/out/server/src/server.js:37:57871\n    at Zr (/home/publico/.var/app/com.visualstudio.code/data/vscode/extensions/uqbar.wollok-lsp-ide-0.5.3/out/server/src/server.js:8:1561)","timestamp":"2025-10-22T15:22:16.926Z"}
{"level":"info","message":"⌛ Building environment","timeElapsed":135,"timestamp":"2025-10-22T15:22:19.171Z"}
{"level":"info","message":"⌛ Validating src/persona.wlk","timeElapsed":110,"timestamp":"2025-10-22T15:22:19.284Z"}
{"level":"info","message":"⌛ Building environment","timeElapsed":136,"timestamp":"2025-10-22T15:22:20.471Z"}
{"level":"info","message":"⌛ Validating src/persona.wlk","timeElapsed":155,"timestamp":"2025-10-22T15:22:20.669Z"}
{"level":"info","message":"⌛ Building environment","timeElapsed":105,"timestamp":"2025-10-22T15:22:20.831Z"}
{"level":"info","message":"⌛ Validating src/persona.wlk","timeElapsed":104,"timestamp":"2025-10-22T15:22:20.937Z"}
{"level":"info","message":"⌛ Building environment","timeElapsed":115,"timestamp":"2025-10-22T15:22:21.079Z"}
{"level":"info","message":"⌛ Validating src/persona.wlk","timeElapsed":127,"timestamp":"2025-10-22T15:22:21.207Z"}
{"level":"info","message":"⌛ Building environment","timeElapsed":180,"timestamp":"2025-10-22T15:22:21.389Z"}
{"level":"info","message":"⌛ Validating src/persona.wlk","timeElapsed":110,"timestamp":"2025-10-22T15:22:21.502Z"}
{"level":"info","message":"⌛ Building environment","timeElapsed":120,"timestamp":"2025-10-22T15:22:21.622Z"}
{"level":"info","message":"⌛ Validating src/persona.wlk","timeElapsed":103,"timestamp":"2025-10-22T15:22:21.727Z"}
{"level":"info","message":"⌛ Building environment","timeElapsed":193,"timestamp":"2025-10-22T15:22:22.156Z"}
{"level":"info","message":"⌛ Validating src/persona.wlk","timeElapsed":108,"timestamp":"2025-10-22T15:22:22.269Z"}
{"level":"info","message":"⌛ Building environment","timeElapsed":123,"timestamp":"2025-10-22T15:22:22.393Z"}
{"level":"info","message":"⌛ Building environment","timeElapsed":140,"timestamp":"2025-10-22T15:22:22.534Z"}
{"level":"info","message":"⌛ Building environment","timeElapsed":147,"timestamp":"2025-10-22T15:22:22.875Z"}
{"level":"info","message":"⌛ Building environment","timeElapsed":128,"timestamp":"2025-10-22T15:22:23.745Z"}
{"level":"info","message":"⌛ Building environment","timeElapsed":101,"timestamp":"2025-10-22T15:22:34.137Z"}
{"level":"info","message":"⌛ Validating src/persona.wlk","timeElapsed":106,"timestamp":"2025-10-22T15:22:34.248Z"}
{"level":"info","message":"⌛ Building environment","timeElapsed":106,"timestamp":"2025-10-22T15:22:41.005Z"}
{"level":"info","message":"⌛ Building environment","timeElapsed":141,"timestamp":"2025-10-22T15:22:42.175Z"}
{"level":"info","message":"⌛ Validating src/persona.wlk","timeElapsed":103,"timestamp":"2025-10-22T15:22:42.280Z"}
{"level":"error","message":"✘ Failed to rebuild document Failed to parse src/gimnasia.wtest: \n-- PARSING FAILED --------------------------------------------------\n\nGot the end of the input\n\nExpected one of the following: \n\n' ', '@', 'const', 'method', 'only', 'override', 'test', 'var', '{', '}', any character/byte, comment, whitespace\n","stack":"Error: Failed to parse src/gimnasia.wtest: \n-- PARSING FAILED --------------------------------------------------\n\nGot the end of the input\n\nExpected one of the following: \n\n' ', '@', 'const', 'method', 'only', 'override', 'test', 'var', '{', '}', any character/byte, comment, whitespace\n\n    at /home/publico/.var/app/com.visualstudio.code/data/vscode/extensions/uqbar.wollok-lsp-ide-0.5.3/out/server/src/server.js:2348:13026\n    at Array.map (<anonymous>)\n    at W1n (/home/publico/.var/app/com.visualstudio.code/data/vscode/extensions/uqbar.wollok-lsp-ide-0.5.3/out/server/src/server.js:2348:12950)\n    at U2.buildEnvironmentFrom (/home/publico/.var/app/com.visualstudio.code/data/vscode/extensions/uqbar.wollok-lsp-ide-0.5.3/out/server/src/server.js:2393:5254)\n    at U2.updateEnvironmentWith (/home/publico/.var/app/com.visualstudio.code/data/vscode/extensions/uqbar.wollok-lsp-ide-0.5.3/out/server/src/server.js:2393:4989)\n    at JF (/home/publico/.var/app/com.visualstudio.code/data/vscode/extensions/uqbar.wollok-lsp-ide-0.5.3/out/server/src/server.js:2393:7383)\n    at F3.invoke (/home/publico/.var/app/com.visualstudio.code/data/vscode/extensions/uqbar.wollok-lsp-ide-0.5.3/out/server/src/server.js:3:157334)\n    at o.fire (/home/publico/.var/app/com.visualstudio.code/data/vscode/extensions/uqbar.wollok-lsp-ide-0.5.3/out/server/src/server.js:3:158104)\n    at /home/publico/.var/app/com.visualstudio.code/data/vscode/extensions/uqbar.wollok-lsp-ide-0.5.3/out/server/src/server.js:37:57871\n    at Zr (/home/publico/.var/app/com.visualstudio.code/data/vscode/extensions/uqbar.wollok-lsp-ide-0.5.3/out/server/src/server.js:8:1561)","timestamp":"2025-10-22T15:22:48.960Z"}
{"level":"error","message":"✘ Failed to rebuild document Failed to parse src/gimnasia.wtest: \n-- PARSING FAILED --------------------------------------------------\n\nGot the end of the input\n\nExpected one of the following: \n\n' ', '@', 'const', 'method', 'only', 'override', 'test', 'var', '{', '}', any character/byte, comment, whitespace\n","stack":"Error: Failed to parse src/gimnasia.wtest: \n-- PARSING FAILED --------------------------------------------------\n\nGot the end of the input\n\nExpected one of the following: \n\n' ', '@', 'const', 'method', 'only', 'override', 'test', 'var', '{', '}', any character/byte, comment, whitespace\n\n    at /home/publico/.var/app/com.visualstudio.code/data/vscode/extensions/uqbar.wollok-lsp-ide-0.5.3/out/server/src/server.js:2348:13026\n    at Array.map (<anonymous>)\n    at W1n (/home/publico/.var/app/com.visualstudio.code/data/vscode/extensions/uqbar.wollok-lsp-ide-0.5.3/out/server/src/server.js:2348:12950)\n    at U2.buildEnvironmentFrom (/home/publico/.var/app/com.visualstudio.code/data/vscode/extensions/uqbar.wollok-lsp-ide-0.5.3/out/server/src/server.js:2393:5254)\n    at U2.updateEnvironmentWith (/home/publico/.var/app/com.visualstudio.code/data/vscode/extensions/uqbar.wollok-lsp-ide-0.5.3/out/server/src/server.js:2393:4989)\n    at JF (/home/publico/.var/app/com.visualstudio.code/data/vscode/extensions/uqbar.wollok-lsp-ide-0.5.3/out/server/src/server.js:2393:7383)\n    at F3.invoke (/home/publico/.var/app/com.visualstudio.code/data/vscode/extensions/uqbar.wollok-lsp-ide-0.5.3/out/server/src/server.js:3:157334)\n    at o.fire (/home/publico/.var/app/com.visualstudio.code/data/vscode/extensions/uqbar.wollok-lsp-ide-0.5.3/out/server/src/server.js:3:158104)\n    at /home/publico/.var/app/com.visualstudio.code/data/vscode/extensions/uqbar.wollok-lsp-ide-0.5.3/out/server/src/server.js:37:57871\n    at Zr (/home/publico/.var/app/com.visualstudio.code/data/vscode/extensions/uqbar.wollok-lsp-ide-0.5.3/out/server/src/server.js:8:1561)","timestamp":"2025-10-22T15:22:49.147Z"}
{"level":"error","message":"✘ Failed to rebuild document Failed to parse src/gimnasia.wtest: \n-- PARSING FAILED --------------------------------------------------\n\nGot the end of the input\n\nExpected one of the following: \n\n' ', '@', 'const', 'method', 'only', 'override', 'test', 'var', '{', '}', any character/byte, comment, whitespace\n","stack":"Error: Failed to parse src/gimnasia.wtest: \n-- PARSING FAILED --------------------------------------------------\n\nGot the end of the input\n\nExpected one of the following: \n\n' ', '@', 'const', 'method', 'only', 'override', 'test', 'var', '{', '}', any character/byte, comment, whitespace\n\n    at /home/publico/.var/app/com.visualstudio.code/data/vscode/extensions/uqbar.wollok-lsp-ide-0.5.3/out/server/src/server.js:2348:13026\n    at Array.map (<anonymous>)\n    at W1n (/home/publico/.var/app/com.visualstudio.code/data/vscode/extensions/uqbar.wollok-lsp-ide-0.5.3/out/server/src/server.js:2348:12950)\n    at U2.buildEnvironmentFrom (/home/publico/.var/app/com.visualstudio.code/data/vscode/extensions/uqbar.wollok-lsp-ide-0.5.3/out/server/src/server.js:2393:5254)\n    at U2.updateEnvironmentWith (/home/publico/.var/app/com.visualstudio.code/data/vscode/extensions/uqbar.wollok-lsp-ide-0.5.3/out/server/src/server.js:2393:4989)\n    at JF (/home/publico/.var/app/com.visualstudio.code/data/vscode/extensions/uqbar.wollok-lsp-ide-0.5.3/out/server/src/server.js:2393:7383)\n    at F3.invoke (/home/publico/.var/app/com.visualstudio.code/data/vscode/extensions/uqbar.wollok-lsp-ide-0.5.3/out/server/src/server.js:3:157334)\n    at o.fire (/home/publico/.var/app/com.visualstudio.code/data/vscode/extensions/uqbar.wollok-lsp-ide-0.5.3/out/server/src/server.js:3:158104)\n    at /home/publico/.var/app/com.visualstudio.code/data/vscode/extensions/uqbar.wollok-lsp-ide-0.5.3/out/server/src/server.js:37:57871\n    at Zr (/home/publico/.var/app/com.visualstudio.code/data/vscode/extensions/uqbar.wollok-lsp-ide-0.5.3/out/server/src/server.js:8:1561)","timestamp":"2025-10-22T15:22:50.662Z"}
{"level":"error","message":"✘ Failed to rebuild document Failed to parse src/gimnasia.wtest: \n-- PARSING FAILED --------------------------------------------------\n\nGot the end of the input\n\nExpected one of the following: \n\n' ', '@', 'const', 'method', 'only', 'override', 'test', 'var', '{', '}', any character/byte, comment, whitespace\n","stack":"Error: Failed to parse src/gimnasia.wtest: \n-- PARSING FAILED --------------------------------------------------\n\nGot the end of the input\n\nExpected one of the following: \n\n' ', '@', 'const', 'method', 'only', 'override', 'test', 'var', '{', '}', any character/byte, comment, whitespace\n\n    at /home/publico/.var/app/com.visualstudio.code/data/vscode/extensions/uqbar.wollok-lsp-ide-0.5.3/out/server/src/server.js:2348:13026\n    at Array.map (<anonymous>)\n    at W1n (/home/publico/.var/app/com.visualstudio.code/data/vscode/extensions/uqbar.wollok-lsp-ide-0.5.3/out/server/src/server.js:2348:12950)\n    at U2.buildEnvironmentFrom (/home/publico/.var/app/com.visualstudio.code/data/vscode/extensions/uqbar.wollok-lsp-ide-0.5.3/out/server/src/server.js:2393:5254)\n    at U2.updateEnvironmentWith (/home/publico/.var/app/com.visualstudio.code/data/vscode/extensions/uqbar.wollok-lsp-ide-0.5.3/out/server/src/server.js:2393:4989)\n    at JF (/home/publico/.var/app/com.visualstudio.code/data/vscode/extensions/uqbar.wollok-lsp-ide-0.5.3/out/server/src/server.js:2393:7383)\n    at F3.invoke (/home/publico/.var/app/com.visualstudio.code/data/vscode/extensions/uqbar.wollok-lsp-ide-0.5.3/out/server/src/server.js:3:157334)\n    at o.fire (/home/publico/.var/app/com.visualstudio.code/data/vscode/extensions/uqbar.wollok-lsp-ide-0.5.3/out/server/src/server.js:3:158104)\n    at /home/publico/.var/app/com.visualstudio.code/data/vscode/extensions/uqbar.wollok-lsp-ide-0.5.3/out/server/src/server.js:37:57871\n    at Zr (/home/publico/.var/app/com.visualstudio.code/data/vscode/extensions/uqbar.wollok-lsp-ide-0.5.3/out/server/src/server.js:8:1561)","timestamp":"2025-10-22T15:22:50.913Z"}
{"level":"error","message":"✘ Failed to rebuild document Failed to parse src/gimnasia.wtest: \n-- PARSING FAILED --------------------------------------------------\n\nGot the end of the input\n\nExpected one of the following: \n\n' ', '@', 'const', 'method', 'only', 'override', 'test', 'var', '{', '}', any character/byte, comment, whitespace\n","stack":"Error: Failed to parse src/gimnasia.wtest: \n-- PARSING FAILED --------------------------------------------------\n\nGot the end of the input\n\nExpected one of the following: \n\n' ', '@', 'const', 'method', 'only', 'override', 'test', 'var', '{', '}', any character/byte, comment, whitespace\n\n    at /home/publico/.var/app/com.visualstudio.code/data/vscode/extensions/uqbar.wollok-lsp-ide-0.5.3/out/server/src/server.js:2348:13026\n    at Array.map (<anonymous>)\n    at W1n (/home/publico/.var/app/com.visualstudio.code/data/vscode/extensions/uqbar.wollok-lsp-ide-0.5.3/out/server/src/server.js:2348:12950)\n    at U2.buildEnvironmentFrom (/home/publico/.var/app/com.visualstudio.code/data/vscode/extensions/uqbar.wollok-lsp-ide-0.5.3/out/server/src/server.js:2393:5254)\n    at U2.updateEnvironmentWith (/home/publico/.var/app/com.visualstudio.code/data/vscode/extensions/uqbar.wollok-lsp-ide-0.5.3/out/server/src/server.js:2393:4989)\n    at JF (/home/publico/.var/app/com.visualstudio.code/data/vscode/extensions/uqbar.wollok-lsp-ide-0.5.3/out/server/src/server.js:2393:7383)\n    at F3.invoke (/home/publico/.var/app/com.visualstudio.code/data/vscode/extensions/uqbar.wollok-lsp-ide-0.5.3/out/server/src/server.js:3:157334)\n    at o.fire (/home/publico/.var/app/com.visualstudio.code/data/vscode/extensions/uqbar.wollok-lsp-ide-0.5.3/out/server/src/server.js:3:158104)\n    at /home/publico/.var/app/com.visualstudio.code/data/vscode/extensions/uqbar.wollok-lsp-ide-0.5.3/out/server/src/server.js:37:57871\n    at Zr (/home/publico/.var/app/com.visualstudio.code/data/vscode/extensions/uqbar.wollok-lsp-ide-0.5.3/out/server/src/server.js:8:1561)","timestamp":"2025-10-22T15:22:52.804Z"}
{"level":"error","message":"✘ Failed to rebuild document Failed to parse src/gimnasia.wtest: \n-- PARSING FAILED --------------------------------------------------\n\nGot the end of the input\n\nExpected one of the following: \n\n' ', '@', 'const', 'method', 'only', 'override', 'test', 'var', '{', '}', any character/byte, comment, whitespace\n","stack":"Error: Failed to parse src/gimnasia.wtest: \n-- PARSING FAILED --------------------------------------------------\n\nGot the end of the input\n\nExpected one of the following: \n\n' ', '@', 'const', 'method', 'only', 'override', 'test', 'var', '{', '}', any character/byte, comment, whitespace\n\n    at /home/publico/.var/app/com.visualstudio.code/data/vscode/extensions/uqbar.wollok-lsp-ide-0.5.3/out/server/src/server.js:2348:13026\n    at Array.map (<anonymous>)\n    at W1n (/home/publico/.var/app/com.visualstudio.code/data/vscode/extensions/uqbar.wollok-lsp-ide-0.5.3/out/server/src/server.js:2348:12950)\n    at U2.buildEnvironmentFrom (/home/publico/.var/app/com.visualstudio.code/data/vscode/extensions/uqbar.wollok-lsp-ide-0.5.3/out/server/src/server.js:2393:5254)\n    at U2.updateEnvironmentWith (/home/publico/.var/app/com.visualstudio.code/data/vscode/extensions/uqbar.wollok-lsp-ide-0.5.3/out/server/src/server.js:2393:4989)\n    at JF (/home/publico/.var/app/com.visualstudio.code/data/vscode/extensions/uqbar.wollok-lsp-ide-0.5.3/out/server/src/server.js:2393:7383)\n    at F3.invoke (/home/publico/.var/app/com.visualstudio.code/data/vscode/extensions/uqbar.wollok-lsp-ide-0.5.3/out/server/src/server.js:3:157334)\n    at o.fire (/home/publico/.var/app/com.visualstudio.code/data/vscode/extensions/uqbar.wollok-lsp-ide-0.5.3/out/server/src/server.js:3:158104)\n    at /home/publico/.var/app/com.visualstudio.code/data/vscode/extensions/uqbar.wollok-lsp-ide-0.5.3/out/server/src/server.js:37:57871\n    at Zr (/home/publico/.var/app/com.visualstudio.code/data/vscode/extensions/uqbar.wollok-lsp-ide-0.5.3/out/server/src/server.js:8:1561)","timestamp":"2025-10-22T15:22:54.112Z"}
{"level":"info","message":"⌛ Building environment","timeElapsed":126,"timestamp":"2025-10-22T15:22:55.177Z"}
{"level":"info","message":"⌛ Validating src/gimnasia.wtest","timeElapsed":128,"timestamp":"2025-10-22T15:22:55.306Z"}
{"level":"error","message":"✘ Failed to rebuild document Failed to parse src/gimnasia.wtest: \n-- PARSING FAILED --------------------------------------------------\n\nGot the end of the input\n\nExpected one of the following: \n\n' ', '@', 'const', 'method', 'only', 'override', 'test', 'var', '{', '}', any character/byte, comment, whitespace\n","stack":"Error: Failed to parse src/gimnasia.wtest: \n-- PARSING FAILED --------------------------------------------------\n\nGot the end of the input\n\nExpected one of the following: \n\n' ', '@', 'const', 'method', 'only', 'override', 'test', 'var', '{', '}', any character/byte, comment, whitespace\n\n    at /home/publico/.var/app/com.visualstudio.code/data/vscode/extensions/uqbar.wollok-lsp-ide-0.5.3/out/server/src/server.js:2348:13026\n    at Array.map (<anonymous>)\n    at W1n (/home/publico/.var/app/com.visualstudio.code/data/vscode/extensions/uqbar.wollok-lsp-ide-0.5.3/out/server/src/server.js:2348:12950)\n    at U2.buildEnvironmentFrom (/home/publico/.var/app/com.visualstudio.code/data/vscode/extensions/uqbar.wollok-lsp-ide-0.5.3/out/server/src/server.js:2393:5254)\n    at U2.updateEnvironmentWith (/home/publico/.var/app/com.visualstudio.code/data/vscode/extensions/uqbar.wollok-lsp-ide-0.5.3/out/server/src/server.js:2393:4989)\n    at JF (/home/publico/.var/app/com.visualstudio.code/data/vscode/extensions/uqbar.wollok-lsp-ide-0.5.3/out/server/src/server.js:2393:7383)\n    at F3.invoke (/home/publico/.var/app/com.visualstudio.code/data/vscode/extensions/uqbar.wollok-lsp-ide-0.5.3/out/server/src/server.js:3:157334)\n    at o.fire (/home/publico/.var/app/com.visualstudio.code/data/vscode/extensions/uqbar.wollok-lsp-ide-0.5.3/out/server/src/server.js:3:158104)\n    at /home/publico/.var/app/com.visualstudio.code/data/vscode/extensions/uqbar.wollok-lsp-ide-0.5.3/out/server/src/server.js:37:57871\n    at Zr (/home/publico/.var/app/com.visualstudio.code/data/vscode/extensions/uqbar.wollok-lsp-ide-0.5.3/out/server/src/server.js:8:1561)","timestamp":"2025-10-22T15:22:57.183Z"}
{"level":"error","message":"✘ Failed to rebuild document Failed to parse src/gimnasia.wtest: \n-- PARSING FAILED --------------------------------------------------\n\nGot the end of the input\n\nExpected one of the following: \n\n' ', '@', 'const', 'method', 'only', 'override', 'test', 'var', '{', '}', any character/byte, comment, whitespace\n","stack":"Error: Failed to parse src/gimnasia.wtest: \n-- PARSING FAILED --------------------------------------------------\n\nGot the end of the input\n\nExpected one of the following: \n\n' ', '@', 'const', 'method', 'only', 'override', 'test', 'var', '{', '}', any character/byte, comment, whitespace\n\n    at /home/publico/.var/app/com.visualstudio.code/data/vscode/extensions/uqbar.wollok-lsp-ide-0.5.3/out/server/src/server.js:2348:13026\n    at Array.map (<anonymous>)\n    at W1n (/home/publico/.var/app/com.visualstudio.code/data/vscode/extensions/uqbar.wollok-lsp-ide-0.5.3/out/server/src/server.js:2348:12950)\n    at U2.buildEnvironmentFrom (/home/publico/.var/app/com.visualstudio.code/data/vscode/extensions/uqbar.wollok-lsp-ide-0.5.3/out/server/src/server.js:2393:5254)\n    at U2.updateEnvironmentWith (/home/publico/.var/app/com.visualstudio.code/data/vscode/extensions/uqbar.wollok-lsp-ide-0.5.3/out/server/src/server.js:2393:4989)\n    at JF (/home/publico/.var/app/com.visualstudio.code/data/vscode/extensions/uqbar.wollok-lsp-ide-0.5.3/out/server/src/server.js:2393:7383)\n    at F3.invoke (/home/publico/.var/app/com.visualstudio.code/data/vscode/extensions/uqbar.wollok-lsp-ide-0.5.3/out/server/src/server.js:3:157334)\n    at o.fire (/home/publico/.var/app/com.visualstudio.code/data/vscode/extensions/uqbar.wollok-lsp-ide-0.5.3/out/server/src/server.js:3:158104)\n    at /home/publico/.var/app/com.visualstudio.code/data/vscode/extensions/uqbar.wollok-lsp-ide-0.5.3/out/server/src/server.js:37:57871\n    at Zr (/home/publico/.var/app/com.visualstudio.code/data/vscode/extensions/uqbar.wollok-lsp-ide-0.5.3/out/server/src/server.js:8:1561)","timestamp":"2025-10-22T15:22:57.384Z"}
{"level":"error","message":"✘ Failed to rebuild document Failed to parse src/gimnasia.wtest: \n-- PARSING FAILED --------------------------------------------------\n\nGot the end of the input\n\nExpected one of the following: \n\n' ', '@', 'const', 'method', 'only', 'override', 'test', 'var', '{', '}', any character/byte, comment, whitespace\n","stack":"Error: Failed to parse src/gimnasia.wtest: \n-- PARSING FAILED --------------------------------------------------\n\nGot the end of the input\n\nExpected one of the following: \n\n' ', '@', 'const', 'method', 'only', 'override', 'test', 'var', '{', '}', any character/byte, comment, whitespace\n\n    at /home/publico/.var/app/com.visualstudio.code/data/vscode/extensions/uqbar.wollok-lsp-ide-0.5.3/out/server/src/server.js:2348:13026\n    at Array.map (<anonymous>)\n    at W1n (/home/publico/.var/app/com.visualstudio.code/data/vscode/extensions/uqbar.wollok-lsp-ide-0.5.3/out/server/src/server.js:2348:12950)\n    at U2.buildEnvironmentFrom (/home/publico/.var/app/com.visualstudio.code/data/vscode/extensions/uqbar.wollok-lsp-ide-0.5.3/out/server/src/server.js:2393:5254)\n    at U2.updateEnvironmentWith (/home/publico/.var/app/com.visualstudio.code/data/vscode/extensions/uqbar.wollok-lsp-ide-0.5.3/out/server/src/server.js:2393:4989)\n    at JF (/home/publico/.var/app/com.visualstudio.code/data/vscode/extensions/uqbar.wollok-lsp-ide-0.5.3/out/server/src/server.js:2393:7383)\n    at F3.invoke (/home/publico/.var/app/com.visualstudio.code/data/vscode/extensions/uqbar.wollok-lsp-ide-0.5.3/out/server/src/server.js:3:157334)\n    at o.fire (/home/publico/.var/app/com.visualstudio.code/data/vscode/extensions/uqbar.wollok-lsp-ide-0.5.3/out/server/src/server.js:3:158104)\n    at /home/publico/.var/app/com.visualstudio.code/data/vscode/extensions/uqbar.wollok-lsp-ide-0.5.3/out/server/src/server.js:37:57871\n    at Zr (/home/publico/.var/app/com.visualstudio.code/data/vscode/extensions/uqbar.wollok-lsp-ide-0.5.3/out/server/src/server.js:8:1561)","timestamp":"2025-10-22T15:22:58.269Z"}
{"level":"error","message":"✘ Failed to rebuild document Failed to parse src/gimnasia.wtest: \n-- PARSING FAILED --------------------------------------------------\n\nGot the end of the input\n\nExpected one of the following: \n\n' ', '@', 'const', 'method', 'only', 'override', 'test', 'var', '{', '}', any character/byte, comment, whitespace\n","stack":"Error: Failed to parse src/gimnasia.wtest: \n-- PARSING FAILED --------------------------------------------------\n\nGot the end of the input\n\nExpected one of the following: \n\n' ', '@', 'const', 'method', 'only', 'override', 'test', 'var', '{', '}', any character/byte, comment, whitespace\n\n    at /home/publico/.var/app/com.visualstudio.code/data/vscode/extensions/uqbar.wollok-lsp-ide-0.5.3/out/server/src/server.js:2348:13026\n    at Array.map (<anonymous>)\n    at W1n (/home/publico/.var/app/com.visualstudio.code/data/vscode/extensions/uqbar.wollok-lsp-ide-0.5.3/out/server/src/server.js:2348:12950)\n    at U2.buildEnvironmentFrom (/home/publico/.var/app/com.visualstudio.code/data/vscode/extensions/uqbar.wollok-lsp-ide-0.5.3/out/server/src/server.js:2393:5254)\n    at U2.updateEnvironmentWith (/home/publico/.var/app/com.visualstudio.code/data/vscode/extensions/uqbar.wollok-lsp-ide-0.5.3/out/server/src/server.js:2393:4989)\n    at JF (/home/publico/.var/app/com.visualstudio.code/data/vscode/extensions/uqbar.wollok-lsp-ide-0.5.3/out/server/src/server.js:2393:7383)\n    at F3.invoke (/home/publico/.var/app/com.visualstudio.code/data/vscode/extensions/uqbar.wollok-lsp-ide-0.5.3/out/server/src/server.js:3:157334)\n    at o.fire (/home/publico/.var/app/com.visualstudio.code/data/vscode/extensions/uqbar.wollok-lsp-ide-0.5.3/out/server/src/server.js:3:158104)\n    at /home/publico/.var/app/com.visualstudio.code/data/vscode/extensions/uqbar.wollok-lsp-ide-0.5.3/out/server/src/server.js:37:57871\n    at Zr (/home/publico/.var/app/com.visualstudio.code/data/vscode/extensions/uqbar.wollok-lsp-ide-0.5.3/out/server/src/server.js:8:1561)","timestamp":"2025-10-22T15:22:58.503Z"}
{"level":"error","message":"✘ Failed to rebuild document Failed to parse src/gimnasia.wtest: \n-- PARSING FAILED --------------------------------------------------\n\nGot the end of the input\n\nExpected one of the following: \n\n' ', '@', 'const', 'method', 'only', 'override', 'test', 'var', '{', '}', any character/byte, comment, whitespace\n","stack":"Error: Failed to parse src/gimnasia.wtest: \n-- PARSING FAILED --------------------------------------------------\n\nGot the end of the input\n\nExpected one of the following: \n\n' ', '@', 'const', 'method', 'only', 'override', 'test', 'var', '{', '}', any character/byte, comment, whitespace\n\n    at /home/publico/.var/app/com.visualstudio.code/data/vscode/extensions/uqbar.wollok-lsp-ide-0.5.3/out/server/src/server.js:2348:13026\n    at Array.map (<anonymous>)\n    at W1n (/home/publico/.var/app/com.visualstudio.code/data/vscode/extensions/uqbar.wollok-lsp-ide-0.5.3/out/server/src/server.js:2348:12950)\n    at U2.buildEnvironmentFrom (/home/publico/.var/app/com.visualstudio.code/data/vscode/extensions/uqbar.wollok-lsp-ide-0.5.3/out/server/src/server.js:2393:5254)\n    at U2.updateEnvironmentWith (/home/publico/.var/app/com.visualstudio.code/data/vscode/extensions/uqbar.wollok-lsp-ide-0.5.3/out/server/src/server.js:2393:4989)\n    at JF (/home/publico/.var/app/com.visualstudio.code/data/vscode/extensions/uqbar.wollok-lsp-ide-0.5.3/out/server/src/server.js:2393:7383)\n    at F3.invoke (/home/publico/.var/app/com.visualstudio.code/data/vscode/extensions/uqbar.wollok-lsp-ide-0.5.3/out/server/src/server.js:3:157334)\n    at o.fire (/home/publico/.var/app/com.visualstudio.code/data/vscode/extensions/uqbar.wollok-lsp-ide-0.5.3/out/server/src/server.js:3:158104)\n    at /home/publico/.var/app/com.visualstudio.code/data/vscode/extensions/uqbar.wollok-lsp-ide-0.5.3/out/server/src/server.js:37:57871\n    at Zr (/home/publico/.var/app/com.visualstudio.code/data/vscode/extensions/uqbar.wollok-lsp-ide-0.5.3/out/server/src/server.js:8:1561)","timestamp":"2025-10-22T15:22:59.378Z"}
{"level":"error","message":"✘ Failed to rebuild document Failed to parse src/gimnasia.wtest: \n-- PARSING FAILED --------------------------------------------------\n\nGot the end of the input\n\nExpected one of the following: \n\n' ', '@', 'const', 'method', 'only', 'override', 'test', 'var', '{', '}', any character/byte, comment, whitespace\n","stack":"Error: Failed to parse src/gimnasia.wtest: \n-- PARSING FAILED --------------------------------------------------\n\nGot the end of the input\n\nExpected one of the following: \n\n' ', '@', 'const', 'method', 'only', 'override', 'test', 'var', '{', '}', any character/byte, comment, whitespace\n\n    at /home/publico/.var/app/com.visualstudio.code/data/vscode/extensions/uqbar.wollok-lsp-ide-0.5.3/out/server/src/server.js:2348:13026\n    at Array.map (<anonymous>)\n    at W1n (/home/publico/.var/app/com.visualstudio.code/data/vscode/extensions/uqbar.wollok-lsp-ide-0.5.3/out/server/src/server.js:2348:12950)\n    at U2.buildEnvironmentFrom (/home/publico/.var/app/com.visualstudio.code/data/vscode/extensions/uqbar.wollok-lsp-ide-0.5.3/out/server/src/server.js:2393:5254)\n    at U2.updateEnvironmentWith (/home/publico/.var/app/com.visualstudio.code/data/vscode/extensions/uqbar.wollok-lsp-ide-0.5.3/out/server/src/server.js:2393:4989)\n    at JF (/home/publico/.var/app/com.visualstudio.code/data/vscode/extensions/uqbar.wollok-lsp-ide-0.5.3/out/server/src/server.js:2393:7383)\n    at F3.invoke (/home/publico/.var/app/com.visualstudio.code/data/vscode/extensions/uqbar.wollok-lsp-ide-0.5.3/out/server/src/server.js:3:157334)\n    at o.fire (/home/publico/.var/app/com.visualstudio.code/data/vscode/extensions/uqbar.wollok-lsp-ide-0.5.3/out/server/src/server.js:3:158104)\n    at /home/publico/.var/app/com.visualstudio.code/data/vscode/extensions/uqbar.wollok-lsp-ide-0.5.3/out/server/src/server.js:37:57871\n    at Zr (/home/publico/.var/app/com.visualstudio.code/data/vscode/extensions/uqbar.wollok-lsp-ide-0.5.3/out/server/src/server.js:8:1561)","timestamp":"2025-10-22T15:22:59.607Z"}
{"level":"info","message":"⌛ Building environment","timeElapsed":145,"timestamp":"2025-10-22T15:23:00.284Z"}
{"level":"info","message":"⌛ Validating src/gimnasia.wtest","timeElapsed":109,"timestamp":"2025-10-22T15:23:00.394Z"}
{"level":"info","message":"⌛ Building environment","timeElapsed":127,"timestamp":"2025-10-22T15:23:00.522Z"}
{"level":"info","message":"⌛ Validating src/gimnasia.wtest","timeElapsed":106,"timestamp":"2025-10-22T15:23:00.629Z"}
{"level":"info","message":"⌛ Building environment","timeElapsed":147,"timestamp":"2025-10-22T15:23:09.144Z"}
{"level":"info","message":"⌛ Validating src/gimnasia.wtest","timeElapsed":109,"timestamp":"2025-10-22T15:23:09.253Z"}
{"level":"info","message":"⌛ Building environment","timeElapsed":138,"timestamp":"2025-10-22T15:23:09.392Z"}
{"level":"info","message":"⌛ Building environment","timeElapsed":137,"timestamp":"2025-10-22T15:23:13.594Z"}
{"level":"info","message":"⌛ Building environment","timeElapsed":165,"timestamp":"2025-10-22T15:23:13.814Z"}
{"level":"info","message":"⌛ Validating src/gimnasia.wtest","timeElapsed":136,"timestamp":"2025-10-22T15:23:13.951Z"}
{"level":"info","message":"⌛ Building environment","timeElapsed":150,"timestamp":"2025-10-22T15:23:14.102Z"}
{"level":"info","message":"⌛ Validating src/gimnasia.wtest","timeElapsed":131,"timestamp":"2025-10-22T15:23:14.233Z"}
{"level":"info","message":"⌛ Building environment","timeElapsed":180,"timestamp":"2025-10-22T15:23:14.414Z"}
{"level":"info","message":"⌛ Building environment","timeElapsed":135,"timestamp":"2025-10-22T15:23:14.657Z"}
{"level":"info","message":"⌛ Validating src/gimnasia.wtest","timeElapsed":107,"timestamp":"2025-10-22T15:23:14.774Z"}
{"level":"info","message":"⌛ Building environment","timeElapsed":143,"timestamp":"2025-10-22T15:23:14.919Z"}
{"level":"info","message":"⌛ Validating src/gimnasia.wtest","timeElapsed":106,"timestamp":"2025-10-22T15:23:15.132Z"}
{"level":"info","message":"⌛ Building environment","timeElapsed":160,"timestamp":"2025-10-22T15:23:15.384Z"}
{"level":"info","message":"⌛ Validating src/gimnasia.wtest","timeElapsed":165,"timestamp":"2025-10-22T15:23:15.588Z"}
{"level":"info","message":"⌛ Building environment","timeElapsed":145,"timestamp":"2025-10-22T15:23:16.456Z"}
{"level":"info","message":"⌛ Validating src/gimnasia.wtest","timeElapsed":121,"timestamp":"2025-10-22T15:23:16.578Z"}
{"level":"info","message":"⌛ Building environment","timeElapsed":175,"timestamp":"2025-10-22T15:23:16.755Z"}
{"level":"info","message":"⌛ Building environment","timeElapsed":166,"timestamp":"2025-10-22T15:23:16.922Z"}
{"level":"info","message":"⌛ Building environment","timeElapsed":159,"timestamp":"2025-10-22T15:23:17.082Z"}
{"level":"info","message":"⌛ Validating src/gimnasia.wtest","timeElapsed":105,"timestamp":"2025-10-22T15:23:17.189Z"}
{"level":"info","message":"⌛ Building environment","timeElapsed":158,"timestamp":"2025-10-22T15:23:17.348Z"}
{"level":"info","message":"⌛ Validating src/gimnasia.wtest","timeElapsed":131,"timestamp":"2025-10-22T15:23:17.480Z"}
{"level":"info","message":"⌛ Building environment","timeElapsed":144,"timestamp":"2025-10-22T15:23:17.814Z"}
{"level":"info","message":"⌛ Building environment","timeElapsed":122,"timestamp":"2025-10-22T15:23:18.782Z"}
{"level":"error","message":"✘ Completions for node Send ([48:3, 48:27] - src/gimnasia.wtest) failed: Error: [Send]{1929a6} at src/gimnasia.wtest:48 exhausted all cases without a match [Send]{1929a6} at src/gimnasia.wtest:48 exhausted all cases without a match","stack":"Error: [Send]{1929a6} at src/gimnasia.wtest:48 exhausted all cases without a match\n    at /home/publico/.var/app/com.visualstudio.code/data/vscode/extensions/uqbar.wollok-lsp-ide-0.5.3/out/server/src/server.js:38:6142\n    at D2 (/home/publico/.var/app/com.visualstudio.code/data/vscode/extensions/uqbar.wollok-lsp-ide-0.5.3/out/server/src/server.js:2384:42)\n    at Qh (/home/publico/.var/app/com.visualstudio.code/data/vscode/extensions/uqbar.wollok-lsp-ide-0.5.3/out/server/src/server.js:2384:1092)\n    at k6n (/home/publico/.var/app/com.visualstudio.code/data/vscode/extensions/uqbar.wollok-lsp-ide-0.5.3/out/server/src/server.js:2384:1248)\n    at /home/publico/.var/app/com.visualstudio.code/data/vscode/extensions/uqbar.wollok-lsp-ide-0.5.3/out/server/src/server.js:38:6131\n    at D2 (/home/publico/.var/app/com.visualstudio.code/data/vscode/extensions/uqbar.wollok-lsp-ide-0.5.3/out/server/src/server.js:2384:42)\n    at /home/publico/.var/app/com.visualstudio.code/data/vscode/extensions/uqbar.wollok-lsp-ide-0.5.3/out/server/src/server.js:2384:2988\n    at /home/publico/.var/app/com.visualstudio.code/data/vscode/extensions/uqbar.wollok-lsp-ide-0.5.3/out/server/src/server.js:2393:8440\n    at /home/publico/.var/app/com.visualstudio.code/data/vscode/extensions/uqbar.wollok-lsp-ide-0.5.3/out/server/src/server.js:37:74872\n    at Ye (/home/publico/.var/app/com.visualstudio.code/data/vscode/extensions/uqbar.wollok-lsp-ide-0.5.3/out/server/src/server.js:7:8527)","timestamp":"2025-10-22T15:23:18.826Z"}
{"level":"info","message":"⌛ Validating src/gimnasia.wtest","timeElapsed":102,"timestamp":"2025-10-22T15:23:18.931Z"}
{"level":"info","message":"⌛ Building environment","timeElapsed":209,"timestamp":"2025-10-22T15:23:19.143Z"}
{"level":"info","message":"⌛ Building environment","timeElapsed":173,"timestamp":"2025-10-22T15:23:19.317Z"}
{"level":"info","message":"⌛ Validating src/gimnasia.wtest","timeElapsed":145,"timestamp":"2025-10-22T15:23:19.463Z"}
{"level":"info","message":"⌛ Building environment","timeElapsed":113,"timestamp":"2025-10-22T15:23:19.576Z"}
{"level":"info","message":"⌛ Building environment","timeElapsed":192,"timestamp":"2025-10-22T15:23:19.882Z"}
{"level":"info","message":"⌛ Validating src/gimnasia.wtest","timeElapsed":110,"timestamp":"2025-10-22T15:23:19.993Z"}
{"level":"info","message":"⌛ Building environment","timeElapsed":129,"timestamp":"2025-10-22T15:23:22.557Z"}
{"level":"info","message":"⌛ Building environment","timeElapsed":113,"timestamp":"2025-10-22T15:23:23.939Z"}
{"level":"info","message":"⌛ Building environment","timeElapsed":140,"timestamp":"2025-10-22T15:23:24.130Z"}
{"level":"info","message":"⌛ Validating src/gimnasia.wtest","timeElapsed":102,"timestamp":"2025-10-22T15:23:24.235Z"}
{"level":"info","message":"⌛ Building environment","timeElapsed":156,"timestamp":"2025-10-22T15:23:24.392Z"}
{"level":"info","message":"⌛ Validating src/gimnasia.wtest","timeElapsed":112,"timestamp":"2025-10-22T15:23:24.506Z"}
{"level":"info","message":"⌛ Building environment","timeElapsed":114,"timestamp":"2025-10-22T15:23:24.620Z"}
{"level":"info","message":"⌛ Validating src/gimnasia.wtest","timeElapsed":105,"timestamp":"2025-10-22T15:23:24.725Z"}
{"level":"info","message":"⌛ Building environment","timeElapsed":203,"timestamp":"2025-10-22T15:23:24.930Z"}
{"level":"info","message":"⌛ Building environment","timeElapsed":163,"timestamp":"2025-10-22T15:23:25.094Z"}
{"level":"info","message":"⌛ Validating src/gimnasia.wtest","timeElapsed":102,"timestamp":"2025-10-22T15:23:25.197Z"}
{"level":"info","message":"⌛ Building environment","timeElapsed":172,"timestamp":"2025-10-22T15:23:25.962Z"}
{"level":"info","message":"⌛ Building environment","timeElapsed":124,"timestamp":"2025-10-22T15:23:26.350Z"}
{"level":"info","message":"⌛ Building environment","timeElapsed":142,"timestamp":"2025-10-22T15:23:26.662Z"}
{"level":"info","message":"⌛ Building environment","timeElapsed":178,"timestamp":"2025-10-22T15:23:27.186Z"}
