{"level":"info","message":"⌛ Building environment","timeElapsed":128,"timestamp":"2025-10-22T15:23:27.361Z"}
{"level":"info","message":"⌛ Building environment","timeElapsed":153,"timestamp":"2025-10-22T15:23:28.518Z"}
{"level":"info","message":"⌛ Validating src/gimnasia.wtest","timeElapsed":138,"timestamp":"2025-10-22T15:23:28.660Z"}
{"level":"info","message":"⌛ Validating src/gimnasia.wtest","timeElapsed":104,"timestamp":"2025-10-22T15:23:31.848Z"}
{"level":"info","message":"⌛ Building environment","timeElapsed":178,"timestamp":"2025-10-22T15:23:32.997Z"}
{"level":"info","message":"⌛ Validating src/gimnasia.wtest","timeElapsed":107,"timestamp":"2025-10-22T15:23:33.105Z"}
{"level":"info","message":"⌛ Building environment","timeElapsed":158,"timestamp":"2025-10-22T15:23:34.323Z"}
{"level":"info","message":"⌛ Building environment","timeElapsed":120,"timestamp":"2025-10-22T15:23:36.076Z"}
{"level":"info","message":"⌛ Validating src/gimnasia.wtest","timeElapsed":105,"timestamp":"2025-10-22T15:23:36.184Z"}
{"level":"info","message":"⌛ Building environment","timeElapsed":163,"timestamp":"2025-10-22T15:23:36.545Z"}
{"level":"info","message":"⌛ Building environment","timeElapsed":136,"timestamp":"2025-10-22T15:23:39.025Z"}
{"level":"error","message":"✘ Completions for node Send ([49:3, 49:26] - src/gimnasia.wtest) failed: Error: [Send]{90cb0a} at src/gimnasia.wtest:49 exhausted all cases without a match [Send]{90cb0a} at src/gimnasia.wtest:49 exhausted all cases without a match","stack":"Error: [Send]{90cb0a} at src/gimnasia.wtest:49 exhausted all cases without a match\n    at /home/publico/.var/app/com.visualstudio.code/data/vscode/extensions/uqbar.wollok-lsp-ide-0.5.3/out/server/src/server.js:38:6142\n    at D2 (/home/publico/.var/app/com.visualstudio.code/data/vscode/extensions/uqbar.wollok-lsp-ide-0.5.3/out/server/src/server.js:2384:42)\n    at Qh (/home/publico/.var/app/com.visualstudio.code/data/vscode/extensions/uqbar.wollok-lsp-ide-0.5.3/out/server/src/server.js:2384:1092)\n    at k6n (/home/publico/.var/app/com.visualstudio.code/data/vscode/extensions/uqbar.wollok-lsp-ide-0.5.3/out/server/src/server.js:2384:1248)\n    at /home/publico/.var/app/com.visualstudio.code/data/vscode/extensions/uqbar.wollok-lsp-ide-0.5.3/out/server/src/server.js:38:6131\n    at D2 (/home/publico/.var/app/com.visualstudio.code/data/vscode/extensions/uqbar.wollok-lsp-ide-0.5.3/out/server/src/server.js:2384:42)\n    at /home/publico/.var/app/com.visualstudio.code/data/vscode/extensions/uqbar.wollok-lsp-ide-0.5.3/out/server/src/server.js:2384:2988\n    at /home/publico/.var/app/com.visualstudio.code/data/vscode/extensions/uqbar.wollok-lsp-ide-0.5.3/out/server/src/server.js:2393:8440\n    at /home/publico/.var/app/com.visualstudio.code/data/vscode/extensions/uqbar.wollok-lsp-ide-0.5.3/out/server/src/server.js:37:74872\n    at Ye (/home/publico/.var/app/com.visualstudio.code/data/vscode/extensions/uqbar.wollok-lsp-ide-0.5.3/out/server/src/server.js:7:8527)","timestamp":"2025-10-22T15:23:39.062Z"}
{"level":"info","message":"⌛ Building environment","timeElapsed":128,"timestamp":"2025-10-22T15:23:39.195Z"}
{"level":"info","message":"⌛ Validating src/gimnasia.wtest","timeElapsed":107,"timestamp":"2025-10-22T15:23:39.302Z"}
{"level":"info","message":"⌛ Validating src/gimnasia.wtest","timeElapsed":108,"timestamp":"2025-10-22T15:23:39.411Z"}
{"level":"info","message":"⌛ Building environment","timeElapsed":137,"timestamp":"2025-10-22T15:23:39.556Z"}
{"level":"info","message":"⌛ Building environment","timeElapsed":143,"timestamp":"2025-10-22T15:23:39.701Z"}
{"level":"info","message":"⌛ Building environment","timeElapsed":151,"timestamp":"2025-10-22T15:23:39.954Z"}
{"level":"info","message":"⌛ Validating src/gimnasia.wtest","timeElapsed":105,"timestamp":"2025-10-22T15:23:40.059Z"}
{"level":"info","message":"⌛ Building environment","timeElapsed":180,"timestamp":"2025-10-22T15:23:40.241Z"}
{"level":"info","message":"⌛ Validating src/gimnasia.wtest","timeElapsed":110,"timestamp":"2025-10-22T15:23:40.351Z"}
{"level":"info","message":"⌛ Building environment","timeElapsed":122,"timestamp":"2025-10-22T15:23:40.571Z"}
{"level":"info","message":"⌛ Building environment","timeElapsed":170,"timestamp":"2025-10-22T15:23:40.742Z"}
{"level":"info","message":"⌛ Validating src/gimnasia.wtest","timeElapsed":137,"timestamp":"2025-10-22T15:23:40.882Z"}
{"level":"info","message":"⌛ Building environment","timeElapsed":147,"timestamp":"2025-10-22T15:23:41.273Z"}
{"level":"error","message":"✘ Completions for node Send ([49:3, 49:30] - src/gimnasia.wtest) failed: Error: [Send]{2f42f7} at src/gimnasia.wtest:49 exhausted all cases without a match [Send]{2f42f7} at src/gimnasia.wtest:49 exhausted all cases without a match","stack":"Error: [Send]{2f42f7} at src/gimnasia.wtest:49 exhausted all cases without a match\n    at /home/publico/.var/app/com.visualstudio.code/data/vscode/extensions/uqbar.wollok-lsp-ide-0.5.3/out/server/src/server.js:38:6142\n    at D2 (/home/publico/.var/app/com.visualstudio.code/data/vscode/extensions/uqbar.wollok-lsp-ide-0.5.3/out/server/src/server.js:2384:42)\n    at Qh (/home/publico/.var/app/com.visualstudio.code/data/vscode/extensions/uqbar.wollok-lsp-ide-0.5.3/out/server/src/server.js:2384:1092)\n    at k6n (/home/publico/.var/app/com.visualstudio.code/data/vscode/extensions/uqbar.wollok-lsp-ide-0.5.3/out/server/src/server.js:2384:1248)\n    at /home/publico/.var/app/com.visualstudio.code/data/vscode/extensions/uqbar.wollok-lsp-ide-0.5.3/out/server/src/server.js:38:6131\n    at D2 (/home/publico/.var/app/com.visualstudio.code/data/vscode/extensions/uqbar.wollok-lsp-ide-0.5.3/out/server/src/server.js:2384:42)\n    at /home/publico/.var/app/com.visualstudio.code/data/vscode/extensions/uqbar.wollok-lsp-ide-0.5.3/out/server/src/server.js:2384:2988\n    at /home/publico/.var/app/com.visualstudio.code/data/vscode/extensions/uqbar.wollok-lsp-ide-0.5.3/out/server/src/server.js:2393:8440\n    at /home/publico/.var/app/com.visualstudio.code/data/vscode/extensions/uqbar.wollok-lsp-ide-0.5.3/out/server/src/server.js:37:74872\n    at Ye (/home/publico/.var/app/com.visualstudio.code/data/vscode/extensions/uqbar.wollok-lsp-ide-0.5.3/out/server/src/server.js:7:8527)","timestamp":"2025-10-22T15:23:41.317Z"}
{"level":"info","message":"⌛ Building environment","timeElapsed":155,"timestamp":"2025-10-22T15:23:41.475Z"}
{"level":"info","message":"⌛ Building environment","timeElapsed":165,"timestamp":"2025-10-22T15:23:41.943Z"}
{"level":"info","message":"⌛ Building environment","timeElapsed":152,"timestamp":"2025-10-22T15:23:42.635Z"}
{"level":"info","message":"⌛ Validating src/gimnasia.wtest","timeElapsed":145,"timestamp":"2025-10-22T15:23:42.821Z"}
{"level":"info","message":"⌛ Building environment","timeElapsed":178,"timestamp":"2025-10-22T15:23:43.006Z"}
{"level":"info","message":"⌛ Building environment","timeElapsed":136,"timestamp":"2025-10-22T15:23:43.143Z"}
{"level":"error","message":"✘ Completions for node Send ([49:3, 49:37] - src/gimnasia.wtest) failed: Error: [Send]{6b3ca0} at src/gimnasia.wtest:49 exhausted all cases without a match [Send]{6b3ca0} at src/gimnasia.wtest:49 exhausted all cases without a match","stack":"Error: [Send]{6b3ca0} at src/gimnasia.wtest:49 exhausted all cases without a match\n    at /home/publico/.var/app/com.visualstudio.code/data/vscode/extensions/uqbar.wollok-lsp-ide-0.5.3/out/server/src/server.js:38:6142\n    at D2 (/home/publico/.var/app/com.visualstudio.code/data/vscode/extensions/uqbar.wollok-lsp-ide-0.5.3/out/server/src/server.js:2384:42)\n    at Qh (/home/publico/.var/app/com.visualstudio.code/data/vscode/extensions/uqbar.wollok-lsp-ide-0.5.3/out/server/src/server.js:2384:1092)\n    at k6n (/home/publico/.var/app/com.visualstudio.code/data/vscode/extensions/uqbar.wollok-lsp-ide-0.5.3/out/server/src/server.js:2384:1248)\n    at /home/publico/.var/app/com.visualstudio.code/data/vscode/extensions/uqbar.wollok-lsp-ide-0.5.3/out/server/src/server.js:38:6131\n    at D2 (/home/publico/.var/app/com.visualstudio.code/data/vscode/extensions/uqbar.wollok-lsp-ide-0.5.3/out/server/src/server.js:2384:42)\n    at /home/publico/.var/app/com.visualstudio.code/data/vscode/extensions/uqbar.wollok-lsp-ide-0.5.3/out/server/src/server.js:2384:2988\n    at /home/publico/.var/app/com.visualstudio.code/data/vscode/extensions/uqbar.wollok-lsp-ide-0.5.3/out/server/src/server.js:2393:8440\n    at /home/publico/.var/app/com.visualstudio.code/data/vscode/extensions/uqbar.wollok-lsp-ide-0.5.3/out/server/src/server.js:37:74872\n    at Ye (/home/publico/.var/app/com.visualstudio.code/data/vscode/extensions/uqbar.wollok-lsp-ide-0.5.3/out/server/src/server.js:7:8527)","timestamp":"2025-10-22T15:23:43.179Z"}
{"level":"info","message":"⌛ Building environment","timeElapsed":102,"timestamp":"2025-10-22T15:23:43.374Z"}
{"level":"info","message":"⌛ Building environment","timeElapsed":166,"timestamp":"2025-10-22T15:23:44.144Z"}
{"level":"info","message":"⌛ Building environment","timeElapsed":153,"timestamp":"2025-10-22T15:23:44.919Z"}
{"level":"error","message":"✘ Failed to rebuild document Failed to parse src/gimnasia.wtest: \n-- PARSING FAILED --------------------------------------------------\n\n  108 | //\t}\n  109 | \t\n> 110 | }\n      | ^\n\nExpected one of the following: \n\n'@', 'class', 'const', 'describe', 'mixin', 'object', 'only', 'package', 'program', 'test', 'var', '{', EOF, comment, not \"}\", whitespace\n","stack":"Error: Failed to parse src/gimnasia.wtest: \n-- PARSING FAILED --------------------------------------------------\n\n  108 | //\t}\n  109 | \t\n> 110 | }\n      | ^\n\nExpected one of the following: \n\n'@', 'class', 'const', 'describe', 'mixin', 'object', 'only', 'package', 'program', 'test', 'var', '{', EOF, comment, not \"}\", whitespace\n\n    at /home/publico/.var/app/com.visualstudio.code/data/vscode/extensions/uqbar.wollok-lsp-ide-0.5.3/out/server/src/server.js:2348:13026\n    at Array.map (<anonymous>)\n    at W1n (/home/publico/.var/app/com.visualstudio.code/data/vscode/extensions/uqbar.wollok-lsp-ide-0.5.3/out/server/src/server.js:2348:12950)\n    at U2.buildEnvironmentFrom (/home/publico/.var/app/com.visualstudio.code/data/vscode/extensions/uqbar.wollok-lsp-ide-0.5.3/out/server/src/server.js:2393:5254)\n    at U2.updateEnvironmentWith (/home/publico/.var/app/com.visualstudio.code/data/vscode/extensions/uqbar.wollok-lsp-ide-0.5.3/out/server/src/server.js:2393:4989)\n    at JF (/home/publico/.var/app/com.visualstudio.code/data/vscode/extensions/uqbar.wollok-lsp-ide-0.5.3/out/server/src/server.js:2393:7383)\n    at F3.invoke (/home/publico/.var/app/com.visualstudio.code/data/vscode/extensions/uqbar.wollok-lsp-ide-0.5.3/out/server/src/server.js:3:157334)\n    at o.fire (/home/publico/.var/app/com.visualstudio.code/data/vscode/extensions/uqbar.wollok-lsp-ide-0.5.3/out/server/src/server.js:3:158104)\n    at /home/publico/.var/app/com.visualstudio.code/data/vscode/extensions/uqbar.wollok-lsp-ide-0.5.3/out/server/src/server.js:37:57871\n    at Zr (/home/publico/.var/app/com.visualstudio.code/data/vscode/extensions/uqbar.wollok-lsp-ide-0.5.3/out/server/src/server.js:8:1561)","timestamp":"2025-10-22T15:23:48.617Z"}
{"level":"info","message":"⌛ Building environment","timeElapsed":173,"timestamp":"2025-10-22T15:23:50.164Z"}
{"level":"info","message":"⌛ Validating src/gimnasia.wtest","timeElapsed":108,"timestamp":"2025-10-22T15:23:50.274Z"}
{"level":"info","message":"⌛ Building environment","timeElapsed":132,"timestamp":"2025-10-22T15:23:50.515Z"}
{"level":"info","message":"🧪 Test runner executed on /home/publico/Escritorio/obj/2025c2s2-herencia-rutinas-rodriguezlucas763","result":{"errored":0,"failed":1,"ok":0},"testsFailed":[{"error":["wollok.lib.AssertionException: Expected <59948> but found <59.949>","  at src.gimnasia.\"rutinas\".\"2.1.1 test sedentario running\" [src/gimnasia.wtest:49]"],"test":"src.gimnasia.\"rutinas\".\"2.1.1 test sedentario running\""}],"timeElapsed":730,"timestamp":"2025-10-22T15:23:55.682Z"}
{"level":"info","message":"⌛ Building environment","timeElapsed":169,"timestamp":"2025-10-22T15:25:07.168Z"}
{"level":"info","message":"🧪 Test runner executed on /home/publico/Escritorio/obj/2025c2s2-herencia-rutinas-rodriguezlucas763","result":{"errored":0,"failed":1,"ok":0},"testsFailed":[{"error":["wollok.lib.AssertionException: Expected <59.948> but found <59.949>","  at src.gimnasia.\"rutinas\".\"2.1.1 test sedentario running\" [src/gimnasia.wtest:49]"],"test":"src.gimnasia.\"rutinas\".\"2.1.1 test sedentario running\""}],"timeElapsed":641,"timestamp":"2025-10-22T15:25:13.625Z"}
{"level":"info","message":"🧪 Test runner executed on /home/publico/Escritorio/obj/2025c2s2-herencia-rutinas-rodriguezlucas763","result":{"errored":0,"failed":1,"ok":4},"testsFailed":[{"error":["wollok.lib.AssertionException: Expected <59.948> but found <59.949>","  at src.gimnasia.\"rutinas\".\"2.1.1 test sedentario running\" [src/gimnasia.wtest:49]"],"test":"src.gimnasia.\"rutinas\".\"2.1.1 test sedentario running\""}],"timeElapsed":721,"timestamp":"2025-10-22T15:32:17.725Z"}
{"level":"info","message":"⌛ Building environment","timeElapsed":168,"timestamp":"2025-10-22T15:33:12.393Z"}
{"level":"info","message":"⌛ Validating src/gimnasia.wtest","timeElapsed":104,"timestamp":"2025-10-22T15:33:12.500Z"}
{"level":"info","message":"⌛ Building environment","timeElapsed":161,"timestamp":"2025-10-22T15:33:13.955Z"}
{"level":"error","message":"✘ Failed to rebuild document Failed to parse src/gimnasia.wtest: \n-- PARSING FAILED --------------------------------------------------\n\nGot the end of the input\n\nExpected one of the following: \n\n' ', '@', 'const', 'method', 'only', 'override', 'test', 'var', '{', '}', any character/byte, comment, whitespace\n","stack":"Error: Failed to parse src/gimnasia.wtest: \n-- PARSING FAILED --------------------------------------------------\n\nGot the end of the input\n\nExpected one of the following: \n\n' ', '@', 'const', 'method', 'only', 'override', 'test', 'var', '{', '}', any character/byte, comment, whitespace\n\n    at /home/publico/.var/app/com.visualstudio.code/data/vscode/extensions/uqbar.wollok-lsp-ide-0.5.3/out/server/src/server.js:2348:13026\n    at Array.map (<anonymous>)\n    at W1n (/home/publico/.var/app/com.visualstudio.code/data/vscode/extensions/uqbar.wollok-lsp-ide-0.5.3/out/server/src/server.js:2348:12950)\n    at U2.buildEnvironmentFrom (/home/publico/.var/app/com.visualstudio.code/data/vscode/extensions/uqbar.wollok-lsp-ide-0.5.3/out/server/src/server.js:2393:5254)\n    at U2.updateEnvironmentWith (/home/publico/.var/app/com.visualstudio.code/data/vscode/extensions/uqbar.wollok-lsp-ide-0.5.3/out/server/src/server.js:2393:4989)\n    at JF (/home/publico/.var/app/com.visualstudio.code/data/vscode/extensions/uqbar.wollok-lsp-ide-0.5.3/out/server/src/server.js:2393:7383)\n    at F3.invoke (/home/publico/.var/app/com.visualstudio.code/data/vscode/extensions/uqbar.wollok-lsp-ide-0.5.3/out/server/src/server.js:3:157334)\n    at o.fire (/home/publico/.var/app/com.visualstudio.code/data/vscode/extensions/uqbar.wollok-lsp-ide-0.5.3/out/server/src/server.js:3:158104)\n    at /home/publico/.var/app/com.visualstudio.code/data/vscode/extensions/uqbar.wollok-lsp-ide-0.5.3/out/server/src/server.js:37:57871\n    at Zr (/home/publico/.var/app/com.visualstudio.code/data/vscode/extensions/uqbar.wollok-lsp-ide-0.5.3/out/server/src/server.js:8:1561)","timestamp":"2025-10-22T15:33:19.254Z"}
{"level":"error","message":"✘ Failed to rebuild document Failed to parse src/gimnasia.wtest: \n-- PARSING FAILED --------------------------------------------------\n\nGot the end of the input\n\nExpected one of the following: \n\n' ', '@', 'const', 'method', 'only', 'override', 'test', 'var', '{', '}', any character/byte, comment, whitespace\n","stack":"Error: Failed to parse src/gimnasia.wtest: \n-- PARSING FAILED --------------------------------------------------\n\nGot the end of the input\n\nExpected one of the following: \n\n' ', '@', 'const', 'method', 'only', 'override', 'test', 'var', '{', '}', any character/byte, comment, whitespace\n\n    at /home/publico/.var/app/com.visualstudio.code/data/vscode/extensions/uqbar.wollok-lsp-ide-0.5.3/out/server/src/server.js:2348:13026\n    at Array.map (<anonymous>)\n    at W1n (/home/publico/.var/app/com.visualstudio.code/data/vscode/extensions/uqbar.wollok-lsp-ide-0.5.3/out/server/src/server.js:2348:12950)\n    at U2.buildEnvironmentFrom (/home/publico/.var/app/com.visualstudio.code/data/vscode/extensions/uqbar.wollok-lsp-ide-0.5.3/out/server/src/server.js:2393:5254)\n    at U2.updateEnvironmentWith (/home/publico/.var/app/com.visualstudio.code/data/vscode/extensions/uqbar.wollok-lsp-ide-0.5.3/out/server/src/server.js:2393:4989)\n    at JF (/home/publico/.var/app/com.visualstudio.code/data/vscode/extensions/uqbar.wollok-lsp-ide-0.5.3/out/server/src/server.js:2393:7383)\n    at F3.invoke (/home/publico/.var/app/com.visualstudio.code/data/vscode/extensions/uqbar.wollok-lsp-ide-0.5.3/out/server/src/server.js:3:157334)\n    at o.fire (/home/publico/.var/app/com.visualstudio.code/data/vscode/extensions/uqbar.wollok-lsp-ide-0.5.3/out/server/src/server.js:3:158104)\n    at /home/publico/.var/app/com.visualstudio.code/data/vscode/extensions/uqbar.wollok-lsp-ide-0.5.3/out/server/src/server.js:37:57871\n    at Zr (/home/publico/.var/app/com.visualstudio.code/data/vscode/extensions/uqbar.wollok-lsp-ide-0.5.3/out/server/src/server.js:8:1561)","timestamp":"2025-10-22T15:33:19.427Z"}
{"level":"error","message":"✘ Failed to rebuild document Failed to parse src/gimnasia.wtest: \n-- PARSING FAILED --------------------------------------------------\n\nGot the end of the input\n\nExpected one of the following: \n\n' ', '@', 'const', 'method', 'only', 'override', 'test', 'var', '{', '}', any character/byte, comment, whitespace\n","stack":"Error: Failed to parse src/gimnasia.wtest: \n-- PARSING FAILED --------------------------------------------------\n\nGot the end of the input\n\nExpected one of the following: \n\n' ', '@', 'const', 'method', 'only', 'override', 'test', 'var', '{', '}', any character/byte, comment, whitespace\n\n    at /home/publico/.var/app/com.visualstudio.code/data/vscode/extensions/uqbar.wollok-lsp-ide-0.5.3/out/server/src/server.js:2348:13026\n    at Array.map (<anonymous>)\n    at W1n (/home/publico/.var/app/com.visualstudio.code/data/vscode/extensions/uqbar.wollok-lsp-ide-0.5.3/out/server/src/server.js:2348:12950)\n    at U2.buildEnvironmentFrom (/home/publico/.var/app/com.visualstudio.code/data/vscode/extensions/uqbar.wollok-lsp-ide-0.5.3/out/server/src/server.js:2393:5254)\n    at U2.updateEnvironmentWith (/home/publico/.var/app/com.visualstudio.code/data/vscode/extensions/uqbar.wollok-lsp-ide-0.5.3/out/server/src/server.js:2393:4989)\n    at JF (/home/publico/.var/app/com.visualstudio.code/data/vscode/extensions/uqbar.wollok-lsp-ide-0.5.3/out/server/src/server.js:2393:7383)\n    at F3.invoke (/home/publico/.var/app/com.visualstudio.code/data/vscode/extensions/uqbar.wollok-lsp-ide-0.5.3/out/server/src/server.js:3:157334)\n    at o.fire (/home/publico/.var/app/com.visualstudio.code/data/vscode/extensions/uqbar.wollok-lsp-ide-0.5.3/out/server/src/server.js:3:158104)\n    at /home/publico/.var/app/com.visualstudio.code/data/vscode/extensions/uqbar.wollok-lsp-ide-0.5.3/out/server/src/server.js:37:57871\n    at Zr (/home/publico/.var/app/com.visualstudio.code/data/vscode/extensions/uqbar.wollok-lsp-ide-0.5.3/out/server/src/server.js:8:1561)","timestamp":"2025-10-22T15:33:21.703Z"}
{"level":"error","message":"✘ Failed to rebuild document Failed to parse src/gimnasia.wtest: \n-- PARSING FAILED --------------------------------------------------\n\nGot the end of the input\n\nExpected one of the following: \n\n' ', '@', 'const', 'method', 'only', 'override', 'test', 'var', '{', '}', any character/byte, comment, whitespace\n","stack":"Error: Failed to parse src/gimnasia.wtest: \n-- PARSING FAILED --------------------------------------------------\n\nGot the end of the input\n\nExpected one of the following: \n\n' ', '@', 'const', 'method', 'only', 'override', 'test', 'var', '{', '}', any character/byte, comment, whitespace\n\n    at /home/publico/.var/app/com.visualstudio.code/data/vscode/extensions/uqbar.wollok-lsp-ide-0.5.3/out/server/src/server.js:2348:13026\n    at Array.map (<anonymous>)\n    at W1n (/home/publico/.var/app/com.visualstudio.code/data/vscode/extensions/uqbar.wollok-lsp-ide-0.5.3/out/server/src/server.js:2348:12950)\n    at U2.buildEnvironmentFrom (/home/publico/.var/app/com.visualstudio.code/data/vscode/extensions/uqbar.wollok-lsp-ide-0.5.3/out/server/src/server.js:2393:5254)\n    at U2.updateEnvironmentWith (/home/publico/.var/app/com.visualstudio.code/data/vscode/extensions/uqbar.wollok-lsp-ide-0.5.3/out/server/src/server.js:2393:4989)\n    at JF (/home/publico/.var/app/com.visualstudio.code/data/vscode/extensions/uqbar.wollok-lsp-ide-0.5.3/out/server/src/server.js:2393:7383)\n    at F3.invoke (/home/publico/.var/app/com.visualstudio.code/data/vscode/extensions/uqbar.wollok-lsp-ide-0.5.3/out/server/src/server.js:3:157334)\n    at o.fire (/home/publico/.var/app/com.visualstudio.code/data/vscode/extensions/uqbar.wollok-lsp-ide-0.5.3/out/server/src/server.js:3:158104)\n    at /home/publico/.var/app/com.visualstudio.code/data/vscode/extensions/uqbar.wollok-lsp-ide-0.5.3/out/server/src/server.js:37:57871\n    at Zr (/home/publico/.var/app/com.visualstudio.code/data/vscode/extensions/uqbar.wollok-lsp-ide-0.5.3/out/server/src/server.js:8:1561)","timestamp":"2025-10-22T15:33:21.896Z"}
{"level":"error","message":"✘ Failed to rebuild document Failed to parse src/gimnasia.wtest: \n-- PARSING FAILED --------------------------------------------------\n\nGot the end of the input\n\nExpected one of the following: \n\n' ', '@', 'const', 'method', 'only', 'override', 'test', 'var', '{', '}', any character/byte, comment, whitespace\n","stack":"Error: Failed to parse src/gimnasia.wtest: \n-- PARSING FAILED --------------------------------------------------\n\nGot the end of the input\n\nExpected one of the following: \n\n' ', '@', 'const', 'method', 'only', 'override', 'test', 'var', '{', '}', any character/byte, comment, whitespace\n\n    at /home/publico/.var/app/com.visualstudio.code/data/vscode/extensions/uqbar.wollok-lsp-ide-0.5.3/out/server/src/server.js:2348:13026\n    at Array.map (<anonymous>)\n    at W1n (/home/publico/.var/app/com.visualstudio.code/data/vscode/extensions/uqbar.wollok-lsp-ide-0.5.3/out/server/src/server.js:2348:12950)\n    at U2.buildEnvironmentFrom (/home/publico/.var/app/com.visualstudio.code/data/vscode/extensions/uqbar.wollok-lsp-ide-0.5.3/out/server/src/server.js:2393:5254)\n    at U2.updateEnvironmentWith (/home/publico/.var/app/com.visualstudio.code/data/vscode/extensions/uqbar.wollok-lsp-ide-0.5.3/out/server/src/server.js:2393:4989)\n    at JF (/home/publico/.var/app/com.visualstudio.code/data/vscode/extensions/uqbar.wollok-lsp-ide-0.5.3/out/server/src/server.js:2393:7383)\n    at F3.invoke (/home/publico/.var/app/com.visualstudio.code/data/vscode/extensions/uqbar.wollok-lsp-ide-0.5.3/out/server/src/server.js:3:157334)\n    at o.fire (/home/publico/.var/app/com.visualstudio.code/data/vscode/extensions/uqbar.wollok-lsp-ide-0.5.3/out/server/src/server.js:3:158104)\n    at /home/publico/.var/app/com.visualstudio.code/data/vscode/extensions/uqbar.wollok-lsp-ide-0.5.3/out/server/src/server.js:37:57871\n    at Zr (/home/publico/.var/app/com.visualstudio.code/data/vscode/extensions/uqbar.wollok-lsp-ide-0.5.3/out/server/src/server.js:8:1561)","timestamp":"2025-10-22T15:33:22.413Z"}
{"level":"error","message":"✘ Failed to rebuild document Failed to parse src/gimnasia.wtest: \n-- PARSING FAILED --------------------------------------------------\n\nGot the end of the input\n\nExpected one of the following: \n\n' ', '@', 'const', 'method', 'only', 'override', 'test', 'var', '{', '}', any character/byte, comment, whitespace\n","stack":"Error: Failed to parse src/gimnasia.wtest: \n-- PARSING FAILED --------------------------------------------------\n\nGot the end of the input\n\nExpected one of the following: \n\n' ', '@', 'const', 'method', 'only', 'override', 'test', 'var', '{', '}', any character/byte, comment, whitespace\n\n    at /home/publico/.var/app/com.visualstudio.code/data/vscode/extensions/uqbar.wollok-lsp-ide-0.5.3/out/server/src/server.js:2348:13026\n    at Array.map (<anonymous>)\n    at W1n (/home/publico/.var/app/com.visualstudio.code/data/vscode/extensions/uqbar.wollok-lsp-ide-0.5.3/out/server/src/server.js:2348:12950)\n    at U2.buildEnvironmentFrom (/home/publico/.var/app/com.visualstudio.code/data/vscode/extensions/uqbar.wollok-lsp-ide-0.5.3/out/server/src/server.js:2393:5254)\n    at U2.updateEnvironmentWith (/home/publico/.var/app/com.visualstudio.code/data/vscode/extensions/uqbar.wollok-lsp-ide-0.5.3/out/server/src/server.js:2393:4989)\n    at JF (/home/publico/.var/app/com.visualstudio.code/data/vscode/extensions/uqbar.wollok-lsp-ide-0.5.3/out/server/src/server.js:2393:7383)\n    at F3.invoke (/home/publico/.var/app/com.visualstudio.code/data/vscode/extensions/uqbar.wollok-lsp-ide-0.5.3/out/server/src/server.js:3:157334)\n    at o.fire (/home/publico/.var/app/com.visualstudio.code/data/vscode/extensions/uqbar.wollok-lsp-ide-0.5.3/out/server/src/server.js:3:158104)\n    at /home/publico/.var/app/com.visualstudio.code/data/vscode/extensions/uqbar.wollok-lsp-ide-0.5.3/out/server/src/server.js:37:57871\n    at Zr (/home/publico/.var/app/com.visualstudio.code/data/vscode/extensions/uqbar.wollok-lsp-ide-0.5.3/out/server/src/server.js:8:1561)","timestamp":"2025-10-22T15:33:22.975Z"}
{"level":"info","message":"⌛ Building environment","timeElapsed":157,"timestamp":"2025-10-22T15:33:23.790Z"}
{"level":"info","message":"⌛ Validating src/gimnasia.wtest","timeElapsed":119,"timestamp":"2025-10-22T15:33:23.910Z"}
{"level":"info","message":"⌛ Building environment","timeElapsed":117,"timestamp":"2025-10-22T15:33:24.028Z"}
{"level":"info","message":"⌛ Building environment","timeElapsed":119,"timestamp":"2025-10-22T15:33:50.810Z"}
{"level":"info","message":"⌛ Validating src/gimnasia.wtest","timeElapsed":105,"timestamp":"2025-10-22T15:33:50.916Z"}
{"level":"info","message":"⌛ Building environment","timeElapsed":146,"timestamp":"2025-10-22T15:33:51.888Z"}
{"level":"info","message":"⌛ Building environment","timeElapsed":119,"timestamp":"2025-10-22T15:33:52.154Z"}
{"level":"info","message":"⌛ Building environment","timeElapsed":170,"timestamp":"2025-10-22T15:33:52.326Z"}
{"level":"info","message":"⌛ Validating src/gimnasia.wtest","timeElapsed":140,"timestamp":"2025-10-22T15:33:52.467Z"}
{"level":"info","message":"⌛ Building environment","timeElapsed":197,"timestamp":"2025-10-22T15:33:52.665Z"}
{"level":"info","message":"⌛ Validating src/gimnasia.wtest","timeElapsed":103,"timestamp":"2025-10-22T15:33:52.769Z"}
{"level":"info","message":"⌛ Building environment","timeElapsed":122,"timestamp":"2025-10-22T15:33:52.892Z"}
{"level":"info","message":"⌛ Building environment","timeElapsed":153,"timestamp":"2025-10-22T15:33:53.045Z"}
{"level":"info","message":"⌛ Building environment","timeElapsed":190,"timestamp":"2025-10-22T15:33:53.237Z"}
{"level":"info","message":"⌛ Validating src/gimnasia.wtest","timeElapsed":109,"timestamp":"2025-10-22T15:33:53.348Z"}
{"level":"info","message":"⌛ Building environment","timeElapsed":174,"timestamp":"2025-10-22T15:33:53.726Z"}
{"level":"info","message":"⌛ Building environment","timeElapsed":160,"timestamp":"2025-10-22T15:34:02.278Z"}
{"level":"info","message":"⌛ Validating src/gimnasia.wtest","timeElapsed":150,"timestamp":"2025-10-22T15:34:02.474Z"}
{"level":"info","message":"⌛ Building environment","timeElapsed":185,"timestamp":"2025-10-22T15:34:03.404Z"}
{"level":"info","message":"⌛ Building environment","timeElapsed":164,"timestamp":"2025-10-22T15:34:03.570Z"}
{"level":"info","message":"⌛ Validating src/gimnasia.wtest","timeElapsed":129,"timestamp":"2025-10-22T15:34:03.701Z"}
{"level":"info","message":"⌛ Building environment","timeElapsed":142,"timestamp":"2025-10-22T15:34:03.842Z"}
{"level":"info","message":"⌛ Building environment","timeElapsed":148,"timestamp":"2025-10-22T15:34:03.991Z"}
{"level":"info","message":"⌛ Validating src/gimnasia.wtest","timeElapsed":110,"timestamp":"2025-10-22T15:34:04.104Z"}
{"level":"info","message":"⌛ Building environment","timeElapsed":154,"timestamp":"2025-10-22T15:34:04.340Z"}
{"level":"info","message":"⌛ Validating src/gimnasia.wtest","timeElapsed":106,"timestamp":"2025-10-22T15:34:04.447Z"}
{"level":"info","message":"⌛ Building environment","timeElapsed":117,"timestamp":"2025-10-22T15:34:05.437Z"}
{"level":"error","message":"✘ Completions for node Send ([53:3, 53:27] - src/gimnasia.wtest) failed: Error: [Send]{e9228e} at src/gimnasia.wtest:53 exhausted all cases without a match [Send]{e9228e} at src/gimnasia.wtest:53 exhausted all cases without a match","stack":"Error: [Send]{e9228e} at src/gimnasia.wtest:53 exhausted all cases without a match\n    at /home/publico/.var/app/com.visualstudio.code/data/vscode/extensions/uqbar.wollok-lsp-ide-0.5.3/out/server/src/server.js:38:6142\n    at D2 (/home/publico/.var/app/com.visualstudio.code/data/vscode/extensions/uqbar.wollok-lsp-ide-0.5.3/out/server/src/server.js:2384:42)\n    at Qh (/home/publico/.var/app/com.visualstudio.code/data/vscode/extensions/uqbar.wollok-lsp-ide-0.5.3/out/server/src/server.js:2384:1092)\n    at k6n (/home/publico/.var/app/com.visualstudio.code/data/vscode/extensions/uqbar.wollok-lsp-ide-0.5.3/out/server/src/server.js:2384:1248)\n    at /home/publico/.var/app/com.visualstudio.code/data/vscode/extensions/uqbar.wollok-lsp-ide-0.5.3/out/server/src/server.js:38:6131\n    at D2 (/home/publico/.var/app/com.visualstudio.code/data/vscode/extensions/uqbar.wollok-lsp-ide-0.5.3/out/server/src/server.js:2384:42)\n    at /home/publico/.var/app/com.visualstudio.code/data/vscode/extensions/uqbar.wollok-lsp-ide-0.5.3/out/server/src/server.js:2384:2988\n    at /home/publico/.var/app/com.visualstudio.code/data/vscode/extensions/uqbar.wollok-lsp-ide-0.5.3/out/server/src/server.js:2393:8440\n    at /home/publico/.var/app/com.visualstudio.code/data/vscode/extensions/uqbar.wollok-lsp-ide-0.5.3/out/server/src/server.js:37:74872\n    at Ye (/home/publico/.var/app/com.visualstudio.code/data/vscode/extensions/uqbar.wollok-lsp-ide-0.5.3/out/server/src/server.js:7:8527)","timestamp":"2025-10-22T15:34:05.480Z"}
{"level":"info","message":"⌛ Building environment","timeElapsed":146,"timestamp":"2025-10-22T15:34:05.728Z"}
{"level":"info","message":"⌛ Building environment","timeElapsed":159,"timestamp":"2025-10-22T15:34:05.888Z"}
{"level":"info","message":"⌛ Building environment","timeElapsed":168,"timestamp":"2025-10-22T15:34:06.058Z"}
{"level":"info","message":"⌛ Validating src/gimnasia.wtest","timeElapsed":112,"timestamp":"2025-10-22T15:34:06.170Z"}
{"level":"info","message":"⌛ Building environment","timeElapsed":207,"timestamp":"2025-10-22T15:34:06.379Z"}
{"level":"info","message":"⌛ Validating src/gimnasia.wtest","timeElapsed":120,"timestamp":"2025-10-22T15:34:06.502Z"}
{"level":"info","message":"⌛ Building environment","timeElapsed":124,"timestamp":"2025-10-22T15:34:06.710Z"}
{"level":"info","message":"⌛ Building environment","timeElapsed":160,"timestamp":"2025-10-22T15:34:08.315Z"}
{"level":"info","message":"⌛ Building environment","timeElapsed":151,"timestamp":"2025-10-22T15:34:08.690Z"}
{"level":"info","message":"⌛ Building environment","timeElapsed":136,"timestamp":"2025-10-22T15:34:08.869Z"}
{"level":"info","message":"⌛ Validating src/gimnasia.wtest","timeElapsed":113,"timestamp":"2025-10-22T15:34:08.983Z"}
{"level":"info","message":"⌛ Building environment","timeElapsed":204,"timestamp":"2025-10-22T15:34:09.189Z"}
{"level":"info","message":"⌛ Building environment","timeElapsed":129,"timestamp":"2025-10-22T15:34:09.513Z"}
{"level":"info","message":"⌛ Validating src/gimnasia.wtest","timeElapsed":117,"timestamp":"2025-10-22T15:34:09.632Z"}
{"level":"info","message":"⌛ Building environment","timeElapsed":131,"timestamp":"2025-10-22T15:34:09.764Z"}
{"level":"info","message":"⌛ Validating src/gimnasia.wtest","timeElapsed":158,"timestamp":"2025-10-22T15:34:09.924Z"}
{"level":"info","message":"⌛ Building environment","timeElapsed":108,"timestamp":"2025-10-22T15:34:10.032Z"}
{"level":"info","message":"⌛ Building environment","timeElapsed":136,"timestamp":"2025-10-22T15:34:10.168Z"}
{"level":"info","message":"⌛ Building environment","timeElapsed":114,"timestamp":"2025-10-22T15:34:10.462Z"}
{"level":"info","message":"⌛ Building environment","timeElapsed":103,"timestamp":"2025-10-22T15:34:10.665Z"}
{"level":"info","message":"⌛ Building environment","timeElapsed":139,"timestamp":"2025-10-22T15:34:11.812Z"}
{"level":"info","message":"⌛ Validating src/gimnasia.wtest","timeElapsed":121,"timestamp":"2025-10-22T15:34:11.936Z"}
{"level":"info","message":"⌛ Building environment","timeElapsed":145,"timestamp":"2025-10-22T15:34:12.082Z"}
{"level":"info","message":"⌛ Building environment","timeElapsed":135,"timestamp":"2025-10-22T15:34:12.255Z"}
{"level":"info","message":"⌛ Building environment","timeElapsed":110,"timestamp":"2025-10-22T15:34:12.466Z"}
{"level":"info","message":"⌛ Validating src/gimnasia.wtest","timeElapsed":102,"timestamp":"2025-10-22T15:34:12.568Z"}
{"level":"info","message":"⌛ Building environment","timeElapsed":155,"timestamp":"2025-10-22T15:34:13.652Z"}
{"level":"info","message":"⌛ Validating src/gimnasia.wtest","timeElapsed":107,"timestamp":"2025-10-22T15:34:13.761Z"}
{"level":"info","message":"⌛ Building environment","timeElapsed":121,"timestamp":"2025-10-22T15:34:16.334Z"}
{"level":"info","message":"⌛ Validating src/gimnasia.wtest","timeElapsed":102,"timestamp":"2025-10-22T15:34:16.438Z"}
{"level":"info","message":"⌛ Building environment","timeElapsed":157,"timestamp":"2025-10-22T15:34:16.729Z"}
{"level":"info","message":"⌛ Validating src/gimnasia.wtest","timeElapsed":104,"timestamp":"2025-10-22T15:34:16.834Z"}
{"level":"info","message":"⌛ Building environment","timeElapsed":141,"timestamp":"2025-10-22T15:34:17.250Z"}
{"level":"info","message":"⌛ Validating src/gimnasia.wtest","timeElapsed":168,"timestamp":"2025-10-22T15:34:17.451Z"}
{"level":"info","message":"⌛ Building environment","timeElapsed":137,"timestamp":"2025-10-22T15:34:18.652Z"}
{"level":"info","message":"⌛ Validating src/gimnasia.wtest","timeElapsed":117,"timestamp":"2025-10-22T15:34:18.773Z"}
{"level":"info","message":"⌛ Building environment","timeElapsed":163,"timestamp":"2025-10-22T15:34:20.450Z"}
{"level":"info","message":"⌛ Validating src/gimnasia.wtest","timeElapsed":118,"timestamp":"2025-10-22T15:34:20.573Z"}
{"level":"info","message":"⌛ Building environment","timeElapsed":135,"timestamp":"2025-10-22T15:34:20.720Z"}
{"level":"info","message":"⌛ Building environment","timeElapsed":165,"timestamp":"2025-10-22T15:34:24.640Z"}
{"level":"error","message":"✘ Completions for node Send ([54:3, 54:27] - src/gimnasia.wtest) failed: Error: [Send]{309d56} at src/gimnasia.wtest:54 exhausted all cases without a match [Send]{309d56} at src/gimnasia.wtest:54 exhausted all cases without a match","stack":"Error: [Send]{309d56} at src/gimnasia.wtest:54 exhausted all cases without a match\n    at /home/publico/.var/app/com.visualstudio.code/data/vscode/extensions/uqbar.wollok-lsp-ide-0.5.3/out/server/src/server.js:38:6142\n    at D2 (/home/publico/.var/app/com.visualstudio.code/data/vscode/extensions/uqbar.wollok-lsp-ide-0.5.3/out/server/src/server.js:2384:42)\n    at Qh (/home/publico/.var/app/com.visualstudio.code/data/vscode/extensions/uqbar.wollok-lsp-ide-0.5.3/out/server/src/server.js:2384:1092)\n    at k6n (/home/publico/.var/app/com.visualstudio.code/data/vscode/extensions/uqbar.wollok-lsp-ide-0.5.3/out/server/src/server.js:2384:1248)\n    at /home/publico/.var/app/com.visualstudio.code/data/vscode/extensions/uqbar.wollok-lsp-ide-0.5.3/out/server/src/server.js:38:6131\n    at D2 (/home/publico/.var/app/com.visualstudio.code/data/vscode/extensions/uqbar.wollok-lsp-ide-0.5.3/out/server/src/server.js:2384:42)\n    at /home/publico/.var/app/com.visualstudio.code/data/vscode/extensions/uqbar.wollok-lsp-ide-0.5.3/out/server/src/server.js:2384:2988\n    at /home/publico/.var/app/com.visualstudio.code/data/vscode/extensions/uqbar.wollok-lsp-ide-0.5.3/out/server/src/server.js:2393:8440\n    at /home/publico/.var/app/com.visualstudio.code/data/vscode/extensions/uqbar.wollok-lsp-ide-0.5.3/out/server/src/server.js:37:74872\n    at Ye (/home/publico/.var/app/com.visualstudio.code/data/vscode/extensions/uqbar.wollok-lsp-ide-0.5.3/out/server/src/server.js:7:8527)","timestamp":"2025-10-22T15:34:24.680Z"}
{"level":"info","message":"⌛ Building environment","timeElapsed":144,"timestamp":"2025-10-22T15:34:24.828Z"}
{"level":"info","message":"⌛ Validating src/gimnasia.wtest","timeElapsed":127,"timestamp":"2025-10-22T15:34:24.955Z"}
{"level":"info","message":"⌛ Building environment","timeElapsed":132,"timestamp":"2025-10-22T15:34:25.088Z"}
{"level":"info","message":"⌛ Building environment","timeElapsed":184,"timestamp":"2025-10-22T15:34:25.273Z"}
{"level":"info","message":"⌛ Building environment","timeElapsed":209,"timestamp":"2025-10-22T15:34:25.584Z"}
{"level":"info","message":"⌛ Building environment","timeElapsed":145,"timestamp":"2025-10-22T15:34:25.730Z"}
{"level":"info","message":"⌛ Validating src/gimnasia.wtest","timeElapsed":114,"timestamp":"2025-10-22T15:34:25.845Z"}
{"level":"info","message":"⌛ Building environment","timeElapsed":115,"timestamp":"2025-10-22T15:34:25.961Z"}
{"level":"info","message":"⌛ Validating src/gimnasia.wtest","timeElapsed":105,"timestamp":"2025-10-22T15:34:26.066Z"}
{"level":"info","message":"⌛ Validating src/gimnasia.wtest","timeElapsed":125,"timestamp":"2025-10-22T15:34:26.211Z"}
{"level":"info","message":"⌛ Building environment","timeElapsed":160,"timestamp":"2025-10-22T15:34:26.371Z"}
{"level":"info","message":"⌛ Building environment","timeElapsed":114,"timestamp":"2025-10-22T15:34:26.599Z"}
{"level":"info","message":"⌛ Building environment","timeElapsed":163,"timestamp":"2025-10-22T15:34:26.763Z"}
{"level":"info","message":"⌛ Validating src/gimnasia.wtest","timeElapsed":129,"timestamp":"2025-10-22T15:34:26.893Z"}
{"level":"info","message":"⌛ Building environment","timeElapsed":220,"timestamp":"2025-10-22T15:34:27.115Z"}
{"level":"info","message":"⌛ Building environment","timeElapsed":120,"timestamp":"2025-10-22T15:34:27.254Z"}
{"level":"info","message":"⌛ Building environment","timeElapsed":187,"timestamp":"2025-10-22T15:34:33.467Z"}
{"level":"info","message":"⌛ Building environment","timeElapsed":194,"timestamp":"2025-10-22T15:34:33.663Z"}
{"level":"info","message":"⌛ Validating src/gimnasia.wtest","timeElapsed":109,"timestamp":"2025-10-22T15:34:33.772Z"}
{"level":"info","message":"🧪 Test runner executed on /home/publico/Escritorio/obj/2025c2s2-herencia-rutinas-rodriguezlucas763","result":{"errored":0,"failed":1,"ok":0},"testsFailed":[{"error":["wollok.lib.AssertionException: Expected <59.871> but found <59.872>","  at src.gimnasia.\"rutinas\".\"2.1.2 test sedentario maraton\" [src/gimnasia.wtest:54]"],"test":"src.gimnasia.\"rutinas\".\"2.1.2 test sedentario maraton\""}],"timeElapsed":772,"timestamp":"2025-10-22T15:34:38.799Z"}
{"level":"info","message":"⌛ Building environment","timeElapsed":121,"timestamp":"2025-10-22T15:34:49.055Z"}
{"level":"info","message":"⌛ Building environment","timeElapsed":171,"timestamp":"2025-10-22T15:34:49.503Z"}
{"level":"info","message":"⌛ Validating src/gimnasia.wtest","timeElapsed":105,"timestamp":"2025-10-22T15:34:49.612Z"}
{"level":"info","message":"⌛ Building environment","timeElapsed":142,"timestamp":"2025-10-22T15:36:16.449Z"}
{"level":"info","message":"⌛ Validating src/persona.wlk","timeElapsed":108,"timestamp":"2025-10-22T15:36:16.560Z"}
{"level":"info","message":"🧪 Test runner executed on /home/publico/Escritorio/obj/2025c2s2-herencia-rutinas-rodriguezlucas763","result":{"errored":0,"failed":1,"ok":0},"testsFailed":[{"error":["wollok.lib.AssertionException: Expected <59.948> but found <59.94857>","  at src.gimnasia.\"rutinas\".\"2.1.1 test sedentario running\" [src/gimnasia.wtest:49]"],"test":"src.gimnasia.\"rutinas\".\"2.1.1 test sedentario running\""}],"timeElapsed":656,"timestamp":"2025-10-22T15:36:23.668Z"}
{"level":"info","message":"⌛ Building environment","timeElapsed":145,"timestamp":"2025-10-22T15:37:24.445Z"}
{"level":"info","message":"⌛ Building environment","timeElapsed":161,"timestamp":"2025-10-22T15:37:25.127Z"}
{"level":"info","message":"⌛ Validating src/persona.wlk","timeElapsed":125,"timestamp":"2025-10-22T15:37:25.255Z"}
{"level":"info","message":"⌛ Building environment","timeElapsed":139,"timestamp":"2025-10-22T15:37:25.395Z"}
{"level":"info","message":"⌛ Building environment","timeElapsed":178,"timestamp":"2025-10-22T15:37:25.575Z"}
{"level":"info","message":"⌛ Validating src/persona.wlk","timeElapsed":132,"timestamp":"2025-10-22T15:37:25.710Z"}
{"level":"info","message":"⌛ Building environment","timeElapsed":156,"timestamp":"2025-10-22T15:37:25.867Z"}
{"level":"info","message":"⌛ Building environment","timeElapsed":113,"timestamp":"2025-10-22T15:37:26.076Z"}
{"level":"info","message":"⌛ Building environment","timeElapsed":154,"timestamp":"2025-10-22T15:37:26.232Z"}
{"level":"info","message":"⌛ Validating src/persona.wlk","timeElapsed":104,"timestamp":"2025-10-22T15:37:26.338Z"}
{"level":"info","message":"⌛ Building environment","timeElapsed":178,"timestamp":"2025-10-22T15:37:26.517Z"}
{"level":"info","message":"⌛ Building environment","timeElapsed":120,"timestamp":"2025-10-22T15:37:26.739Z"}
{"level":"info","message":"⌛ Building environment","timeElapsed":136,"timestamp":"2025-10-22T15:37:29.007Z"}
{"level":"info","message":"⌛ Validating src/persona.wlk","timeElapsed":104,"timestamp":"2025-10-22T15:37:29.113Z"}
{"level":"info","message":"⌛ Building environment","timeElapsed":127,"timestamp":"2025-10-22T15:37:29.423Z"}
{"level":"info","message":"⌛ Validating src/persona.wlk","timeElapsed":101,"timestamp":"2025-10-22T15:37:29.524Z"}
{"level":"info","message":"🧪 Test runner executed on /home/publico/Escritorio/obj/2025c2s2-herencia-rutinas-rodriguezlucas763","result":{"errored":0,"failed":1,"ok":0},"testsFailed":[{"error":["wollok.lib.AssertionException: Expected <59.948> but found <59.949>","  at src.gimnasia.\"rutinas\".\"2.1.1 test sedentario running\" [src/gimnasia.wtest:49]"],"test":"src.gimnasia.\"rutinas\".\"2.1.1 test sedentario running\""}],"timeElapsed":667,"timestamp":"2025-10-22T15:37:37.496Z"}
{"level":"info","message":"⌛ Building environment","timeElapsed":108,"timestamp":"2025-10-22T15:37:56.574Z"}
{"level":"info","message":"⌛ Validating src/persona.wlk","timeElapsed":105,"timestamp":"2025-10-22T15:37:56.682Z"}
{"level":"info","message":"⌛ Building environment","timeElapsed":125,"timestamp":"2025-10-22T15:37:58.670Z"}
{"level":"info","message":"⌛ Validating src/persona.wlk","timeElapsed":115,"timestamp":"2025-10-22T15:37:58.786Z"}
{"level":"info","message":"⌛ Building environment","timeElapsed":150,"timestamp":"2025-10-22T15:39:40.936Z"}
{"level":"info","message":"⌛ Validating src/persona.wlk","timeElapsed":168,"timestamp":"2025-10-22T15:39:41.153Z"}
{"level":"info","message":"⌛ Building environment","timeElapsed":135,"timestamp":"2025-10-22T15:39:41.291Z"}
{"level":"info","message":"⌛ Building environment","timeElapsed":105,"timestamp":"2025-10-22T15:39:42.476Z"}
{"level":"info","message":"⌛ Building environment","timeElapsed":133,"timestamp":"2025-10-22T15:39:42.946Z"}
{"level":"info","message":"⌛ Validating src/persona.wlk","timeElapsed":113,"timestamp":"2025-10-22T15:39:43.060Z"}
{"level":"info","message":"⌛ Building environment","timeElapsed":198,"timestamp":"2025-10-22T15:39:43.261Z"}
{"level":"info","message":"⌛ Validating src/persona.wlk","timeElapsed":102,"timestamp":"2025-10-22T15:39:43.365Z"}
{"level":"info","message":"⌛ Building environment","timeElapsed":104,"timestamp":"2025-10-22T15:39:45.058Z"}
{"level":"info","message":"⌛ Validating src/persona.wlk","timeElapsed":101,"timestamp":"2025-10-22T15:39:45.160Z"}
{"level":"info","message":"🧪 Test runner executed on /home/publico/Escritorio/obj/2025c2s2-herencia-rutinas-rodriguezlucas763","result":{"errored":2,"failed":0,"ok":4},"testsFailed":[{"error":["wollok.lang.MessageNotUnderstoodException: 0.05143 does not understand roundDown(arg 0)","  at src.persona.Persona.pesoPerdidoConRutina(rutina) [src/persona.wlk:12]","  at If [src/persona.wlk:26]","  at src.persona.PersonaSedentaria.hacerRutina(rutina) [src/persona.wlk:25]","  at src.gimnasia.\"rutinas\".\"2.1.1 test sedentario running\" [src/gimnasia.wtest:48]"],"test":"src.gimnasia.\"rutinas\".\"2.1.1 test sedentario running\""},{"error":["wollok.lang.MessageNotUnderstoodException: 0.12857 does not understand roundDown(arg 0)","  at src.persona.Persona.pesoPerdidoConRutina(rutina) [src/persona.wlk:12]","  at If [src/persona.wlk:26]","  at src.persona.PersonaSedentaria.hacerRutina(rutina) [src/persona.wlk:25]","  at src.gimnasia.\"rutinas\".\"2.1.2 test sedentario maraton\" [src/gimnasia.wtest:53]"],"test":"src.gimnasia.\"rutinas\".\"2.1.2 test sedentario maraton\""}],"timeElapsed":774,"timestamp":"2025-10-22T15:40:00.033Z"}
{"level":"info","message":"⌛ Building environment","timeElapsed":159,"timestamp":"2025-10-22T15:40:49.932Z"}
{"level":"info","message":"⌛ Building environment","timeElapsed":235,"timestamp":"2025-10-22T15:40:50.170Z"}
{"level":"info","message":"⌛ Validating src/persona.wlk","timeElapsed":103,"timestamp":"2025-10-22T15:40:50.274Z"}
{"level":"info","message":"🧪 Test runner executed on /home/publico/Escritorio/obj/2025c2s2-herencia-rutinas-rodriguezlucas763","result":{"errored":2,"failed":0,"ok":4},"testsFailed":[{"error":["wollok.lang.MessageNotUnderstoodException: 0.05143 does not understand roundDown(arg 0)","  at src.persona.Persona.pesoPerdidoConRutina(rutina) [src/persona.wlk:12]","  at If [src/persona.wlk:26]","  at src.persona.PersonaSedentaria.hacerRutina(rutina) [src/persona.wlk:25]","  at src.gimnasia.\"rutinas\".\"2.1.1 test sedentario running\" [src/gimnasia.wtest:48]"],"test":"src.gimnasia.\"rutinas\".\"2.1.1 test sedentario running\""},{"error":["wollok.lang.MessageNotUnderstoodException: 0.12857 does not understand roundDown(arg 0)","  at src.persona.Persona.pesoPerdidoConRutina(rutina) [src/persona.wlk:12]","  at If [src/persona.wlk:26]","  at src.persona.PersonaSedentaria.hacerRutina(rutina) [src/persona.wlk:25]","  at src.gimnasia.\"rutinas\".\"2.1.2 test sedentario maraton\" [src/gimnasia.wtest:53]"],"test":"src.gimnasia.\"rutinas\".\"2.1.2 test sedentario maraton\""}],"timeElapsed":710,"timestamp":"2025-10-22T15:41:03.048Z"}
{"level":"info","message":"⌛ Building environment","timeElapsed":153,"timestamp":"2025-10-22T15:41:18.370Z"}
{"level":"info","message":"⌛ Building environment","timeElapsed":186,"timestamp":"2025-10-22T15:41:18.689Z"}
{"level":"info","message":"⌛ Building environment","timeElapsed":148,"timestamp":"2025-10-22T15:41:18.885Z"}
{"level":"info","message":"⌛ Validating src/persona.wlk","timeElapsed":134,"timestamp":"2025-10-22T15:41:19.020Z"}
{"level":"info","message":"⌛ Building environment","timeElapsed":146,"timestamp":"2025-10-22T15:41:19.167Z"}
{"level":"info","message":"⌛ Building environment","timeElapsed":124,"timestamp":"2025-10-22T15:41:19.310Z"}
{"level":"info","message":"⌛ Building environment","timeElapsed":146,"timestamp":"2025-10-22T15:41:19.586Z"}
{"level":"info","message":"⌛ Building environment","timeElapsed":203,"timestamp":"2025-10-22T15:41:19.791Z"}
{"level":"info","message":"⌛ Building environment","timeElapsed":140,"timestamp":"2025-10-22T15:41:20.029Z"}
{"level":"info","message":"⌛ Building environment","timeElapsed":141,"timestamp":"2025-10-22T15:41:20.520Z"}
{"level":"info","message":"⌛ Building environment","timeElapsed":102,"timestamp":"2025-10-22T15:41:20.719Z"}
{"level":"info","message":"🧪 Test runner executed on /home/publico/Escritorio/obj/2025c2s2-herencia-rutinas-rodriguezlucas763","result":{"errored":0,"failed":2,"ok":4},"testsFailed":[{"error":["wollok.lib.AssertionException: Expected <59.948> but found <59.949>","  at src.gimnasia.\"rutinas\".\"2.1.1 test sedentario running\" [src/gimnasia.wtest:49]"],"test":"src.gimnasia.\"rutinas\".\"2.1.1 test sedentario running\""},{"error":["wollok.lib.AssertionException: Expected <59.871> but found <59.872>","  at src.gimnasia.\"rutinas\".\"2.1.2 test sedentario maraton\" [src/gimnasia.wtest:54]"],"test":"src.gimnasia.\"rutinas\".\"2.1.2 test sedentario maraton\""}],"timeElapsed":665,"timestamp":"2025-10-22T15:41:27.575Z"}
{"level":"info","message":"🧪 Test runner executed on /home/publico/Escritorio/obj/2025c2s2-herencia-rutinas-rodriguezlucas763","result":{"errored":0,"failed":2,"ok":4},"testsFailed":[{"error":["wollok.lib.AssertionException: Expected <59.948> but found <59.949>","  at src.gimnasia.\"rutinas\".\"2.1.1 test sedentario running\" [src/gimnasia.wtest:49]"],"test":"src.gimnasia.\"rutinas\".\"2.1.1 test sedentario running\""},{"error":["wollok.lib.AssertionException: Expected <59.871> but found <59.872>","  at src.gimnasia.\"rutinas\".\"2.1.2 test sedentario maraton\" [src/gimnasia.wtest:54]"],"test":"src.gimnasia.\"rutinas\".\"2.1.2 test sedentario maraton\""}],"timeElapsed":831,"timestamp":"2025-10-22T15:42:48.021Z"}
{"level":"info","message":"⌛ Building environment","timeElapsed":156,"timestamp":"2025-10-22T15:47:42.512Z"}
{"level":"info","message":"⌛ Validating src/persona.wlk","timeElapsed":112,"timestamp":"2025-10-22T15:47:42.627Z"}
{"level":"info","message":"🧪 Test runner executed on /home/publico/Escritorio/obj/2025c2s2-herencia-rutinas-rodriguezlucas763","result":{"errored":0,"failed":2,"ok":4},"testsFailed":[{"error":["wollok.lib.AssertionException: Expected <59.948> but found <59.94857>","  at src.gimnasia.\"rutinas\".\"2.1.1 test sedentario running\" [src/gimnasia.wtest:49]"],"test":"src.gimnasia.\"rutinas\".\"2.1.1 test sedentario running\""},{"error":["wollok.lib.AssertionException: Expected <59.871> but found <59.87143>","  at src.gimnasia.\"rutinas\".\"2.1.2 test sedentario maraton\" [src/gimnasia.wtest:54]"],"test":"src.gimnasia.\"rutinas\".\"2.1.2 test sedentario maraton\""}],"timeElapsed":710,"timestamp":"2025-10-22T15:47:51.169Z"}
{"level":"info","message":"⌛ Building environment","timeElapsed":280,"timestamp":"2025-10-23T19:24:17.166Z"}
{"level":"info","message":"⌛ Building environment","timeElapsed":153,"timestamp":"2025-10-23T19:24:17.322Z"}
{"level":"info","message":"⌛ Validating src/gimnasia.wtest","timeElapsed":280,"timestamp":"2025-10-23T19:24:17.613Z"}
{"level":"info","message":"⌛ Building environment","timeElapsed":119,"timestamp":"2025-10-23T19:24:17.734Z"}
{"level":"info","message":"⌛ Building environment","timeElapsed":131,"timestamp":"2025-10-23T19:24:17.876Z"}
{"level":"info","message":"⌛ Validating src/gimnasia.wtest","timeElapsed":232,"timestamp":"2025-10-23T19:24:18.115Z"}
{"level":"info","message":"⌛ Validating src/gimnasia.wtest","timeElapsed":191,"timestamp":"2025-10-23T19:24:18.306Z"}
{"level":"info","message":"⌛ Building environment","timeElapsed":132,"timestamp":"2025-10-23T19:24:20.229Z"}
{"level":"info","message":"⌛ Building environment","timeElapsed":111,"timestamp":"2025-10-23T19:24:20.341Z"}
{"level":"info","message":"⌛ Validating src/gimnasia.wlk","timeElapsed":208,"timestamp":"2025-10-23T19:24:20.576Z"}
{"level":"info","message":"⌛ Validating src/persona.wlk","timeElapsed":145,"timestamp":"2025-10-23T19:24:20.721Z"}
{"level":"info","message":"⌛ Validating src/gimnasia.wlk","timeElapsed":126,"timestamp":"2025-10-23T19:24:21.621Z"}
{"level":"info","message":"⌛ Building environment","timeElapsed":135,"timestamp":"2025-10-29T12:44:07.855Z"}
{"level":"info","message":"⌛ Validating src/gimnasia.wtest","timeElapsed":140,"timestamp":"2025-10-29T12:44:08.328Z"}
{"level":"info","message":"⌛ Building environment","timeElapsed":113,"timestamp":"2025-10-29T12:44:08.445Z"}
{"level":"info","message":"⌛ Validating src/persona.wlk","timeElapsed":235,"timestamp":"2025-10-29T12:44:08.802Z"}
{"level":"info","message":"⌛ Validating src/gimnasia.wtest","timeElapsed":147,"timestamp":"2025-10-29T12:44:09.051Z"}
{"level":"info","message":"⌛ Validating src/persona.wlk","timeElapsed":125,"timestamp":"2025-10-29T12:44:09.177Z"}
{"level":"error","message":"✘ Failed to rebuild document Failed to parse src/gimnasia.wtest: \n-- PARSING FAILED --------------------------------------------------\n\n  107 | //\t}\n  108 | \t\n> 109 | }\n      | ^\n\nExpected one of the following: \n\n'@', 'class', 'const', 'describe', 'mixin', 'object', 'only', 'package', 'program', 'test', 'var', '{', EOF, comment, not \"}\", whitespace\n","stack":"Error: Failed to parse src/gimnasia.wtest: \n-- PARSING FAILED --------------------------------------------------\n\n  107 | //\t}\n  108 | \t\n> 109 | }\n      | ^\n\nExpected one of the following: \n\n'@', 'class', 'const', 'describe', 'mixin', 'object', 'only', 'package', 'program', 'test', 'var', '{', EOF, comment, not \"}\", whitespace\n\n    at /home/publico/.var/app/com.visualstudio.code/data/vscode/extensions/uqbar.wollok-lsp-ide-0.5.3/out/server/src/server.js:2348:13026\n    at Array.map (<anonymous>)\n    at W1n (/home/publico/.var/app/com.visualstudio.code/data/vscode/extensions/uqbar.wollok-lsp-ide-0.5.3/out/server/src/server.js:2348:12950)\n    at U2.buildEnvironmentFrom (/home/publico/.var/app/com.visualstudio.code/data/vscode/extensions/uqbar.wollok-lsp-ide-0.5.3/out/server/src/server.js:2393:5254)\n    at U2.updateEnvironmentWith (/home/publico/.var/app/com.visualstudio.code/data/vscode/extensions/uqbar.wollok-lsp-ide-0.5.3/out/server/src/server.js:2393:4989)\n    at JF (/home/publico/.var/app/com.visualstudio.code/data/vscode/extensions/uqbar.wollok-lsp-ide-0.5.3/out/server/src/server.js:2393:7383)\n    at F3.invoke (/home/publico/.var/app/com.visualstudio.code/data/vscode/extensions/uqbar.wollok-lsp-ide-0.5.3/out/server/src/server.js:3:157334)\n    at o.fire (/home/publico/.var/app/com.visualstudio.code/data/vscode/extensions/uqbar.wollok-lsp-ide-0.5.3/out/server/src/server.js:3:158104)\n    at /home/publico/.var/app/com.visualstudio.code/data/vscode/extensions/uqbar.wollok-lsp-ide-0.5.3/out/server/src/server.js:37:57871\n    at Zr (/home/publico/.var/app/com.visualstudio.code/data/vscode/extensions/uqbar.wollok-lsp-ide-0.5.3/out/server/src/server.js:8:1561)","timestamp":"2025-10-29T12:49:03.137Z"}
{"level":"error","message":"✘ Failed to rebuild document Failed to parse src/gimnasia.wtest: \n-- PARSING FAILED --------------------------------------------------\n\n  107 | //\t}\n  108 | \t\n> 109 | }\n      | ^\n\nExpected one of the following: \n\n'@', 'class', 'const', 'describe', 'mixin', 'object', 'only', 'package', 'program', 'test', 'var', '{', EOF, comment, not \"}\", whitespace\n","stack":"Error: Failed to parse src/gimnasia.wtest: \n-- PARSING FAILED --------------------------------------------------\n\n  107 | //\t}\n  108 | \t\n> 109 | }\n      | ^\n\nExpected one of the following: \n\n'@', 'class', 'const', 'describe', 'mixin', 'object', 'only', 'package', 'program', 'test', 'var', '{', EOF, comment, not \"}\", whitespace\n\n    at /home/publico/.var/app/com.visualstudio.code/data/vscode/extensions/uqbar.wollok-lsp-ide-0.5.3/out/server/src/server.js:2348:13026\n    at Array.map (<anonymous>)\n    at W1n (/home/publico/.var/app/com.visualstudio.code/data/vscode/extensions/uqbar.wollok-lsp-ide-0.5.3/out/server/src/server.js:2348:12950)\n    at U2.buildEnvironmentFrom (/home/publico/.var/app/com.visualstudio.code/data/vscode/extensions/uqbar.wollok-lsp-ide-0.5.3/out/server/src/server.js:2393:5254)\n    at U2.updateEnvironmentWith (/home/publico/.var/app/com.visualstudio.code/data/vscode/extensions/uqbar.wollok-lsp-ide-0.5.3/out/server/src/server.js:2393:4989)\n    at JF (/home/publico/.var/app/com.visualstudio.code/data/vscode/extensions/uqbar.wollok-lsp-ide-0.5.3/out/server/src/server.js:2393:7383)\n    at F3.invoke (/home/publico/.var/app/com.visualstudio.code/data/vscode/extensions/uqbar.wollok-lsp-ide-0.5.3/out/server/src/server.js:3:157334)\n    at o.fire (/home/publico/.var/app/com.visualstudio.code/data/vscode/extensions/uqbar.wollok-lsp-ide-0.5.3/out/server/src/server.js:3:158104)\n    at /home/publico/.var/app/com.visualstudio.code/data/vscode/extensions/uqbar.wollok-lsp-ide-0.5.3/out/server/src/server.js:37:57871\n    at Zr (/home/publico/.var/app/com.visualstudio.code/data/vscode/extensions/uqbar.wollok-lsp-ide-0.5.3/out/server/src/server.js:8:1561)","timestamp":"2025-10-29T12:49:03.267Z"}
{"level":"error","message":"✘ Failed to rebuild document Failed to parse src/gimnasia.wtest: \n-- PARSING FAILED --------------------------------------------------\n\n  107 | //\t}\n  108 | \t\n> 109 | }\n      | ^\n\nExpected one of the following: \n\n'@', 'class', 'const', 'describe', 'mixin', 'object', 'only', 'package', 'program', 'test', 'var', '{', EOF, comment, not \"}\", whitespace\n","stack":"Error: Failed to parse src/gimnasia.wtest: \n-- PARSING FAILED --------------------------------------------------\n\n  107 | //\t}\n  108 | \t\n> 109 | }\n      | ^\n\nExpected one of the following: \n\n'@', 'class', 'const', 'describe', 'mixin', 'object', 'only', 'package', 'program', 'test', 'var', '{', EOF, comment, not \"}\", whitespace\n\n    at /home/publico/.var/app/com.visualstudio.code/data/vscode/extensions/uqbar.wollok-lsp-ide-0.5.3/out/server/src/server.js:2348:13026\n    at Array.map (<anonymous>)\n    at W1n (/home/publico/.var/app/com.visualstudio.code/data/vscode/extensions/uqbar.wollok-lsp-ide-0.5.3/out/server/src/server.js:2348:12950)\n    at U2.buildEnvironmentFrom (/home/publico/.var/app/com.visualstudio.code/data/vscode/extensions/uqbar.wollok-lsp-ide-0.5.3/out/server/src/server.js:2393:5254)\n    at U2.updateEnvironmentWith (/home/publico/.var/app/com.visualstudio.code/data/vscode/extensions/uqbar.wollok-lsp-ide-0.5.3/out/server/src/server.js:2393:4989)\n    at JF (/home/publico/.var/app/com.visualstudio.code/data/vscode/extensions/uqbar.wollok-lsp-ide-0.5.3/out/server/src/server.js:2393:7383)\n    at F3.invoke (/home/publico/.var/app/com.visualstudio.code/data/vscode/extensions/uqbar.wollok-lsp-ide-0.5.3/out/server/src/server.js:3:157334)\n    at o.fire (/home/publico/.var/app/com.visualstudio.code/data/vscode/extensions/uqbar.wollok-lsp-ide-0.5.3/out/server/src/server.js:3:158104)\n    at /home/publico/.var/app/com.visualstudio.code/data/vscode/extensions/uqbar.wollok-lsp-ide-0.5.3/out/server/src/server.js:37:57871\n    at Zr (/home/publico/.var/app/com.visualstudio.code/data/vscode/extensions/uqbar.wollok-lsp-ide-0.5.3/out/server/src/server.js:8:1561)","timestamp":"2025-10-29T12:49:03.889Z"}
{"level":"error","message":"✘ Failed to rebuild document Failed to parse src/gimnasia.wtest: \n-- PARSING FAILED --------------------------------------------------\n\n  107 | //\t}\n  108 | \t\n> 109 | }\n      | ^\n\nExpected one of the following: \n\n'@', 'class', 'const', 'describe', 'mixin', 'object', 'only', 'package', 'program', 'test', 'var', '{', EOF, comment, not \"}\", whitespace\n","stack":"Error: Failed to parse src/gimnasia.wtest: \n-- PARSING FAILED --------------------------------------------------\n\n  107 | //\t}\n  108 | \t\n> 109 | }\n      | ^\n\nExpected one of the following: \n\n'@', 'class', 'const', 'describe', 'mixin', 'object', 'only', 'package', 'program', 'test', 'var', '{', EOF, comment, not \"}\", whitespace\n\n    at /home/publico/.var/app/com.visualstudio.code/data/vscode/extensions/uqbar.wollok-lsp-ide-0.5.3/out/server/src/server.js:2348:13026\n    at Array.map (<anonymous>)\n    at W1n (/home/publico/.var/app/com.visualstudio.code/data/vscode/extensions/uqbar.wollok-lsp-ide-0.5.3/out/server/src/server.js:2348:12950)\n    at U2.buildEnvironmentFrom (/home/publico/.var/app/com.visualstudio.code/data/vscode/extensions/uqbar.wollok-lsp-ide-0.5.3/out/server/src/server.js:2393:5254)\n    at U2.updateEnvironmentWith (/home/publico/.var/app/com.visualstudio.code/data/vscode/extensions/uqbar.wollok-lsp-ide-0.5.3/out/server/src/server.js:2393:4989)\n    at JF (/home/publico/.var/app/com.visualstudio.code/data/vscode/extensions/uqbar.wollok-lsp-ide-0.5.3/out/server/src/server.js:2393:7383)\n    at F3.invoke (/home/publico/.var/app/com.visualstudio.code/data/vscode/extensions/uqbar.wollok-lsp-ide-0.5.3/out/server/src/server.js:3:157334)\n    at o.fire (/home/publico/.var/app/com.visualstudio.code/data/vscode/extensions/uqbar.wollok-lsp-ide-0.5.3/out/server/src/server.js:3:158104)\n    at /home/publico/.var/app/com.visualstudio.code/data/vscode/extensions/uqbar.wollok-lsp-ide-0.5.3/out/server/src/server.js:37:57871\n    at Zr (/home/publico/.var/app/com.visualstudio.code/data/vscode/extensions/uqbar.wollok-lsp-ide-0.5.3/out/server/src/server.js:8:1561)","timestamp":"2025-10-29T12:49:04.073Z"}
{"level":"info","message":"⌛ Building environment","timeElapsed":152,"timestamp":"2025-10-29T12:49:04.936Z"}
{"level":"info","message":"⌛ Validating src/gimnasia.wtest","timeElapsed":120,"timestamp":"2025-10-29T12:49:05.059Z"}
{"level":"info","message":"⌛ Building environment","timeElapsed":152,"timestamp":"2025-10-29T12:49:05.279Z"}
{"level":"info","message":"⌛ Validating src/gimnasia.wtest","timeElapsed":102,"timestamp":"2025-10-29T12:49:05.402Z"}
{"level":"info","message":"⌛ Building environment","timeElapsed":138,"timestamp":"2025-10-29T12:49:06.147Z"}
{"level":"info","message":"⌛ Validating src/gimnasia.wtest","timeElapsed":119,"timestamp":"2025-10-29T12:49:06.270Z"}
{"level":"info","message":"⌛ Building environment","timeElapsed":136,"timestamp":"2025-10-29T12:49:06.407Z"}
{"level":"info","message":"⌛ Building environment","timeElapsed":127,"timestamp":"2025-10-29T12:50:41.016Z"}
{"level":"info","message":"⌛ Validating src/gimnasia.wtest","timeElapsed":104,"timestamp":"2025-10-29T12:50:41.126Z"}
{"level":"info","message":"⌛ Building environment","timeElapsed":122,"timestamp":"2025-10-29T12:50:41.282Z"}
{"level":"info","message":"⌛ Building environment","timeElapsed":115,"timestamp":"2025-10-29T12:50:41.542Z"}
{"level":"info","message":"⌛ Building environment","timeElapsed":147,"timestamp":"2025-10-29T12:50:41.692Z"}
{"level":"info","message":"⌛ Building environment","timeElapsed":132,"timestamp":"2025-10-29T12:50:41.926Z"}
{"level":"info","message":"⌛ Building environment","timeElapsed":138,"timestamp":"2025-10-29T12:50:42.066Z"}
{"level":"info","message":"⌛ Building environment","timeElapsed":148,"timestamp":"2025-10-29T12:50:42.389Z"}
{"level":"info","message":"⌛ Validating src/gimnasia.wtest","timeElapsed":130,"timestamp":"2025-10-29T12:50:42.520Z"}
{"level":"info","message":"⌛ Building environment","timeElapsed":122,"timestamp":"2025-10-29T12:50:42.731Z"}
{"level":"info","message":"⌛ Validating src/gimnasia.wtest","timeElapsed":123,"timestamp":"2025-10-29T12:50:42.894Z"}
{"level":"info","message":"⌛ Building environment","timeElapsed":157,"timestamp":"2025-10-29T12:50:43.053Z"}
{"level":"info","message":"⌛ Building environment","timeElapsed":142,"timestamp":"2025-10-29T12:50:43.207Z"}
{"level":"info","message":"⌛ Building environment","timeElapsed":161,"timestamp":"2025-10-29T12:50:43.370Z"}
{"level":"info","message":"⌛ Validating src/gimnasia.wtest","timeElapsed":123,"timestamp":"2025-10-29T12:50:43.496Z"}
{"level":"info","message":"⌛ Building environment","timeElapsed":103,"timestamp":"2025-10-29T12:50:43.773Z"}
{"level":"info","message":"⌛ Building environment","timeElapsed":129,"timestamp":"2025-10-29T12:50:43.998Z"}
{"level":"info","message":"⌛ Building environment","timeElapsed":148,"timestamp":"2025-10-29T12:50:44.692Z"}
{"level":"error","message":"✘ Completions for node Send ([58:3, 58:27] - src/gimnasia.wtest) failed: Error: [Send]{0036db} at src/gimnasia.wtest:58 exhausted all cases without a match [Send]{0036db} at src/gimnasia.wtest:58 exhausted all cases without a match","stack":"Error: [Send]{0036db} at src/gimnasia.wtest:58 exhausted all cases without a match\n    at /home/publico/.var/app/com.visualstudio.code/data/vscode/extensions/uqbar.wollok-lsp-ide-0.5.3/out/server/src/server.js:38:6142\n    at D2 (/home/publico/.var/app/com.visualstudio.code/data/vscode/extensions/uqbar.wollok-lsp-ide-0.5.3/out/server/src/server.js:2384:42)\n    at Qh (/home/publico/.var/app/com.visualstudio.code/data/vscode/extensions/uqbar.wollok-lsp-ide-0.5.3/out/server/src/server.js:2384:1092)\n    at k6n (/home/publico/.var/app/com.visualstudio.code/data/vscode/extensions/uqbar.wollok-lsp-ide-0.5.3/out/server/src/server.js:2384:1248)\n    at /home/publico/.var/app/com.visualstudio.code/data/vscode/extensions/uqbar.wollok-lsp-ide-0.5.3/out/server/src/server.js:38:6131\n    at D2 (/home/publico/.var/app/com.visualstudio.code/data/vscode/extensions/uqbar.wollok-lsp-ide-0.5.3/out/server/src/server.js:2384:42)\n    at /home/publico/.var/app/com.visualstudio.code/data/vscode/extensions/uqbar.wollok-lsp-ide-0.5.3/out/server/src/server.js:2384:2988\n    at /home/publico/.var/app/com.visualstudio.code/data/vscode/extensions/uqbar.wollok-lsp-ide-0.5.3/out/server/src/server.js:2393:8440\n    at /home/publico/.var/app/com.visualstudio.code/data/vscode/extensions/uqbar.wollok-lsp-ide-0.5.3/out/server/src/server.js:37:74872\n    at Ye (/home/publico/.var/app/com.visualstudio.code/data/vscode/extensions/uqbar.wollok-lsp-ide-0.5.3/out/server/src/server.js:7:8527)","timestamp":"2025-10-29T12:50:44.733Z"}
{"level":"info","message":"⌛ Building environment","timeElapsed":121,"timestamp":"2025-10-29T12:50:44.857Z"}
{"level":"info","message":"⌛ Building environment","timeElapsed":139,"timestamp":"2025-10-29T12:50:46.464Z"}
{"level":"info","message":"⌛ Building environment","timeElapsed":102,"timestamp":"2025-10-29T12:50:49.448Z"}
{"level":"info","message":"⌛ Building environment","timeElapsed":136,"timestamp":"2025-10-29T12:50:51.477Z"}
{"level":"info","message":"⌛ Building environment","timeElapsed":153,"timestamp":"2025-10-29T12:50:51.677Z"}
{"level":"info","message":"⌛ Validating src/gimnasia.wtest","timeElapsed":126,"timestamp":"2025-10-29T12:50:51.803Z"}
{"level":"info","message":"⌛ Building environment","timeElapsed":107,"timestamp":"2025-10-29T12:50:51.911Z"}
{"level":"info","message":"⌛ Validating src/gimnasia.wtest","timeElapsed":109,"timestamp":"2025-10-29T12:50:52.022Z"}
{"level":"info","message":"⌛ Building environment","timeElapsed":112,"timestamp":"2025-10-29T12:50:52.135Z"}
{"level":"info","message":"⌛ Building environment","timeElapsed":178,"timestamp":"2025-10-29T12:50:52.411Z"}
{"level":"info","message":"⌛ Building environment","timeElapsed":121,"timestamp":"2025-10-29T12:50:53.738Z"}
{"level":"info","message":"⌛ Building environment","timeElapsed":134,"timestamp":"2025-10-29T12:50:59.231Z"}
{"level":"info","message":"⌛ Validating src/gimnasia.wtest","timeElapsed":115,"timestamp":"2025-10-29T12:50:59.348Z"}
{"level":"info","message":"⌛ Building environment","timeElapsed":123,"timestamp":"2025-10-29T12:50:59.471Z"}
{"level":"info","message":"⌛ Validating src/gimnasia.wtest","timeElapsed":111,"timestamp":"2025-10-29T12:50:59.603Z"}
{"level":"info","message":"⌛ Building environment","timeElapsed":127,"timestamp":"2025-10-29T12:50:59.785Z"}
{"level":"info","message":"⌛ Building environment","timeElapsed":146,"timestamp":"2025-10-29T12:50:59.937Z"}
{"level":"info","message":"⌛ Building environment","timeElapsed":132,"timestamp":"2025-10-29T12:51:00.301Z"}
{"level":"info","message":"⌛ Building environment","timeElapsed":151,"timestamp":"2025-10-29T12:51:06.015Z"}
{"level":"error","message":"✘ Completions for node Send ([59:3, 59:26] - src/gimnasia.wtest) failed: Error: [Send]{c2e5d0} at src/gimnasia.wtest:59 exhausted all cases without a match [Send]{c2e5d0} at src/gimnasia.wtest:59 exhausted all cases without a match","stack":"Error: [Send]{c2e5d0} at src/gimnasia.wtest:59 exhausted all cases without a match\n    at /home/publico/.var/app/com.visualstudio.code/data/vscode/extensions/uqbar.wollok-lsp-ide-0.5.3/out/server/src/server.js:38:6142\n    at D2 (/home/publico/.var/app/com.visualstudio.code/data/vscode/extensions/uqbar.wollok-lsp-ide-0.5.3/out/server/src/server.js:2384:42)\n    at Qh (/home/publico/.var/app/com.visualstudio.code/data/vscode/extensions/uqbar.wollok-lsp-ide-0.5.3/out/server/src/server.js:2384:1092)\n    at k6n (/home/publico/.var/app/com.visualstudio.code/data/vscode/extensions/uqbar.wollok-lsp-ide-0.5.3/out/server/src/server.js:2384:1248)\n    at /home/publico/.var/app/com.visualstudio.code/data/vscode/extensions/uqbar.wollok-lsp-ide-0.5.3/out/server/src/server.js:38:6131\n    at D2 (/home/publico/.var/app/com.visualstudio.code/data/vscode/extensions/uqbar.wollok-lsp-ide-0.5.3/out/server/src/server.js:2384:42)\n    at /home/publico/.var/app/com.visualstudio.code/data/vscode/extensions/uqbar.wollok-lsp-ide-0.5.3/out/server/src/server.js:2384:2988\n    at /home/publico/.var/app/com.visualstudio.code/data/vscode/extensions/uqbar.wollok-lsp-ide-0.5.3/out/server/src/server.js:2393:8440\n    at /home/publico/.var/app/com.visualstudio.code/data/vscode/extensions/uqbar.wollok-lsp-ide-0.5.3/out/server/src/server.js:37:74872\n    at Ye (/home/publico/.var/app/com.visualstudio.code/data/vscode/extensions/uqbar.wollok-lsp-ide-0.5.3/out/server/src/server.js:7:8527)","timestamp":"2025-10-29T12:51:06.060Z"}
{"level":"info","message":"⌛ Building environment","timeElapsed":134,"timestamp":"2025-10-29T12:51:06.196Z"}
{"level":"info","message":"⌛ Building environment","timeElapsed":125,"timestamp":"2025-10-29T12:51:07.362Z"}
{"level":"info","message":"⌛ Building environment","timeElapsed":115,"timestamp":"2025-10-29T12:51:07.506Z"}
{"level":"info","message":"⌛ Validating src/gimnasia.wtest","timeElapsed":166,"timestamp":"2025-10-29T12:51:07.689Z"}
{"level":"info","message":"⌛ Building environment","timeElapsed":132,"timestamp":"2025-10-29T12:51:07.827Z"}
{"level":"info","message":"⌛ Building environment","timeElapsed":117,"timestamp":"2025-10-29T12:51:08.049Z"}
{"level":"info","message":"⌛ Building environment","timeElapsed":137,"timestamp":"2025-10-29T12:51:08.271Z"}
{"level":"info","message":"⌛ Building environment","timeElapsed":170,"timestamp":"2025-10-29T12:51:08.717Z"}
{"level":"info","message":"⌛ Validating src/gimnasia.wtest","timeElapsed":106,"timestamp":"2025-10-29T12:51:08.857Z"}
{"level":"info","message":"⌛ Building environment","timeElapsed":119,"timestamp":"2025-10-29T12:51:08.977Z"}
{"level":"info","message":"⌛ Building environment","timeElapsed":148,"timestamp":"2025-10-29T12:51:09.127Z"}
{"level":"error","message":"✘ Completions for node Send ([59:3, 59:37] - src/gimnasia.wtest) failed: Error: [Send]{1ef35f} at src/gimnasia.wtest:59 exhausted all cases without a match [Send]{1ef35f} at src/gimnasia.wtest:59 exhausted all cases without a match","stack":"Error: [Send]{1ef35f} at src/gimnasia.wtest:59 exhausted all cases without a match\n    at /home/publico/.var/app/com.visualstudio.code/data/vscode/extensions/uqbar.wollok-lsp-ide-0.5.3/out/server/src/server.js:38:6142\n    at D2 (/home/publico/.var/app/com.visualstudio.code/data/vscode/extensions/uqbar.wollok-lsp-ide-0.5.3/out/server/src/server.js:2384:42)\n    at Qh (/home/publico/.var/app/com.visualstudio.code/data/vscode/extensions/uqbar.wollok-lsp-ide-0.5.3/out/server/src/server.js:2384:1092)\n    at k6n (/home/publico/.var/app/com.visualstudio.code/data/vscode/extensions/uqbar.wollok-lsp-ide-0.5.3/out/server/src/server.js:2384:1248)\n    at /home/publico/.var/app/com.visualstudio.code/data/vscode/extensions/uqbar.wollok-lsp-ide-0.5.3/out/server/src/server.js:38:6131\n    at D2 (/home/publico/.var/app/com.visualstudio.code/data/vscode/extensions/uqbar.wollok-lsp-ide-0.5.3/out/server/src/server.js:2384:42)\n    at /home/publico/.var/app/com.visualstudio.code/data/vscode/extensions/uqbar.wollok-lsp-ide-0.5.3/out/server/src/server.js:2384:2988\n    at /home/publico/.var/app/com.visualstudio.code/data/vscode/extensions/uqbar.wollok-lsp-ide-0.5.3/out/server/src/server.js:2393:8440\n    at /home/publico/.var/app/com.visualstudio.code/data/vscode/extensions/uqbar.wollok-lsp-ide-0.5.3/out/server/src/server.js:37:74872\n    at Ye (/home/publico/.var/app/com.visualstudio.code/data/vscode/extensions/uqbar.wollok-lsp-ide-0.5.3/out/server/src/server.js:7:8527)","timestamp":"2025-10-29T12:51:09.173Z"}
{"level":"info","message":"⌛ Building environment","timeElapsed":126,"timestamp":"2025-10-29T12:51:09.385Z"}
{"level":"info","message":"⌛ Building environment","timeElapsed":115,"timestamp":"2025-10-29T12:51:10.244Z"}
{"level":"info","message":"⌛ Building environment","timeElapsed":132,"timestamp":"2025-10-29T12:51:10.487Z"}
{"level":"error","message":"✘ Completions for node Send ([59:3, 59:36] - src/gimnasia.wtest) failed: Error: [Send]{39b9ee} at src/gimnasia.wtest:59 exhausted all cases without a match [Send]{39b9ee} at src/gimnasia.wtest:59 exhausted all cases without a match","stack":"Error: [Send]{39b9ee} at src/gimnasia.wtest:59 exhausted all cases without a match\n    at /home/publico/.var/app/com.visualstudio.code/data/vscode/extensions/uqbar.wollok-lsp-ide-0.5.3/out/server/src/server.js:38:6142\n    at D2 (/home/publico/.var/app/com.visualstudio.code/data/vscode/extensions/uqbar.wollok-lsp-ide-0.5.3/out/server/src/server.js:2384:42)\n    at Qh (/home/publico/.var/app/com.visualstudio.code/data/vscode/extensions/uqbar.wollok-lsp-ide-0.5.3/out/server/src/server.js:2384:1092)\n    at k6n (/home/publico/.var/app/com.visualstudio.code/data/vscode/extensions/uqbar.wollok-lsp-ide-0.5.3/out/server/src/server.js:2384:1248)\n    at /home/publico/.var/app/com.visualstudio.code/data/vscode/extensions/uqbar.wollok-lsp-ide-0.5.3/out/server/src/server.js:38:6131\n    at D2 (/home/publico/.var/app/com.visualstudio.code/data/vscode/extensions/uqbar.wollok-lsp-ide-0.5.3/out/server/src/server.js:2384:42)\n    at /home/publico/.var/app/com.visualstudio.code/data/vscode/extensions/uqbar.wollok-lsp-ide-0.5.3/out/server/src/server.js:2384:2988\n    at /home/publico/.var/app/com.visualstudio.code/data/vscode/extensions/uqbar.wollok-lsp-ide-0.5.3/out/server/src/server.js:2393:8440\n    at /home/publico/.var/app/com.visualstudio.code/data/vscode/extensions/uqbar.wollok-lsp-ide-0.5.3/out/server/src/server.js:37:74872\n    at Ye (/home/publico/.var/app/com.visualstudio.code/data/vscode/extensions/uqbar.wollok-lsp-ide-0.5.3/out/server/src/server.js:7:8527)","timestamp":"2025-10-29T12:51:10.529Z"}
{"level":"info","message":"⌛ Building environment","timeElapsed":206,"timestamp":"2025-10-29T12:51:10.833Z"}
{"level":"info","message":"⌛ Validating src/gimnasia.wtest","timeElapsed":115,"timestamp":"2025-10-29T12:51:10.957Z"}
{"level":"info","message":"⌛ Building environment","timeElapsed":120,"timestamp":"2025-10-29T12:51:11.871Z"}
{"level":"error","message":"✘ Completions for node Send ([59:3, 59:36] - src/gimnasia.wtest) failed: Error: [Send]{6820c7} at src/gimnasia.wtest:59 exhausted all cases without a match [Send]{6820c7} at src/gimnasia.wtest:59 exhausted all cases without a match","stack":"Error: [Send]{6820c7} at src/gimnasia.wtest:59 exhausted all cases without a match\n    at /home/publico/.var/app/com.visualstudio.code/data/vscode/extensions/uqbar.wollok-lsp-ide-0.5.3/out/server/src/server.js:38:6142\n    at D2 (/home/publico/.var/app/com.visualstudio.code/data/vscode/extensions/uqbar.wollok-lsp-ide-0.5.3/out/server/src/server.js:2384:42)\n    at Qh (/home/publico/.var/app/com.visualstudio.code/data/vscode/extensions/uqbar.wollok-lsp-ide-0.5.3/out/server/src/server.js:2384:1092)\n    at k6n (/home/publico/.var/app/com.visualstudio.code/data/vscode/extensions/uqbar.wollok-lsp-ide-0.5.3/out/server/src/server.js:2384:1248)\n    at /home/publico/.var/app/com.visualstudio.code/data/vscode/extensions/uqbar.wollok-lsp-ide-0.5.3/out/server/src/server.js:38:6131\n    at D2 (/home/publico/.var/app/com.visualstudio.code/data/vscode/extensions/uqbar.wollok-lsp-ide-0.5.3/out/server/src/server.js:2384:42)\n    at /home/publico/.var/app/com.visualstudio.code/data/vscode/extensions/uqbar.wollok-lsp-ide-0.5.3/out/server/src/server.js:2384:2988\n    at /home/publico/.var/app/com.visualstudio.code/data/vscode/extensions/uqbar.wollok-lsp-ide-0.5.3/out/server/src/server.js:2393:8440\n    at /home/publico/.var/app/com.visualstudio.code/data/vscode/extensions/uqbar.wollok-lsp-ide-0.5.3/out/server/src/server.js:37:74872\n    at Ye (/home/publico/.var/app/com.visualstudio.code/data/vscode/extensions/uqbar.wollok-lsp-ide-0.5.3/out/server/src/server.js:7:8527)","timestamp":"2025-10-29T12:51:11.910Z"}
{"level":"info","message":"⌛ Building environment","timeElapsed":148,"timestamp":"2025-10-29T12:51:12.071Z"}
{"level":"info","message":"⌛ Validating src/gimnasia.wtest","timeElapsed":106,"timestamp":"2025-10-29T12:51:12.179Z"}
{"level":"info","message":"⌛ Building environment","timeElapsed":118,"timestamp":"2025-10-29T12:51:12.375Z"}
{"level":"info","message":"⌛ Building environment","timeElapsed":121,"timestamp":"2025-10-29T12:51:12.798Z"}
{"level":"error","message":"✘ Completions for node Send ([59:3, 59:39] - src/gimnasia.wtest) failed: Error: [Send]{417cca} at src/gimnasia.wtest:59 exhausted all cases without a match [Send]{417cca} at src/gimnasia.wtest:59 exhausted all cases without a match","stack":"Error: [Send]{417cca} at src/gimnasia.wtest:59 exhausted all cases without a match\n    at /home/publico/.var/app/com.visualstudio.code/data/vscode/extensions/uqbar.wollok-lsp-ide-0.5.3/out/server/src/server.js:38:6142\n    at D2 (/home/publico/.var/app/com.visualstudio.code/data/vscode/extensions/uqbar.wollok-lsp-ide-0.5.3/out/server/src/server.js:2384:42)\n    at Qh (/home/publico/.var/app/com.visualstudio.code/data/vscode/extensions/uqbar.wollok-lsp-ide-0.5.3/out/server/src/server.js:2384:1092)\n    at k6n (/home/publico/.var/app/com.visualstudio.code/data/vscode/extensions/uqbar.wollok-lsp-ide-0.5.3/out/server/src/server.js:2384:1248)\n    at /home/publico/.var/app/com.visualstudio.code/data/vscode/extensions/uqbar.wollok-lsp-ide-0.5.3/out/server/src/server.js:38:6131\n    at D2 (/home/publico/.var/app/com.visualstudio.code/data/vscode/extensions/uqbar.wollok-lsp-ide-0.5.3/out/server/src/server.js:2384:42)\n    at /home/publico/.var/app/com.visualstudio.code/data/vscode/extensions/uqbar.wollok-lsp-ide-0.5.3/out/server/src/server.js:2384:2988\n    at /home/publico/.var/app/com.visualstudio.code/data/vscode/extensions/uqbar.wollok-lsp-ide-0.5.3/out/server/src/server.js:2393:8440\n    at /home/publico/.var/app/com.visualstudio.code/data/vscode/extensions/uqbar.wollok-lsp-ide-0.5.3/out/server/src/server.js:37:74872\n    at Ye (/home/publico/.var/app/com.visualstudio.code/data/vscode/extensions/uqbar.wollok-lsp-ide-0.5.3/out/server/src/server.js:7:8527)","timestamp":"2025-10-29T12:51:12.835Z"}
{"level":"info","message":"⌛ Building environment","timeElapsed":107,"timestamp":"2025-10-29T12:51:13.826Z"}
{"level":"error","message":"✘ Completions for node Send ([59:3, 59:40] - src/gimnasia.wtest) failed: Error: [Send]{933702} at src/gimnasia.wtest:59 exhausted all cases without a match [Send]{933702} at src/gimnasia.wtest:59 exhausted all cases without a match","stack":"Error: [Send]{933702} at src/gimnasia.wtest:59 exhausted all cases without a match\n    at /home/publico/.var/app/com.visualstudio.code/data/vscode/extensions/uqbar.wollok-lsp-ide-0.5.3/out/server/src/server.js:38:6142\n    at D2 (/home/publico/.var/app/com.visualstudio.code/data/vscode/extensions/uqbar.wollok-lsp-ide-0.5.3/out/server/src/server.js:2384:42)\n    at Qh (/home/publico/.var/app/com.visualstudio.code/data/vscode/extensions/uqbar.wollok-lsp-ide-0.5.3/out/server/src/server.js:2384:1092)\n    at k6n (/home/publico/.var/app/com.visualstudio.code/data/vscode/extensions/uqbar.wollok-lsp-ide-0.5.3/out/server/src/server.js:2384:1248)\n    at /home/publico/.var/app/com.visualstudio.code/data/vscode/extensions/uqbar.wollok-lsp-ide-0.5.3/out/server/src/server.js:38:6131\n    at D2 (/home/publico/.var/app/com.visualstudio.code/data/vscode/extensions/uqbar.wollok-lsp-ide-0.5.3/out/server/src/server.js:2384:42)\n    at /home/publico/.var/app/com.visualstudio.code/data/vscode/extensions/uqbar.wollok-lsp-ide-0.5.3/out/server/src/server.js:2384:2988\n    at /home/publico/.var/app/com.visualstudio.code/data/vscode/extensions/uqbar.wollok-lsp-ide-0.5.3/out/server/src/server.js:2393:8440\n    at /home/publico/.var/app/com.visualstudio.code/data/vscode/extensions/uqbar.wollok-lsp-ide-0.5.3/out/server/src/server.js:37:74872\n    at Ye (/home/publico/.var/app/com.visualstudio.code/data/vscode/extensions/uqbar.wollok-lsp-ide-0.5.3/out/server/src/server.js:7:8527)","timestamp":"2025-10-29T12:51:13.861Z"}
{"level":"info","message":"⌛ Building environment","timeElapsed":131,"timestamp":"2025-10-29T12:51:14.655Z"}
{"level":"info","message":"⌛ Validating src/gimnasia.wtest","timeElapsed":133,"timestamp":"2025-10-29T12:51:14.791Z"}
{"level":"info","message":"⌛ Building environment","timeElapsed":129,"timestamp":"2025-10-29T12:51:32.894Z"}
{"level":"info","message":"🧪 Test runner executed on /home/publico/Escritorio/obj/2025c2s2-herencia-rutinas-rodriguezlucas763","result":{"errored":0,"failed":1,"ok":0},"testsFailed":[{"error":["wollok.lib.AssertionException: Expected <59925> but found <59.92571>","  at src.gimnasia.\"rutinas\".\"2.1.3 test sedentario remo\" [src/gimnasia.wtest:59]"],"test":"src.gimnasia.\"rutinas\".\"2.1.3 test sedentario remo\""}],"timeElapsed":548,"timestamp":"2025-10-29T12:52:26.945Z"}
{"level":"info","message":"⌛ Building environment","timeElapsed":166,"timestamp":"2025-10-29T12:52:33.836Z"}
{"level":"info","message":"⌛ Validating src/gimnasia.wtest","timeElapsed":104,"timestamp":"2025-10-29T12:52:33.979Z"}
{"level":"info","message":"⌛ Validating src/persona.wlk","timeElapsed":226,"timestamp":"2025-10-29T12:52:41.048Z"}
{"level":"info","message":"⌛ Validating src/persona.wlk","timeElapsed":156,"timestamp":"2025-10-29T12:52:51.569Z"}
{"level":"info","message":"⌛ Building environment","timeElapsed":116,"timestamp":"2025-10-29T12:52:52.353Z"}
{"level":"info","message":"⌛ Building environment","timeElapsed":108,"timestamp":"2025-10-29T12:52:52.604Z"}
{"level":"info","message":"⌛ Building environment","timeElapsed":152,"timestamp":"2025-10-29T12:52:52.757Z"}
{"level":"info","message":"⌛ Validating src/persona.wlk","timeElapsed":107,"timestamp":"2025-10-29T12:52:52.864Z"}
{"level":"info","message":"⌛ Building environment","timeElapsed":117,"timestamp":"2025-10-29T12:52:52.982Z"}
{"level":"info","message":"⌛ Validating src/persona.wlk","timeElapsed":111,"timestamp":"2025-10-29T12:52:53.095Z"}
{"level":"info","message":"⌛ Building environment","timeElapsed":133,"timestamp":"2025-10-29T12:52:53.411Z"}
{"level":"info","message":"⌛ Building environment","timeElapsed":144,"timestamp":"2025-10-29T12:52:53.904Z"}
{"level":"info","message":"🧪 Test runner executed on /home/publico/Escritorio/obj/2025c2s2-herencia-rutinas-rodriguezlucas763","result":{"errored":0,"failed":1,"ok":0},"testsFailed":[{"error":["wollok.lib.AssertionException: Expected <59.925> but found <59.926>","  at src.gimnasia.\"rutinas\".\"2.1.3 test sedentario remo\" [src/gimnasia.wtest:59]"],"test":"src.gimnasia.\"rutinas\".\"2.1.3 test sedentario remo\""}],"timeElapsed":569,"timestamp":"2025-10-29T12:53:01.103Z"}
{"level":"info","message":"⌛ Building environment","timeElapsed":114,"timestamp":"2025-10-29T12:53:05.881Z"}
{"level":"info","message":"⌛ Building environment","timeElapsed":135,"timestamp":"2025-10-29T12:53:06.302Z"}
{"level":"info","message":"⌛ Building environment","timeElapsed":169,"timestamp":"2025-10-29T12:53:18.510Z"}
{"level":"info","message":"⌛ Building environment","timeElapsed":107,"timestamp":"2025-10-29T12:53:18.949Z"}
{"level":"error","message":"✘ Failed to rebuild document Failed to parse src/gimnasia.wtest: \n-- PARSING FAILED --------------------------------------------------\n\n  107 | //\t}\n  108 | \t\n> 109 | }\n      | ^\n\nExpected one of the following: \n\n'@', 'class', 'const', 'describe', 'mixin', 'object', 'only', 'package', 'program', 'test', 'var', '{', EOF, comment, not \"}\", whitespace\n","stack":"Error: Failed to parse src/gimnasia.wtest: \n-- PARSING FAILED --------------------------------------------------\n\n  107 | //\t}\n  108 | \t\n> 109 | }\n      | ^\n\nExpected one of the following: \n\n'@', 'class', 'const', 'describe', 'mixin', 'object', 'only', 'package', 'program', 'test', 'var', '{', EOF, comment, not \"}\", whitespace\n\n    at /home/publico/.var/app/com.visualstudio.code/data/vscode/extensions/uqbar.wollok-lsp-ide-0.5.3/out/server/src/server.js:2348:13026\n    at Array.map (<anonymous>)\n    at W1n (/home/publico/.var/app/com.visualstudio.code/data/vscode/extensions/uqbar.wollok-lsp-ide-0.5.3/out/server/src/server.js:2348:12950)\n    at U2.buildEnvironmentFrom (/home/publico/.var/app/com.visualstudio.code/data/vscode/extensions/uqbar.wollok-lsp-ide-0.5.3/out/server/src/server.js:2393:5254)\n    at U2.updateEnvironmentWith (/home/publico/.var/app/com.visualstudio.code/data/vscode/extensions/uqbar.wollok-lsp-ide-0.5.3/out/server/src/server.js:2393:4989)\n    at JF (/home/publico/.var/app/com.visualstudio.code/data/vscode/extensions/uqbar.wollok-lsp-ide-0.5.3/out/server/src/server.js:2393:7383)\n    at F3.invoke (/home/publico/.var/app/com.visualstudio.code/data/vscode/extensions/uqbar.wollok-lsp-ide-0.5.3/out/server/src/server.js:3:157334)\n    at o.fire (/home/publico/.var/app/com.visualstudio.code/data/vscode/extensions/uqbar.wollok-lsp-ide-0.5.3/out/server/src/server.js:3:158104)\n    at /home/publico/.var/app/com.visualstudio.code/data/vscode/extensions/uqbar.wollok-lsp-ide-0.5.3/out/server/src/server.js:37:57871\n    at Zr (/home/publico/.var/app/com.visualstudio.code/data/vscode/extensions/uqbar.wollok-lsp-ide-0.5.3/out/server/src/server.js:8:1561)","timestamp":"2025-10-29T12:54:59.236Z"}
{"level":"error","message":"✘ Failed to rebuild document Failed to parse src/gimnasia.wtest: \n-- PARSING FAILED --------------------------------------------------\n\n  107 | //\t}\n  108 | \t\n> 109 | }\n      | ^\n\nExpected one of the following: \n\n'@', 'class', 'const', 'describe', 'mixin', 'object', 'only', 'package', 'program', 'test', 'var', '{', EOF, comment, not \"}\", whitespace\n","stack":"Error: Failed to parse src/gimnasia.wtest: \n-- PARSING FAILED --------------------------------------------------\n\n  107 | //\t}\n  108 | \t\n> 109 | }\n      | ^\n\nExpected one of the following: \n\n'@', 'class', 'const', 'describe', 'mixin', 'object', 'only', 'package', 'program', 'test', 'var', '{', EOF, comment, not \"}\", whitespace\n\n    at /home/publico/.var/app/com.visualstudio.code/data/vscode/extensions/uqbar.wollok-lsp-ide-0.5.3/out/server/src/server.js:2348:13026\n    at Array.map (<anonymous>)\n    at W1n (/home/publico/.var/app/com.visualstudio.code/data/vscode/extensions/uqbar.wollok-lsp-ide-0.5.3/out/server/src/server.js:2348:12950)\n    at U2.buildEnvironmentFrom (/home/publico/.var/app/com.visualstudio.code/data/vscode/extensions/uqbar.wollok-lsp-ide-0.5.3/out/server/src/server.js:2393:5254)\n    at U2.updateEnvironmentWith (/home/publico/.var/app/com.visualstudio.code/data/vscode/extensions/uqbar.wollok-lsp-ide-0.5.3/out/server/src/server.js:2393:4989)\n    at JF (/home/publico/.var/app/com.visualstudio.code/data/vscode/extensions/uqbar.wollok-lsp-ide-0.5.3/out/server/src/server.js:2393:7383)\n    at F3.invoke (/home/publico/.var/app/com.visualstudio.code/data/vscode/extensions/uqbar.wollok-lsp-ide-0.5.3/out/server/src/server.js:3:157334)\n    at o.fire (/home/publico/.var/app/com.visualstudio.code/data/vscode/extensions/uqbar.wollok-lsp-ide-0.5.3/out/server/src/server.js:3:158104)\n    at /home/publico/.var/app/com.visualstudio.code/data/vscode/extensions/uqbar.wollok-lsp-ide-0.5.3/out/server/src/server.js:37:57871\n    at Zr (/home/publico/.var/app/com.visualstudio.code/data/vscode/extensions/uqbar.wollok-lsp-ide-0.5.3/out/server/src/server.js:8:1561)","timestamp":"2025-10-29T12:54:59.434Z"}
{"level":"error","message":"✘ Failed to rebuild document Failed to parse src/gimnasia.wtest: \n-- PARSING FAILED --------------------------------------------------\n\n  107 | //\t}\n  108 | \t\n> 109 | }\n      | ^\n\nExpected one of the following: \n\n'@', 'class', 'const', 'describe', 'mixin', 'object', 'only', 'package', 'program', 'test', 'var', '{', EOF, comment, not \"}\", whitespace\n","stack":"Error: Failed to parse src/gimnasia.wtest: \n-- PARSING FAILED --------------------------------------------------\n\n  107 | //\t}\n  108 | \t\n> 109 | }\n      | ^\n\nExpected one of the following: \n\n'@', 'class', 'const', 'describe', 'mixin', 'object', 'only', 'package', 'program', 'test', 'var', '{', EOF, comment, not \"}\", whitespace\n\n    at /home/publico/.var/app/com.visualstudio.code/data/vscode/extensions/uqbar.wollok-lsp-ide-0.5.3/out/server/src/server.js:2348:13026\n    at Array.map (<anonymous>)\n    at W1n (/home/publico/.var/app/com.visualstudio.code/data/vscode/extensions/uqbar.wollok-lsp-ide-0.5.3/out/server/src/server.js:2348:12950)\n    at U2.buildEnvironmentFrom (/home/publico/.var/app/com.visualstudio.code/data/vscode/extensions/uqbar.wollok-lsp-ide-0.5.3/out/server/src/server.js:2393:5254)\n    at U2.updateEnvironmentWith (/home/publico/.var/app/com.visualstudio.code/data/vscode/extensions/uqbar.wollok-lsp-ide-0.5.3/out/server/src/server.js:2393:4989)\n    at JF (/home/publico/.var/app/com.visualstudio.code/data/vscode/extensions/uqbar.wollok-lsp-ide-0.5.3/out/server/src/server.js:2393:7383)\n    at F3.invoke (/home/publico/.var/app/com.visualstudio.code/data/vscode/extensions/uqbar.wollok-lsp-ide-0.5.3/out/server/src/server.js:3:157334)\n    at o.fire (/home/publico/.var/app/com.visualstudio.code/data/vscode/extensions/uqbar.wollok-lsp-ide-0.5.3/out/server/src/server.js:3:158104)\n    at /home/publico/.var/app/com.visualstudio.code/data/vscode/extensions/uqbar.wollok-lsp-ide-0.5.3/out/server/src/server.js:37:57871\n    at Zr (/home/publico/.var/app/com.visualstudio.code/data/vscode/extensions/uqbar.wollok-lsp-ide-0.5.3/out/server/src/server.js:8:1561)","timestamp":"2025-10-29T12:55:00.218Z"}
{"level":"error","message":"✘ Failed to rebuild document Failed to parse src/gimnasia.wtest: \n-- PARSING FAILED --------------------------------------------------\n\n  107 | //\t}\n  108 | \t\n> 109 | }\n      | ^\n\nExpected one of the following: \n\n'@', 'class', 'const', 'describe', 'mixin', 'object', 'only', 'package', 'program', 'test', 'var', '{', EOF, comment, not \"}\", whitespace\n","stack":"Error: Failed to parse src/gimnasia.wtest: \n-- PARSING FAILED --------------------------------------------------\n\n  107 | //\t}\n  108 | \t\n> 109 | }\n      | ^\n\nExpected one of the following: \n\n'@', 'class', 'const', 'describe', 'mixin', 'object', 'only', 'package', 'program', 'test', 'var', '{', EOF, comment, not \"}\", whitespace\n\n    at /home/publico/.var/app/com.visualstudio.code/data/vscode/extensions/uqbar.wollok-lsp-ide-0.5.3/out/server/src/server.js:2348:13026\n    at Array.map (<anonymous>)\n    at W1n (/home/publico/.var/app/com.visualstudio.code/data/vscode/extensions/uqbar.wollok-lsp-ide-0.5.3/out/server/src/server.js:2348:12950)\n    at U2.buildEnvironmentFrom (/home/publico/.var/app/com.visualstudio.code/data/vscode/extensions/uqbar.wollok-lsp-ide-0.5.3/out/server/src/server.js:2393:5254)\n    at U2.updateEnvironmentWith (/home/publico/.var/app/com.visualstudio.code/data/vscode/extensions/uqbar.wollok-lsp-ide-0.5.3/out/server/src/server.js:2393:4989)\n    at JF (/home/publico/.var/app/com.visualstudio.code/data/vscode/extensions/uqbar.wollok-lsp-ide-0.5.3/out/server/src/server.js:2393:7383)\n    at F3.invoke (/home/publico/.var/app/com.visualstudio.code/data/vscode/extensions/uqbar.wollok-lsp-ide-0.5.3/out/server/src/server.js:3:157334)\n    at o.fire (/home/publico/.var/app/com.visualstudio.code/data/vscode/extensions/uqbar.wollok-lsp-ide-0.5.3/out/server/src/server.js:3:158104)\n    at /home/publico/.var/app/com.visualstudio.code/data/vscode/extensions/uqbar.wollok-lsp-ide-0.5.3/out/server/src/server.js:37:57871\n    at Zr (/home/publico/.var/app/com.visualstudio.code/data/vscode/extensions/uqbar.wollok-lsp-ide-0.5.3/out/server/src/server.js:8:1561)","timestamp":"2025-10-29T12:55:00.426Z"}
{"level":"error","message":"✘ Failed to rebuild document Failed to parse src/gimnasia.wtest: \n-- PARSING FAILED --------------------------------------------------\n\n  107 | //\t}\n  108 | \t\n> 109 | }\n      | ^\n\nExpected one of the following: \n\n'@', 'class', 'const', 'describe', 'mixin', 'object', 'only', 'package', 'program', 'test', 'var', '{', EOF, comment, not \"}\", whitespace\n","stack":"Error: Failed to parse src/gimnasia.wtest: \n-- PARSING FAILED --------------------------------------------------\n\n  107 | //\t}\n  108 | \t\n> 109 | }\n      | ^\n\nExpected one of the following: \n\n'@', 'class', 'const', 'describe', 'mixin', 'object', 'only', 'package', 'program', 'test', 'var', '{', EOF, comment, not \"}\", whitespace\n\n    at /home/publico/.var/app/com.visualstudio.code/data/vscode/extensions/uqbar.wollok-lsp-ide-0.5.3/out/server/src/server.js:2348:13026\n    at Array.map (<anonymous>)\n    at W1n (/home/publico/.var/app/com.visualstudio.code/data/vscode/extensions/uqbar.wollok-lsp-ide-0.5.3/out/server/src/server.js:2348:12950)\n    at U2.buildEnvironmentFrom (/home/publico/.var/app/com.visualstudio.code/data/vscode/extensions/uqbar.wollok-lsp-ide-0.5.3/out/server/src/server.js:2393:5254)\n    at U2.updateEnvironmentWith (/home/publico/.var/app/com.visualstudio.code/data/vscode/extensions/uqbar.wollok-lsp-ide-0.5.3/out/server/src/server.js:2393:4989)\n    at JF (/home/publico/.var/app/com.visualstudio.code/data/vscode/extensions/uqbar.wollok-lsp-ide-0.5.3/out/server/src/server.js:2393:7383)\n    at F3.invoke (/home/publico/.var/app/com.visualstudio.code/data/vscode/extensions/uqbar.wollok-lsp-ide-0.5.3/out/server/src/server.js:3:157334)\n    at o.fire (/home/publico/.var/app/com.visualstudio.code/data/vscode/extensions/uqbar.wollok-lsp-ide-0.5.3/out/server/src/server.js:3:158104)\n    at /home/publico/.var/app/com.visualstudio.code/data/vscode/extensions/uqbar.wollok-lsp-ide-0.5.3/out/server/src/server.js:37:57871\n    at Zr (/home/publico/.var/app/com.visualstudio.code/data/vscode/extensions/uqbar.wollok-lsp-ide-0.5.3/out/server/src/server.js:8:1561)","timestamp":"2025-10-29T12:55:01.779Z"}
{"level":"error","message":"✘ Failed to rebuild document Failed to parse src/gimnasia.wtest: \n-- PARSING FAILED --------------------------------------------------\n\n  107 | //\t}\n  108 | \t\n> 109 | }\n      | ^\n\nExpected one of the following: \n\n'@', 'class', 'const', 'describe', 'mixin', 'object', 'only', 'package', 'program', 'test', 'var', '{', EOF, comment, not \"}\", whitespace\n","stack":"Error: Failed to parse src/gimnasia.wtest: \n-- PARSING FAILED --------------------------------------------------\n\n  107 | //\t}\n  108 | \t\n> 109 | }\n      | ^\n\nExpected one of the following: \n\n'@', 'class', 'const', 'describe', 'mixin', 'object', 'only', 'package', 'program', 'test', 'var', '{', EOF, comment, not \"}\", whitespace\n\n    at /home/publico/.var/app/com.visualstudio.code/data/vscode/extensions/uqbar.wollok-lsp-ide-0.5.3/out/server/src/server.js:2348:13026\n    at Array.map (<anonymous>)\n    at W1n (/home/publico/.var/app/com.visualstudio.code/data/vscode/extensions/uqbar.wollok-lsp-ide-0.5.3/out/server/src/server.js:2348:12950)\n    at U2.buildEnvironmentFrom (/home/publico/.var/app/com.visualstudio.code/data/vscode/extensions/uqbar.wollok-lsp-ide-0.5.3/out/server/src/server.js:2393:5254)\n    at U2.updateEnvironmentWith (/home/publico/.var/app/com.visualstudio.code/data/vscode/extensions/uqbar.wollok-lsp-ide-0.5.3/out/server/src/server.js:2393:4989)\n    at JF (/home/publico/.var/app/com.visualstudio.code/data/vscode/extensions/uqbar.wollok-lsp-ide-0.5.3/out/server/src/server.js:2393:7383)\n    at F3.invoke (/home/publico/.var/app/com.visualstudio.code/data/vscode/extensions/uqbar.wollok-lsp-ide-0.5.3/out/server/src/server.js:3:157334)\n    at o.fire (/home/publico/.var/app/com.visualstudio.code/data/vscode/extensions/uqbar.wollok-lsp-ide-0.5.3/out/server/src/server.js:3:158104)\n    at /home/publico/.var/app/com.visualstudio.code/data/vscode/extensions/uqbar.wollok-lsp-ide-0.5.3/out/server/src/server.js:37:57871\n    at Zr (/home/publico/.var/app/com.visualstudio.code/data/vscode/extensions/uqbar.wollok-lsp-ide-0.5.3/out/server/src/server.js:8:1561)","timestamp":"2025-10-29T12:55:01.956Z"}
{"level":"info","message":"⌛ Building environment","timeElapsed":149,"timestamp":"2025-10-29T12:55:02.816Z"}
{"level":"info","message":"⌛ Validating src/gimnasia.wtest","timeElapsed":126,"timestamp":"2025-10-29T12:55:02.944Z"}
{"level":"info","message":"⌛ Building environment","timeElapsed":132,"timestamp":"2025-10-29T12:55:03.078Z"}
{"level":"info","message":"⌛ Validating src/gimnasia.wtest","timeElapsed":103,"timestamp":"2025-10-29T12:55:03.182Z"}
{"level":"info","message":"⌛ Building environment","timeElapsed":114,"timestamp":"2025-10-29T12:55:10.647Z"}
{"level":"info","message":"⌛ Validating src/gimnasia.wtest","timeElapsed":117,"timestamp":"2025-10-29T12:55:10.772Z"}
{"level":"info","message":"⌛ Building environment","timeElapsed":138,"timestamp":"2025-10-29T12:55:14.900Z"}
{"level":"info","message":"⌛ Building environment","timeElapsed":105,"timestamp":"2025-10-29T12:55:15.128Z"}
{"level":"info","message":"⌛ Building environment","timeElapsed":130,"timestamp":"2025-10-29T12:55:15.259Z"}
{"level":"info","message":"⌛ Building environment","timeElapsed":117,"timestamp":"2025-10-29T12:55:15.472Z"}
{"level":"info","message":"⌛ Building environment","timeElapsed":120,"timestamp":"2025-10-29T12:55:15.782Z"}
{"level":"info","message":"⌛ Validating src/gimnasia.wtest","timeElapsed":108,"timestamp":"2025-10-29T12:55:15.891Z"}
{"level":"info","message":"⌛ Building environment","timeElapsed":115,"timestamp":"2025-10-29T12:55:16.458Z"}
{"level":"info","message":"⌛ Validating src/gimnasia.wtest","timeElapsed":162,"timestamp":"2025-10-29T12:55:16.659Z"}
{"level":"info","message":"⌛ Building environment","timeElapsed":102,"timestamp":"2025-10-29T12:55:16.761Z"}
{"level":"info","message":"⌛ Building environment","timeElapsed":130,"timestamp":"2025-10-29T12:55:16.998Z"}
{"level":"info","message":"⌛ Validating src/gimnasia.wtest","timeElapsed":108,"timestamp":"2025-10-29T12:55:17.107Z"}
{"level":"info","message":"⌛ Building environment","timeElapsed":105,"timestamp":"2025-10-29T12:55:17.212Z"}
{"level":"info","message":"⌛ Building environment","timeElapsed":140,"timestamp":"2025-10-29T12:55:17.354Z"}
{"level":"info","message":"⌛ Validating src/gimnasia.wtest","timeElapsed":106,"timestamp":"2025-10-29T12:55:18.200Z"}
{"level":"info","message":"⌛ Building environment","timeElapsed":106,"timestamp":"2025-10-29T12:55:18.385Z"}
{"level":"info","message":"⌛ Building environment","timeElapsed":103,"timestamp":"2025-10-29T12:55:18.591Z"}
{"level":"info","message":"⌛ Validating src/gimnasia.wtest","timeElapsed":101,"timestamp":"2025-10-29T12:55:18.694Z"}
{"level":"info","message":"⌛ Building environment","timeElapsed":171,"timestamp":"2025-10-29T12:55:18.867Z"}
{"level":"info","message":"⌛ Validating src/gimnasia.wtest","timeElapsed":119,"timestamp":"2025-10-29T12:55:18.988Z"}
{"level":"info","message":"⌛ Building environment","timeElapsed":148,"timestamp":"2025-10-29T12:55:19.272Z"}
{"level":"info","message":"⌛ Validating src/gimnasia.wtest","timeElapsed":122,"timestamp":"2025-10-29T12:55:19.395Z"}
{"level":"info","message":"⌛ Building environment","timeElapsed":115,"timestamp":"2025-10-29T12:55:19.511Z"}
{"level":"info","message":"⌛ Building environment","timeElapsed":135,"timestamp":"2025-10-29T12:55:20.291Z"}
{"level":"error","message":"✘ Completions for node Send ([63:3, 63:27] - src/gimnasia.wtest) failed: Error: [Send]{478d39} at src/gimnasia.wtest:63 exhausted all cases without a match [Send]{478d39} at src/gimnasia.wtest:63 exhausted all cases without a match","stack":"Error: [Send]{478d39} at src/gimnasia.wtest:63 exhausted all cases without a match\n    at /home/publico/.var/app/com.visualstudio.code/data/vscode/extensions/uqbar.wollok-lsp-ide-0.5.3/out/server/src/server.js:38:6142\n    at D2 (/home/publico/.var/app/com.visualstudio.code/data/vscode/extensions/uqbar.wollok-lsp-ide-0.5.3/out/server/src/server.js:2384:42)\n    at Qh (/home/publico/.var/app/com.visualstudio.code/data/vscode/extensions/uqbar.wollok-lsp-ide-0.5.3/out/server/src/server.js:2384:1092)\n    at k6n (/home/publico/.var/app/com.visualstudio.code/data/vscode/extensions/uqbar.wollok-lsp-ide-0.5.3/out/server/src/server.js:2384:1248)\n    at /home/publico/.var/app/com.visualstudio.code/data/vscode/extensions/uqbar.wollok-lsp-ide-0.5.3/out/server/src/server.js:38:6131\n    at D2 (/home/publico/.var/app/com.visualstudio.code/data/vscode/extensions/uqbar.wollok-lsp-ide-0.5.3/out/server/src/server.js:2384:42)\n    at /home/publico/.var/app/com.visualstudio.code/data/vscode/extensions/uqbar.wollok-lsp-ide-0.5.3/out/server/src/server.js:2384:2988\n    at /home/publico/.var/app/com.visualstudio.code/data/vscode/extensions/uqbar.wollok-lsp-ide-0.5.3/out/server/src/server.js:2393:8440\n    at /home/publico/.var/app/com.visualstudio.code/data/vscode/extensions/uqbar.wollok-lsp-ide-0.5.3/out/server/src/server.js:37:74872\n    at Ye (/home/publico/.var/app/com.visualstudio.code/data/vscode/extensions/uqbar.wollok-lsp-ide-0.5.3/out/server/src/server.js:7:8527)","timestamp":"2025-10-29T12:55:20.321Z"}
{"level":"info","message":"⌛ Building environment","timeElapsed":112,"timestamp":"2025-10-29T12:55:23.079Z"}
{"level":"info","message":"⌛ Building environment","timeElapsed":127,"timestamp":"2025-10-29T12:55:24.863Z"}
{"level":"info","message":"⌛ Building environment","timeElapsed":155,"timestamp":"2025-10-29T12:55:25.149Z"}
{"level":"info","message":"⌛ Building environment","timeElapsed":150,"timestamp":"2025-10-29T12:55:25.300Z"}
{"level":"info","message":"⌛ Building environment","timeElapsed":120,"timestamp":"2025-10-29T12:55:26.297Z"}
{"level":"info","message":"⌛ Building environment","timeElapsed":126,"timestamp":"2025-10-29T12:55:31.055Z"}
{"level":"info","message":"⌛ Building environment","timeElapsed":118,"timestamp":"2025-10-29T12:55:31.364Z"}
{"level":"info","message":"⌛ Building environment","timeElapsed":129,"timestamp":"2025-10-29T12:55:31.746Z"}
{"level":"info","message":"⌛ Validating src/gimnasia.wtest","timeElapsed":101,"timestamp":"2025-10-29T12:55:31.904Z"}
{"level":"info","message":"⌛ Building environment","timeElapsed":110,"timestamp":"2025-10-29T12:55:32.023Z"}
{"level":"info","message":"⌛ Building environment","timeElapsed":115,"timestamp":"2025-10-29T12:55:32.239Z"}
{"level":"info","message":"⌛ Validating src/gimnasia.wtest","timeElapsed":101,"timestamp":"2025-10-29T12:55:32.342Z"}
{"level":"info","message":"⌛ Building environment","timeElapsed":161,"timestamp":"2025-10-29T12:55:34.579Z"}
{"level":"info","message":"⌛ Building environment","timeElapsed":118,"timestamp":"2025-10-29T12:55:37.301Z"}
{"level":"info","message":"⌛ Building environment","timeElapsed":111,"timestamp":"2025-10-29T12:55:38.063Z"}
{"level":"error","message":"✘ Completions for node Send ([64:3, 64:27] - src/gimnasia.wtest) failed: Error: [Send]{0bca12} at src/gimnasia.wtest:64 exhausted all cases without a match [Send]{0bca12} at src/gimnasia.wtest:64 exhausted all cases without a match","stack":"Error: [Send]{0bca12} at src/gimnasia.wtest:64 exhausted all cases without a match\n    at /home/publico/.var/app/com.visualstudio.code/data/vscode/extensions/uqbar.wollok-lsp-ide-0.5.3/out/server/src/server.js:38:6142\n    at D2 (/home/publico/.var/app/com.visualstudio.code/data/vscode/extensions/uqbar.wollok-lsp-ide-0.5.3/out/server/src/server.js:2384:42)\n    at Qh (/home/publico/.var/app/com.visualstudio.code/data/vscode/extensions/uqbar.wollok-lsp-ide-0.5.3/out/server/src/server.js:2384:1092)\n    at k6n (/home/publico/.var/app/com.visualstudio.code/data/vscode/extensions/uqbar.wollok-lsp-ide-0.5.3/out/server/src/server.js:2384:1248)\n    at /home/publico/.var/app/com.visualstudio.code/data/vscode/extensions/uqbar.wollok-lsp-ide-0.5.3/out/server/src/server.js:38:6131\n    at D2 (/home/publico/.var/app/com.visualstudio.code/data/vscode/extensions/uqbar.wollok-lsp-ide-0.5.3/out/server/src/server.js:2384:42)\n    at /home/publico/.var/app/com.visualstudio.code/data/vscode/extensions/uqbar.wollok-lsp-ide-0.5.3/out/server/src/server.js:2384:2988\n    at /home/publico/.var/app/com.visualstudio.code/data/vscode/extensions/uqbar.wollok-lsp-ide-0.5.3/out/server/src/server.js:2393:8440\n    at /home/publico/.var/app/com.visualstudio.code/data/vscode/extensions/uqbar.wollok-lsp-ide-0.5.3/out/server/src/server.js:37:74872\n    at Ye (/home/publico/.var/app/com.visualstudio.code/data/vscode/extensions/uqbar.wollok-lsp-ide-0.5.3/out/server/src/server.js:7:8527)","timestamp":"2025-10-29T12:55:38.099Z"}
{"level":"info","message":"⌛ Building environment","timeElapsed":122,"timestamp":"2025-10-29T12:55:38.233Z"}
{"level":"info","message":"⌛ Validating src/gimnasia.wtest","timeElapsed":121,"timestamp":"2025-10-29T12:55:38.355Z"}
{"level":"info","message":"⌛ Building environment","timeElapsed":102,"timestamp":"2025-10-29T12:55:38.458Z"}
{"level":"info","message":"⌛ Building environment","timeElapsed":130,"timestamp":"2025-10-29T12:55:38.681Z"}
{"level":"info","message":"⌛ Building environment","timeElapsed":130,"timestamp":"2025-10-29T12:55:38.814Z"}
{"level":"info","message":"⌛ Building environment","timeElapsed":126,"timestamp":"2025-10-29T12:55:39.128Z"}
{"level":"info","message":"⌛ Validating src/gimnasia.wtest","timeElapsed":112,"timestamp":"2025-10-29T12:55:39.247Z"}
{"level":"info","message":"⌛ Building environment","timeElapsed":113,"timestamp":"2025-10-29T12:55:39.444Z"}
{"level":"info","message":"⌛ Building environment","timeElapsed":130,"timestamp":"2025-10-29T12:55:39.613Z"}
{"level":"info","message":"⌛ Building environment","timeElapsed":110,"timestamp":"2025-10-29T12:55:39.818Z"}
{"level":"error","message":"✘ Completions for node Send ([64:3, 64:38] - src/gimnasia.wtest) failed: Error: [Send]{577895} at src/gimnasia.wtest:64 exhausted all cases without a match [Send]{577895} at src/gimnasia.wtest:64 exhausted all cases without a match","stack":"Error: [Send]{577895} at src/gimnasia.wtest:64 exhausted all cases without a match\n    at /home/publico/.var/app/com.visualstudio.code/data/vscode/extensions/uqbar.wollok-lsp-ide-0.5.3/out/server/src/server.js:38:6142\n    at D2 (/home/publico/.var/app/com.visualstudio.code/data/vscode/extensions/uqbar.wollok-lsp-ide-0.5.3/out/server/src/server.js:2384:42)\n    at Qh (/home/publico/.var/app/com.visualstudio.code/data/vscode/extensions/uqbar.wollok-lsp-ide-0.5.3/out/server/src/server.js:2384:1092)\n    at k6n (/home/publico/.var/app/com.visualstudio.code/data/vscode/extensions/uqbar.wollok-lsp-ide-0.5.3/out/server/src/server.js:2384:1248)\n    at /home/publico/.var/app/com.visualstudio.code/data/vscode/extensions/uqbar.wollok-lsp-ide-0.5.3/out/server/src/server.js:38:6131\n    at D2 (/home/publico/.var/app/com.visualstudio.code/data/vscode/extensions/uqbar.wollok-lsp-ide-0.5.3/out/server/src/server.js:2384:42)\n    at /home/publico/.var/app/com.visualstudio.code/data/vscode/extensions/uqbar.wollok-lsp-ide-0.5.3/out/server/src/server.js:2384:2988\n    at /home/publico/.var/app/com.visualstudio.code/data/vscode/extensions/uqbar.wollok-lsp-ide-0.5.3/out/server/src/server.js:2393:8440\n    at /home/publico/.var/app/com.visualstudio.code/data/vscode/extensions/uqbar.wollok-lsp-ide-0.5.3/out/server/src/server.js:37:74872\n    at Ye (/home/publico/.var/app/com.visualstudio.code/data/vscode/extensions/uqbar.wollok-lsp-ide-0.5.3/out/server/src/server.js:7:8527)","timestamp":"2025-10-29T12:55:39.852Z"}
{"level":"info","message":"⌛ Building environment","timeElapsed":121,"timestamp":"2025-10-29T12:55:40.067Z"}
{"level":"info","message":"⌛ Building environment","timeElapsed":132,"timestamp":"2025-10-29T12:55:40.201Z"}
{"level":"info","message":"⌛ Building environment","timeElapsed":140,"timestamp":"2025-10-29T12:55:40.824Z"}
{"level":"info","message":"🧪 Test runner executed on /home/publico/Escritorio/obj/2025c2s2-herencia-rutinas-rodriguezlucas763","result":{"errored":0,"failed":0,"ok":1},"testsFailed":[],"timeElapsed":526,"timestamp":"2025-10-29T12:55:50.302Z"}
{"level":"info","message":"⌛ Building environment","timeElapsed":170,"timestamp":"2025-10-29T12:55:56.701Z"}
{"level":"info","message":"⌛ Building environment","timeElapsed":114,"timestamp":"2025-10-29T12:55:57.179Z"}
{"level":"error","message":"✘ Failed to rebuild document Failed to parse src/gimnasia.wtest: \n-- PARSING FAILED --------------------------------------------------\n\n  107 | //\t}\n  108 | \t\n> 109 | }\n      | ^\n\nExpected one of the following: \n\n'@', 'class', 'const', 'describe', 'mixin', 'object', 'only', 'package', 'program', 'test', 'var', '{', EOF, comment, not \"}\", whitespace\n","stack":"Error: Failed to parse src/gimnasia.wtest: \n-- PARSING FAILED --------------------------------------------------\n\n  107 | //\t}\n  108 | \t\n> 109 | }\n      | ^\n\nExpected one of the following: \n\n'@', 'class', 'const', 'describe', 'mixin', 'object', 'only', 'package', 'program', 'test', 'var', '{', EOF, comment, not \"}\", whitespace\n\n    at /home/publico/.var/app/com.visualstudio.code/data/vscode/extensions/uqbar.wollok-lsp-ide-0.5.3/out/server/src/server.js:2348:13026\n    at Array.map (<anonymous>)\n    at W1n (/home/publico/.var/app/com.visualstudio.code/data/vscode/extensions/uqbar.wollok-lsp-ide-0.5.3/out/server/src/server.js:2348:12950)\n    at U2.buildEnvironmentFrom (/home/publico/.var/app/com.visualstudio.code/data/vscode/extensions/uqbar.wollok-lsp-ide-0.5.3/out/server/src/server.js:2393:5254)\n    at U2.updateEnvironmentWith (/home/publico/.var/app/com.visualstudio.code/data/vscode/extensions/uqbar.wollok-lsp-ide-0.5.3/out/server/src/server.js:2393:4989)\n    at JF (/home/publico/.var/app/com.visualstudio.code/data/vscode/extensions/uqbar.wollok-lsp-ide-0.5.3/out/server/src/server.js:2393:7383)\n    at F3.invoke (/home/publico/.var/app/com.visualstudio.code/data/vscode/extensions/uqbar.wollok-lsp-ide-0.5.3/out/server/src/server.js:3:157334)\n    at o.fire (/home/publico/.var/app/com.visualstudio.code/data/vscode/extensions/uqbar.wollok-lsp-ide-0.5.3/out/server/src/server.js:3:158104)\n    at /home/publico/.var/app/com.visualstudio.code/data/vscode/extensions/uqbar.wollok-lsp-ide-0.5.3/out/server/src/server.js:37:57871\n    at Zr (/home/publico/.var/app/com.visualstudio.code/data/vscode/extensions/uqbar.wollok-lsp-ide-0.5.3/out/server/src/server.js:8:1561)","timestamp":"2025-10-29T12:56:03.318Z"}
{"level":"error","message":"✘ Failed to rebuild document Failed to parse src/gimnasia.wtest: \n-- PARSING FAILED --------------------------------------------------\n\n  107 | //\t}\n  108 | \t\n> 109 | }\n      | ^\n\nExpected one of the following: \n\n'@', 'class', 'const', 'describe', 'mixin', 'object', 'only', 'package', 'program', 'test', 'var', '{', EOF, comment, not \"}\", whitespace\n","stack":"Error: Failed to parse src/gimnasia.wtest: \n-- PARSING FAILED --------------------------------------------------\n\n  107 | //\t}\n  108 | \t\n> 109 | }\n      | ^\n\nExpected one of the following: \n\n'@', 'class', 'const', 'describe', 'mixin', 'object', 'only', 'package', 'program', 'test', 'var', '{', EOF, comment, not \"}\", whitespace\n\n    at /home/publico/.var/app/com.visualstudio.code/data/vscode/extensions/uqbar.wollok-lsp-ide-0.5.3/out/server/src/server.js:2348:13026\n    at Array.map (<anonymous>)\n    at W1n (/home/publico/.var/app/com.visualstudio.code/data/vscode/extensions/uqbar.wollok-lsp-ide-0.5.3/out/server/src/server.js:2348:12950)\n    at U2.buildEnvironmentFrom (/home/publico/.var/app/com.visualstudio.code/data/vscode/extensions/uqbar.wollok-lsp-ide-0.5.3/out/server/src/server.js:2393:5254)\n    at U2.updateEnvironmentWith (/home/publico/.var/app/com.visualstudio.code/data/vscode/extensions/uqbar.wollok-lsp-ide-0.5.3/out/server/src/server.js:2393:4989)\n    at JF (/home/publico/.var/app/com.visualstudio.code/data/vscode/extensions/uqbar.wollok-lsp-ide-0.5.3/out/server/src/server.js:2393:7383)\n    at F3.invoke (/home/publico/.var/app/com.visualstudio.code/data/vscode/extensions/uqbar.wollok-lsp-ide-0.5.3/out/server/src/server.js:3:157334)\n    at o.fire (/home/publico/.var/app/com.visualstudio.code/data/vscode/extensions/uqbar.wollok-lsp-ide-0.5.3/out/server/src/server.js:3:158104)\n    at /home/publico/.var/app/com.visualstudio.code/data/vscode/extensions/uqbar.wollok-lsp-ide-0.5.3/out/server/src/server.js:37:57871\n    at Zr (/home/publico/.var/app/com.visualstudio.code/data/vscode/extensions/uqbar.wollok-lsp-ide-0.5.3/out/server/src/server.js:8:1561)","timestamp":"2025-10-29T12:56:03.521Z"}
{"level":"error","message":"✘ Failed to rebuild document Failed to parse src/gimnasia.wtest: \n-- PARSING FAILED --------------------------------------------------\n\n  107 | //\t}\n  108 | \t\n> 109 | }\n      | ^\n\nExpected one of the following: \n\n'@', 'class', 'const', 'describe', 'mixin', 'object', 'only', 'package', 'program', 'test', 'var', '{', EOF, comment, not \"}\", whitespace\n","stack":"Error: Failed to parse src/gimnasia.wtest: \n-- PARSING FAILED --------------------------------------------------\n\n  107 | //\t}\n  108 | \t\n> 109 | }\n      | ^\n\nExpected one of the following: \n\n'@', 'class', 'const', 'describe', 'mixin', 'object', 'only', 'package', 'program', 'test', 'var', '{', EOF, comment, not \"}\", whitespace\n\n    at /home/publico/.var/app/com.visualstudio.code/data/vscode/extensions/uqbar.wollok-lsp-ide-0.5.3/out/server/src/server.js:2348:13026\n    at Array.map (<anonymous>)\n    at W1n (/home/publico/.var/app/com.visualstudio.code/data/vscode/extensions/uqbar.wollok-lsp-ide-0.5.3/out/server/src/server.js:2348:12950)\n    at U2.buildEnvironmentFrom (/home/publico/.var/app/com.visualstudio.code/data/vscode/extensions/uqbar.wollok-lsp-ide-0.5.3/out/server/src/server.js:2393:5254)\n    at U2.updateEnvironmentWith (/home/publico/.var/app/com.visualstudio.code/data/vscode/extensions/uqbar.wollok-lsp-ide-0.5.3/out/server/src/server.js:2393:4989)\n    at JF (/home/publico/.var/app/com.visualstudio.code/data/vscode/extensions/uqbar.wollok-lsp-ide-0.5.3/out/server/src/server.js:2393:7383)\n    at F3.invoke (/home/publico/.var/app/com.visualstudio.code/data/vscode/extensions/uqbar.wollok-lsp-ide-0.5.3/out/server/src/server.js:3:157334)\n    at o.fire (/home/publico/.var/app/com.visualstudio.code/data/vscode/extensions/uqbar.wollok-lsp-ide-0.5.3/out/server/src/server.js:3:158104)\n    at /home/publico/.var/app/com.visualstudio.code/data/vscode/extensions/uqbar.wollok-lsp-ide-0.5.3/out/server/src/server.js:37:57871\n    at Zr (/home/publico/.var/app/com.visualstudio.code/data/vscode/extensions/uqbar.wollok-lsp-ide-0.5.3/out/server/src/server.js:8:1561)","timestamp":"2025-10-29T12:56:04.141Z"}
{"level":"error","message":"✘ Failed to rebuild document Failed to parse src/gimnasia.wtest: \n-- PARSING FAILED --------------------------------------------------\n\n  107 | //\t}\n  108 | \t\n> 109 | }\n      | ^\n\nExpected one of the following: \n\n'@', 'class', 'const', 'describe', 'mixin', 'object', 'only', 'package', 'program', 'test', 'var', '{', EOF, comment, not \"}\", whitespace\n","stack":"Error: Failed to parse src/gimnasia.wtest: \n-- PARSING FAILED --------------------------------------------------\n\n  107 | //\t}\n  108 | \t\n> 109 | }\n      | ^\n\nExpected one of the following: \n\n'@', 'class', 'const', 'describe', 'mixin', 'object', 'only', 'package', 'program', 'test', 'var', '{', EOF, comment, not \"}\", whitespace\n\n    at /home/publico/.var/app/com.visualstudio.code/data/vscode/extensions/uqbar.wollok-lsp-ide-0.5.3/out/server/src/server.js:2348:13026\n    at Array.map (<anonymous>)\n    at W1n (/home/publico/.var/app/com.visualstudio.code/data/vscode/extensions/uqbar.wollok-lsp-ide-0.5.3/out/server/src/server.js:2348:12950)\n    at U2.buildEnvironmentFrom (/home/publico/.var/app/com.visualstudio.code/data/vscode/extensions/uqbar.wollok-lsp-ide-0.5.3/out/server/src/server.js:2393:5254)\n    at U2.updateEnvironmentWith (/home/publico/.var/app/com.visualstudio.code/data/vscode/extensions/uqbar.wollok-lsp-ide-0.5.3/out/server/src/server.js:2393:4989)\n    at JF (/home/publico/.var/app/com.visualstudio.code/data/vscode/extensions/uqbar.wollok-lsp-ide-0.5.3/out/server/src/server.js:2393:7383)\n    at F3.invoke (/home/publico/.var/app/com.visualstudio.code/data/vscode/extensions/uqbar.wollok-lsp-ide-0.5.3/out/server/src/server.js:3:157334)\n    at o.fire (/home/publico/.var/app/com.visualstudio.code/data/vscode/extensions/uqbar.wollok-lsp-ide-0.5.3/out/server/src/server.js:3:158104)\n    at /home/publico/.var/app/com.visualstudio.code/data/vscode/extensions/uqbar.wollok-lsp-ide-0.5.3/out/server/src/server.js:37:57871\n    at Zr (/home/publico/.var/app/com.visualstudio.code/data/vscode/extensions/uqbar.wollok-lsp-ide-0.5.3/out/server/src/server.js:8:1561)","timestamp":"2025-10-29T12:56:04.357Z"}
{"level":"error","message":"✘ Failed to rebuild document Failed to parse src/gimnasia.wtest: \n-- PARSING FAILED --------------------------------------------------\n\n  107 | //\t}\n  108 | \t\n> 109 | }\n      | ^\n\nExpected one of the following: \n\n'@', 'class', 'const', 'describe', 'mixin', 'object', 'only', 'package', 'program', 'test', 'var', '{', EOF, comment, not \"}\", whitespace\n","stack":"Error: Failed to parse src/gimnasia.wtest: \n-- PARSING FAILED --------------------------------------------------\n\n  107 | //\t}\n  108 | \t\n> 109 | }\n      | ^\n\nExpected one of the following: \n\n'@', 'class', 'const', 'describe', 'mixin', 'object', 'only', 'package', 'program', 'test', 'var', '{', EOF, comment, not \"}\", whitespace\n\n    at /home/publico/.var/app/com.visualstudio.code/data/vscode/extensions/uqbar.wollok-lsp-ide-0.5.3/out/server/src/server.js:2348:13026\n    at Array.map (<anonymous>)\n    at W1n (/home/publico/.var/app/com.visualstudio.code/data/vscode/extensions/uqbar.wollok-lsp-ide-0.5.3/out/server/src/server.js:2348:12950)\n    at U2.buildEnvironmentFrom (/home/publico/.var/app/com.visualstudio.code/data/vscode/extensions/uqbar.wollok-lsp-ide-0.5.3/out/server/src/server.js:2393:5254)\n    at U2.updateEnvironmentWith (/home/publico/.var/app/com.visualstudio.code/data/vscode/extensions/uqbar.wollok-lsp-ide-0.5.3/out/server/src/server.js:2393:4989)\n    at JF (/home/publico/.var/app/com.visualstudio.code/data/vscode/extensions/uqbar.wollok-lsp-ide-0.5.3/out/server/src/server.js:2393:7383)\n    at F3.invoke (/home/publico/.var/app/com.visualstudio.code/data/vscode/extensions/uqbar.wollok-lsp-ide-0.5.3/out/server/src/server.js:3:157334)\n    at o.fire (/home/publico/.var/app/com.visualstudio.code/data/vscode/extensions/uqbar.wollok-lsp-ide-0.5.3/out/server/src/server.js:3:158104)\n    at /home/publico/.var/app/com.visualstudio.code/data/vscode/extensions/uqbar.wollok-lsp-ide-0.5.3/out/server/src/server.js:37:57871\n    at Zr (/home/publico/.var/app/com.visualstudio.code/data/vscode/extensions/uqbar.wollok-lsp-ide-0.5.3/out/server/src/server.js:8:1561)","timestamp":"2025-10-29T12:56:04.873Z"}
{"level":"error","message":"✘ Failed to rebuild document Failed to parse src/gimnasia.wtest: \n-- PARSING FAILED --------------------------------------------------\n\n  106 | //\t}\n  107 | \t\n> 108 | }\n      | ^\n\nExpected one of the following: \n\n'@', 'class', 'const', 'describe', 'mixin', 'object', 'only', 'package', 'program', 'test', 'var', '{', EOF, comment, not \"}\", whitespace\n","stack":"Error: Failed to parse src/gimnasia.wtest: \n-- PARSING FAILED --------------------------------------------------\n\n  106 | //\t}\n  107 | \t\n> 108 | }\n      | ^\n\nExpected one of the following: \n\n'@', 'class', 'const', 'describe', 'mixin', 'object', 'only', 'package', 'program', 'test', 'var', '{', EOF, comment, not \"}\", whitespace\n\n    at /home/publico/.var/app/com.visualstudio.code/data/vscode/extensions/uqbar.wollok-lsp-ide-0.5.3/out/server/src/server.js:2348:13026\n    at Array.map (<anonymous>)\n    at W1n (/home/publico/.var/app/com.visualstudio.code/data/vscode/extensions/uqbar.wollok-lsp-ide-0.5.3/out/server/src/server.js:2348:12950)\n    at U2.buildEnvironmentFrom (/home/publico/.var/app/com.visualstudio.code/data/vscode/extensions/uqbar.wollok-lsp-ide-0.5.3/out/server/src/server.js:2393:5254)\n    at U2.updateEnvironmentWith (/home/publico/.var/app/com.visualstudio.code/data/vscode/extensions/uqbar.wollok-lsp-ide-0.5.3/out/server/src/server.js:2393:4989)\n    at JF (/home/publico/.var/app/com.visualstudio.code/data/vscode/extensions/uqbar.wollok-lsp-ide-0.5.3/out/server/src/server.js:2393:7383)\n    at F3.invoke (/home/publico/.var/app/com.visualstudio.code/data/vscode/extensions/uqbar.wollok-lsp-ide-0.5.3/out/server/src/server.js:3:157334)\n    at o.fire (/home/publico/.var/app/com.visualstudio.code/data/vscode/extensions/uqbar.wollok-lsp-ide-0.5.3/out/server/src/server.js:3:158104)\n    at /home/publico/.var/app/com.visualstudio.code/data/vscode/extensions/uqbar.wollok-lsp-ide-0.5.3/out/server/src/server.js:37:57871\n    at Zr (/home/publico/.var/app/com.visualstudio.code/data/vscode/extensions/uqbar.wollok-lsp-ide-0.5.3/out/server/src/server.js:8:1561)","timestamp":"2025-10-29T12:56:05.052Z"}
{"level":"error","message":"✘ Failed to rebuild document Failed to parse src/gimnasia.wtest: \n-- PARSING FAILED --------------------------------------------------\n\n  107 | //\t}\n  108 | \t\n> 109 | }\n      | ^\n\nExpected one of the following: \n\n'@', 'class', 'const', 'describe', 'mixin', 'object', 'only', 'package', 'program', 'test', 'var', '{', EOF, comment, not \"}\", whitespace\n","stack":"Error: Failed to parse src/gimnasia.wtest: \n-- PARSING FAILED --------------------------------------------------\n\n  107 | //\t}\n  108 | \t\n> 109 | }\n      | ^\n\nExpected one of the following: \n\n'@', 'class', 'const', 'describe', 'mixin', 'object', 'only', 'package', 'program', 'test', 'var', '{', EOF, comment, not \"}\", whitespace\n\n    at /home/publico/.var/app/com.visualstudio.code/data/vscode/extensions/uqbar.wollok-lsp-ide-0.5.3/out/server/src/server.js:2348:13026\n    at Array.map (<anonymous>)\n    at W1n (/home/publico/.var/app/com.visualstudio.code/data/vscode/extensions/uqbar.wollok-lsp-ide-0.5.3/out/server/src/server.js:2348:12950)\n    at U2.buildEnvironmentFrom (/home/publico/.var/app/com.visualstudio.code/data/vscode/extensions/uqbar.wollok-lsp-ide-0.5.3/out/server/src/server.js:2393:5254)\n    at U2.updateEnvironmentWith (/home/publico/.var/app/com.visualstudio.code/data/vscode/extensions/uqbar.wollok-lsp-ide-0.5.3/out/server/src/server.js:2393:4989)\n    at JF (/home/publico/.var/app/com.visualstudio.code/data/vscode/extensions/uqbar.wollok-lsp-ide-0.5.3/out/server/src/server.js:2393:7383)\n    at F3.invoke (/home/publico/.var/app/com.visualstudio.code/data/vscode/extensions/uqbar.wollok-lsp-ide-0.5.3/out/server/src/server.js:3:157334)\n    at o.fire (/home/publico/.var/app/com.visualstudio.code/data/vscode/extensions/uqbar.wollok-lsp-ide-0.5.3/out/server/src/server.js:3:158104)\n    at /home/publico/.var/app/com.visualstudio.code/data/vscode/extensions/uqbar.wollok-lsp-ide-0.5.3/out/server/src/server.js:37:57871\n    at Zr (/home/publico/.var/app/com.visualstudio.code/data/vscode/extensions/uqbar.wollok-lsp-ide-0.5.3/out/server/src/server.js:8:1561)","timestamp":"2025-10-29T12:56:07.033Z"}
{"level":"error","message":"✘ Failed to rebuild document Failed to parse src/gimnasia.wtest: \n-- PARSING FAILED --------------------------------------------------\n\n  107 | //\t}\n  108 | \t\n> 109 | }\n      | ^\n\nExpected one of the following: \n\n'@', 'class', 'const', 'describe', 'mixin', 'object', 'only', 'package', 'program', 'test', 'var', '{', EOF, comment, not \"}\", whitespace\n","stack":"Error: Failed to parse src/gimnasia.wtest: \n-- PARSING FAILED --------------------------------------------------\n\n  107 | //\t}\n  108 | \t\n> 109 | }\n      | ^\n\nExpected one of the following: \n\n'@', 'class', 'const', 'describe', 'mixin', 'object', 'only', 'package', 'program', 'test', 'var', '{', EOF, comment, not \"}\", whitespace\n\n    at /home/publico/.var/app/com.visualstudio.code/data/vscode/extensions/uqbar.wollok-lsp-ide-0.5.3/out/server/src/server.js:2348:13026\n    at Array.map (<anonymous>)\n    at W1n (/home/publico/.var/app/com.visualstudio.code/data/vscode/extensions/uqbar.wollok-lsp-ide-0.5.3/out/server/src/server.js:2348:12950)\n    at U2.buildEnvironmentFrom (/home/publico/.var/app/com.visualstudio.code/data/vscode/extensions/uqbar.wollok-lsp-ide-0.5.3/out/server/src/server.js:2393:5254)\n    at U2.updateEnvironmentWith (/home/publico/.var/app/com.visualstudio.code/data/vscode/extensions/uqbar.wollok-lsp-ide-0.5.3/out/server/src/server.js:2393:4989)\n    at JF (/home/publico/.var/app/com.visualstudio.code/data/vscode/extensions/uqbar.wollok-lsp-ide-0.5.3/out/server/src/server.js:2393:7383)\n    at F3.invoke (/home/publico/.var/app/com.visualstudio.code/data/vscode/extensions/uqbar.wollok-lsp-ide-0.5.3/out/server/src/server.js:3:157334)\n    at o.fire (/home/publico/.var/app/com.visualstudio.code/data/vscode/extensions/uqbar.wollok-lsp-ide-0.5.3/out/server/src/server.js:3:158104)\n    at /home/publico/.var/app/com.visualstudio.code/data/vscode/extensions/uqbar.wollok-lsp-ide-0.5.3/out/server/src/server.js:37:57871\n    at Zr (/home/publico/.var/app/com.visualstudio.code/data/vscode/extensions/uqbar.wollok-lsp-ide-0.5.3/out/server/src/server.js:8:1561)","timestamp":"2025-10-29T12:56:08.182Z"}
{"level":"error","message":"✘ Failed to rebuild document Failed to parse src/gimnasia.wtest: \n-- PARSING FAILED --------------------------------------------------\n\n  107 | //\t}\n  108 | \t\n> 109 | }\n      | ^\n\nExpected one of the following: \n\n'@', 'class', 'const', 'describe', 'mixin', 'object', 'only', 'package', 'program', 'test', 'var', '{', EOF, comment, not \"}\", whitespace\n","stack":"Error: Failed to parse src/gimnasia.wtest: \n-- PARSING FAILED --------------------------------------------------\n\n  107 | //\t}\n  108 | \t\n> 109 | }\n      | ^\n\nExpected one of the following: \n\n'@', 'class', 'const', 'describe', 'mixin', 'object', 'only', 'package', 'program', 'test', 'var', '{', EOF, comment, not \"}\", whitespace\n\n    at /home/publico/.var/app/com.visualstudio.code/data/vscode/extensions/uqbar.wollok-lsp-ide-0.5.3/out/server/src/server.js:2348:13026\n    at Array.map (<anonymous>)\n    at W1n (/home/publico/.var/app/com.visualstudio.code/data/vscode/extensions/uqbar.wollok-lsp-ide-0.5.3/out/server/src/server.js:2348:12950)\n    at U2.buildEnvironmentFrom (/home/publico/.var/app/com.visualstudio.code/data/vscode/extensions/uqbar.wollok-lsp-ide-0.5.3/out/server/src/server.js:2393:5254)\n    at U2.updateEnvironmentWith (/home/publico/.var/app/com.visualstudio.code/data/vscode/extensions/uqbar.wollok-lsp-ide-0.5.3/out/server/src/server.js:2393:4989)\n    at JF (/home/publico/.var/app/com.visualstudio.code/data/vscode/extensions/uqbar.wollok-lsp-ide-0.5.3/out/server/src/server.js:2393:7383)\n    at F3.invoke (/home/publico/.var/app/com.visualstudio.code/data/vscode/extensions/uqbar.wollok-lsp-ide-0.5.3/out/server/src/server.js:3:157334)\n    at o.fire (/home/publico/.var/app/com.visualstudio.code/data/vscode/extensions/uqbar.wollok-lsp-ide-0.5.3/out/server/src/server.js:3:158104)\n    at /home/publico/.var/app/com.visualstudio.code/data/vscode/extensions/uqbar.wollok-lsp-ide-0.5.3/out/server/src/server.js:37:57871\n    at Zr (/home/publico/.var/app/com.visualstudio.code/data/vscode/extensions/uqbar.wollok-lsp-ide-0.5.3/out/server/src/server.js:8:1561)","timestamp":"2025-10-29T12:56:08.905Z"}
{"level":"error","message":"✘ Failed to rebuild document Failed to parse src/gimnasia.wtest: \n-- PARSING FAILED --------------------------------------------------\n\n  107 | //\t}\n  108 | \t\n> 109 | }\n      | ^\n\nExpected one of the following: \n\n'@', 'class', 'const', 'describe', 'mixin', 'object', 'only', 'package', 'program', 'test', 'var', '{', EOF, comment, not \"}\", whitespace\n","stack":"Error: Failed to parse src/gimnasia.wtest: \n-- PARSING FAILED --------------------------------------------------\n\n  107 | //\t}\n  108 | \t\n> 109 | }\n      | ^\n\nExpected one of the following: \n\n'@', 'class', 'const', 'describe', 'mixin', 'object', 'only', 'package', 'program', 'test', 'var', '{', EOF, comment, not \"}\", whitespace\n\n    at /home/publico/.var/app/com.visualstudio.code/data/vscode/extensions/uqbar.wollok-lsp-ide-0.5.3/out/server/src/server.js:2348:13026\n    at Array.map (<anonymous>)\n    at W1n (/home/publico/.var/app/com.visualstudio.code/data/vscode/extensions/uqbar.wollok-lsp-ide-0.5.3/out/server/src/server.js:2348:12950)\n    at U2.buildEnvironmentFrom (/home/publico/.var/app/com.visualstudio.code/data/vscode/extensions/uqbar.wollok-lsp-ide-0.5.3/out/server/src/server.js:2393:5254)\n    at U2.updateEnvironmentWith (/home/publico/.var/app/com.visualstudio.code/data/vscode/extensions/uqbar.wollok-lsp-ide-0.5.3/out/server/src/server.js:2393:4989)\n    at JF (/home/publico/.var/app/com.visualstudio.code/data/vscode/extensions/uqbar.wollok-lsp-ide-0.5.3/out/server/src/server.js:2393:7383)\n    at F3.invoke (/home/publico/.var/app/com.visualstudio.code/data/vscode/extensions/uqbar.wollok-lsp-ide-0.5.3/out/server/src/server.js:3:157334)\n    at o.fire (/home/publico/.var/app/com.visualstudio.code/data/vscode/extensions/uqbar.wollok-lsp-ide-0.5.3/out/server/src/server.js:3:158104)\n    at /home/publico/.var/app/com.visualstudio.code/data/vscode/extensions/uqbar.wollok-lsp-ide-0.5.3/out/server/src/server.js:37:57871\n    at Zr (/home/publico/.var/app/com.visualstudio.code/data/vscode/extensions/uqbar.wollok-lsp-ide-0.5.3/out/server/src/server.js:8:1561)","timestamp":"2025-10-29T12:56:09.158Z"}
{"level":"info","message":"⌛ Building environment","timeElapsed":114,"timestamp":"2025-10-29T12:56:09.766Z"}
{"level":"info","message":"⌛ Building environment","timeElapsed":106,"timestamp":"2025-10-29T12:56:09.965Z"}
{"level":"info","message":"⌛ Building environment","timeElapsed":125,"timestamp":"2025-10-29T12:56:12.713Z"}
{"level":"info","message":"⌛ Building environment","timeElapsed":124,"timestamp":"2025-10-29T13:04:34.333Z"}
{"level":"error","message":"✘ Completions for node Send ([41:17, 41:22] - src/gimnasia.wlk) failed: Error: [Send]{355464} at src/gimnasia.wlk:41 exhausted all cases without a match [Send]{355464} at src/gimnasia.wlk:41 exhausted all cases without a match","stack":"Error: [Send]{355464} at src/gimnasia.wlk:41 exhausted all cases without a match\n    at /home/publico/.var/app/com.visualstudio.code/data/vscode/extensions/uqbar.wollok-lsp-ide-0.5.3/out/server/src/server.js:38:6142\n    at D2 (/home/publico/.var/app/com.visualstudio.code/data/vscode/extensions/uqbar.wollok-lsp-ide-0.5.3/out/server/src/server.js:2384:42)\n    at Qh (/home/publico/.var/app/com.visualstudio.code/data/vscode/extensions/uqbar.wollok-lsp-ide-0.5.3/out/server/src/server.js:2384:1092)\n    at k6n (/home/publico/.var/app/com.visualstudio.code/data/vscode/extensions/uqbar.wollok-lsp-ide-0.5.3/out/server/src/server.js:2384:1248)\n    at /home/publico/.var/app/com.visualstudio.code/data/vscode/extensions/uqbar.wollok-lsp-ide-0.5.3/out/server/src/server.js:38:6131\n    at D2 (/home/publico/.var/app/com.visualstudio.code/data/vscode/extensions/uqbar.wollok-lsp-ide-0.5.3/out/server/src/server.js:2384:42)\n    at /home/publico/.var/app/com.visualstudio.code/data/vscode/extensions/uqbar.wollok-lsp-ide-0.5.3/out/server/src/server.js:2384:2988\n    at /home/publico/.var/app/com.visualstudio.code/data/vscode/extensions/uqbar.wollok-lsp-ide-0.5.3/out/server/src/server.js:2393:8440\n    at /home/publico/.var/app/com.visualstudio.code/data/vscode/extensions/uqbar.wollok-lsp-ide-0.5.3/out/server/src/server.js:37:74872\n    at Ye (/home/publico/.var/app/com.visualstudio.code/data/vscode/extensions/uqbar.wollok-lsp-ide-0.5.3/out/server/src/server.js:7:8527)","timestamp":"2025-10-29T13:04:34.369Z"}
{"level":"error","message":"✘ Completions for node Send ([41:16, 41:30] - src/gimnasia.wlk) failed: Error: [Send]{29c3f8} at src/gimnasia.wlk:41 exhausted all cases without a match [Send]{29c3f8} at src/gimnasia.wlk:41 exhausted all cases without a match","stack":"Error: [Send]{29c3f8} at src/gimnasia.wlk:41 exhausted all cases without a match\n    at /home/publico/.var/app/com.visualstudio.code/data/vscode/extensions/uqbar.wollok-lsp-ide-0.5.3/out/server/src/server.js:38:6142\n    at D2 (/home/publico/.var/app/com.visualstudio.code/data/vscode/extensions/uqbar.wollok-lsp-ide-0.5.3/out/server/src/server.js:2384:42)\n    at Qh (/home/publico/.var/app/com.visualstudio.code/data/vscode/extensions/uqbar.wollok-lsp-ide-0.5.3/out/server/src/server.js:2384:1092)\n    at D2 (/home/publico/.var/app/com.visualstudio.code/data/vscode/extensions/uqbar.wollok-lsp-ide-0.5.3/out/server/src/server.js:2384:544)\n    at Qh (/home/publico/.var/app/com.visualstudio.code/data/vscode/extensions/uqbar.wollok-lsp-ide-0.5.3/out/server/src/server.js:2384:1092)\n    at k6n (/home/publico/.var/app/com.visualstudio.code/data/vscode/extensions/uqbar.wollok-lsp-ide-0.5.3/out/server/src/server.js:2384:1248)\n    at /home/publico/.var/app/com.visualstudio.code/data/vscode/extensions/uqbar.wollok-lsp-ide-0.5.3/out/server/src/server.js:38:6131\n    at D2 (/home/publico/.var/app/com.visualstudio.code/data/vscode/extensions/uqbar.wollok-lsp-ide-0.5.3/out/server/src/server.js:2384:42)\n    at /home/publico/.var/app/com.visualstudio.code/data/vscode/extensions/uqbar.wollok-lsp-ide-0.5.3/out/server/src/server.js:2384:2988\n    at /home/publico/.var/app/com.visualstudio.code/data/vscode/extensions/uqbar.wollok-lsp-ide-0.5.3/out/server/src/server.js:2393:8440","timestamp":"2025-10-29T13:04:34.369Z"}
{"level":"error","message":"✘ Completions for node Return ([41:9, 41:30] - src/gimnasia.wlk) failed: Error: [Return]{66c325} at src/gimnasia.wlk:41 exhausted all cases without a match [Return]{66c325} at src/gimnasia.wlk:41 exhausted all cases without a match","stack":"Error: [Return]{66c325} at src/gimnasia.wlk:41 exhausted all cases without a match\n    at /home/publico/.var/app/com.visualstudio.code/data/vscode/extensions/uqbar.wollok-lsp-ide-0.5.3/out/server/src/server.js:38:6142\n    at D2 (/home/publico/.var/app/com.visualstudio.code/data/vscode/extensions/uqbar.wollok-lsp-ide-0.5.3/out/server/src/server.js:2384:42)\n    at Qh (/home/publico/.var/app/com.visualstudio.code/data/vscode/extensions/uqbar.wollok-lsp-ide-0.5.3/out/server/src/server.js:2384:1092)\n    at D2 (/home/publico/.var/app/com.visualstudio.code/data/vscode/extensions/uqbar.wollok-lsp-ide-0.5.3/out/server/src/server.js:2384:544)\n    at Qh (/home/publico/.var/app/com.visualstudio.code/data/vscode/extensions/uqbar.wollok-lsp-ide-0.5.3/out/server/src/server.js:2384:1092)\n    at D2 (/home/publico/.var/app/com.visualstudio.code/data/vscode/extensions/uqbar.wollok-lsp-ide-0.5.3/out/server/src/server.js:2384:544)\n    at Qh (/home/publico/.var/app/com.visualstudio.code/data/vscode/extensions/uqbar.wollok-lsp-ide-0.5.3/out/server/src/server.js:2384:1092)\n    at k6n (/home/publico/.var/app/com.visualstudio.code/data/vscode/extensions/uqbar.wollok-lsp-ide-0.5.3/out/server/src/server.js:2384:1248)\n    at /home/publico/.var/app/com.visualstudio.code/data/vscode/extensions/uqbar.wollok-lsp-ide-0.5.3/out/server/src/server.js:38:6131\n    at D2 (/home/publico/.var/app/com.visualstudio.code/data/vscode/extensions/uqbar.wollok-lsp-ide-0.5.3/out/server/src/server.js:2384:42)","timestamp":"2025-10-29T13:04:34.369Z"}
{"level":"info","message":"⌛ Building environment","timeElapsed":169,"timestamp":"2025-10-29T13:04:34.742Z"}
{"level":"info","message":"⌛ Validating src/gimnasia.wlk","timeElapsed":102,"timestamp":"2025-10-29T13:04:34.845Z"}
{"level":"error","message":"✘ Completions for node Send ([41:17, 41:24] - src/gimnasia.wlk) failed: Error: [Send]{f6c88e} at src/gimnasia.wlk:41 exhausted all cases without a match [Send]{f6c88e} at src/gimnasia.wlk:41 exhausted all cases without a match","stack":"Error: [Send]{f6c88e} at src/gimnasia.wlk:41 exhausted all cases without a match\n    at /home/publico/.var/app/com.visualstudio.code/data/vscode/extensions/uqbar.wollok-lsp-ide-0.5.3/out/server/src/server.js:38:6142\n    at D2 (/home/publico/.var/app/com.visualstudio.code/data/vscode/extensions/uqbar.wollok-lsp-ide-0.5.3/out/server/src/server.js:2384:42)\n    at Qh (/home/publico/.var/app/com.visualstudio.code/data/vscode/extensions/uqbar.wollok-lsp-ide-0.5.3/out/server/src/server.js:2384:1092)\n    at k6n (/home/publico/.var/app/com.visualstudio.code/data/vscode/extensions/uqbar.wollok-lsp-ide-0.5.3/out/server/src/server.js:2384:1248)\n    at /home/publico/.var/app/com.visualstudio.code/data/vscode/extensions/uqbar.wollok-lsp-ide-0.5.3/out/server/src/server.js:38:6131\n    at D2 (/home/publico/.var/app/com.visualstudio.code/data/vscode/extensions/uqbar.wollok-lsp-ide-0.5.3/out/server/src/server.js:2384:42)\n    at /home/publico/.var/app/com.visualstudio.code/data/vscode/extensions/uqbar.wollok-lsp-ide-0.5.3/out/server/src/server.js:2384:2988\n    at /home/publico/.var/app/com.visualstudio.code/data/vscode/extensions/uqbar.wollok-lsp-ide-0.5.3/out/server/src/server.js:2393:8440\n    at /home/publico/.var/app/com.visualstudio.code/data/vscode/extensions/uqbar.wollok-lsp-ide-0.5.3/out/server/src/server.js:37:74872\n    at Ye (/home/publico/.var/app/com.visualstudio.code/data/vscode/extensions/uqbar.wollok-lsp-ide-0.5.3/out/server/src/server.js:7:8527)","timestamp":"2025-10-29T13:04:34.873Z"}
{"level":"error","message":"✘ Completions for node Send ([41:16, 41:32] - src/gimnasia.wlk) failed: Error: [Send]{09b4b0} at src/gimnasia.wlk:41 exhausted all cases without a match [Send]{09b4b0} at src/gimnasia.wlk:41 exhausted all cases without a match","stack":"Error: [Send]{09b4b0} at src/gimnasia.wlk:41 exhausted all cases without a match\n    at /home/publico/.var/app/com.visualstudio.code/data/vscode/extensions/uqbar.wollok-lsp-ide-0.5.3/out/server/src/server.js:38:6142\n    at D2 (/home/publico/.var/app/com.visualstudio.code/data/vscode/extensions/uqbar.wollok-lsp-ide-0.5.3/out/server/src/server.js:2384:42)\n    at Qh (/home/publico/.var/app/com.visualstudio.code/data/vscode/extensions/uqbar.wollok-lsp-ide-0.5.3/out/server/src/server.js:2384:1092)\n    at D2 (/home/publico/.var/app/com.visualstudio.code/data/vscode/extensions/uqbar.wollok-lsp-ide-0.5.3/out/server/src/server.js:2384:544)\n    at Qh (/home/publico/.var/app/com.visualstudio.code/data/vscode/extensions/uqbar.wollok-lsp-ide-0.5.3/out/server/src/server.js:2384:1092)\n    at k6n (/home/publico/.var/app/com.visualstudio.code/data/vscode/extensions/uqbar.wollok-lsp-ide-0.5.3/out/server/src/server.js:2384:1248)\n    at /home/publico/.var/app/com.visualstudio.code/data/vscode/extensions/uqbar.wollok-lsp-ide-0.5.3/out/server/src/server.js:38:6131\n    at D2 (/home/publico/.var/app/com.visualstudio.code/data/vscode/extensions/uqbar.wollok-lsp-ide-0.5.3/out/server/src/server.js:2384:42)\n    at /home/publico/.var/app/com.visualstudio.code/data/vscode/extensions/uqbar.wollok-lsp-ide-0.5.3/out/server/src/server.js:2384:2988\n    at /home/publico/.var/app/com.visualstudio.code/data/vscode/extensions/uqbar.wollok-lsp-ide-0.5.3/out/server/src/server.js:2393:8440","timestamp":"2025-10-29T13:04:34.873Z"}
{"level":"error","message":"✘ Completions for node Return ([41:9, 41:32] - src/gimnasia.wlk) failed: Error: [Return]{0b65b4} at src/gimnasia.wlk:41 exhausted all cases without a match [Return]{0b65b4} at src/gimnasia.wlk:41 exhausted all cases without a match","stack":"Error: [Return]{0b65b4} at src/gimnasia.wlk:41 exhausted all cases without a match\n    at /home/publico/.var/app/com.visualstudio.code/data/vscode/extensions/uqbar.wollok-lsp-ide-0.5.3/out/server/src/server.js:38:6142\n    at D2 (/home/publico/.var/app/com.visualstudio.code/data/vscode/extensions/uqbar.wollok-lsp-ide-0.5.3/out/server/src/server.js:2384:42)\n    at Qh (/home/publico/.var/app/com.visualstudio.code/data/vscode/extensions/uqbar.wollok-lsp-ide-0.5.3/out/server/src/server.js:2384:1092)\n    at D2 (/home/publico/.var/app/com.visualstudio.code/data/vscode/extensions/uqbar.wollok-lsp-ide-0.5.3/out/server/src/server.js:2384:544)\n    at Qh (/home/publico/.var/app/com.visualstudio.code/data/vscode/extensions/uqbar.wollok-lsp-ide-0.5.3/out/server/src/server.js:2384:1092)\n    at D2 (/home/publico/.var/app/com.visualstudio.code/data/vscode/extensions/uqbar.wollok-lsp-ide-0.5.3/out/server/src/server.js:2384:544)\n    at Qh (/home/publico/.var/app/com.visualstudio.code/data/vscode/extensions/uqbar.wollok-lsp-ide-0.5.3/out/server/src/server.js:2384:1092)\n    at k6n (/home/publico/.var/app/com.visualstudio.code/data/vscode/extensions/uqbar.wollok-lsp-ide-0.5.3/out/server/src/server.js:2384:1248)\n    at /home/publico/.var/app/com.visualstudio.code/data/vscode/extensions/uqbar.wollok-lsp-ide-0.5.3/out/server/src/server.js:38:6131\n    at D2 (/home/publico/.var/app/com.visualstudio.code/data/vscode/extensions/uqbar.wollok-lsp-ide-0.5.3/out/server/src/server.js:2384:42)","timestamp":"2025-10-29T13:04:34.874Z"}
{"level":"info","message":"⌛ Building environment","timeElapsed":101,"timestamp":"2025-10-29T13:04:34.978Z"}
{"level":"info","message":"⌛ Validating src/gimnasia.wlk","timeElapsed":122,"timestamp":"2025-10-29T13:04:35.104Z"}
{"level":"info","message":"⌛ Building environment","timeElapsed":138,"timestamp":"2025-10-29T13:04:35.243Z"}
{"level":"info","message":"⌛ Building environment","timeElapsed":108,"timestamp":"2025-10-29T13:04:35.809Z"}
{"level":"error","message":"✘ Completions for node Super ([41:17, 41:25] - src/gimnasia.wlk) failed: Error: [Super]{e37752} at src/gimnasia.wlk:41 exhausted all cases without a match [Super]{e37752} at src/gimnasia.wlk:41 exhausted all cases without a match","stack":"Error: [Super]{e37752} at src/gimnasia.wlk:41 exhausted all cases without a match\n    at /home/publico/.var/app/com.visualstudio.code/data/vscode/extensions/uqbar.wollok-lsp-ide-0.5.3/out/server/src/server.js:38:6142\n    at D2 (/home/publico/.var/app/com.visualstudio.code/data/vscode/extensions/uqbar.wollok-lsp-ide-0.5.3/out/server/src/server.js:2384:42)\n    at Qh (/home/publico/.var/app/com.visualstudio.code/data/vscode/extensions/uqbar.wollok-lsp-ide-0.5.3/out/server/src/server.js:2384:1092)\n    at k6n (/home/publico/.var/app/com.visualstudio.code/data/vscode/extensions/uqbar.wollok-lsp-ide-0.5.3/out/server/src/server.js:2384:1248)\n    at /home/publico/.var/app/com.visualstudio.code/data/vscode/extensions/uqbar.wollok-lsp-ide-0.5.3/out/server/src/server.js:38:6131\n    at D2 (/home/publico/.var/app/com.visualstudio.code/data/vscode/extensions/uqbar.wollok-lsp-ide-0.5.3/out/server/src/server.js:2384:42)\n    at /home/publico/.var/app/com.visualstudio.code/data/vscode/extensions/uqbar.wollok-lsp-ide-0.5.3/out/server/src/server.js:2384:2988\n    at /home/publico/.var/app/com.visualstudio.code/data/vscode/extensions/uqbar.wollok-lsp-ide-0.5.3/out/server/src/server.js:2393:8440\n    at /home/publico/.var/app/com.visualstudio.code/data/vscode/extensions/uqbar.wollok-lsp-ide-0.5.3/out/server/src/server.js:37:74872\n    at Ye (/home/publico/.var/app/com.visualstudio.code/data/vscode/extensions/uqbar.wollok-lsp-ide-0.5.3/out/server/src/server.js:7:8527)","timestamp":"2025-10-29T13:04:36.087Z"}
{"level":"error","message":"✘ Completions for node Send ([41:17, 41:29] - src/gimnasia.wlk) failed: Error: [Send]{82a9cd} at src/gimnasia.wlk:41 exhausted all cases without a match [Send]{82a9cd} at src/gimnasia.wlk:41 exhausted all cases without a match","stack":"Error: [Send]{82a9cd} at src/gimnasia.wlk:41 exhausted all cases without a match\n    at /home/publico/.var/app/com.visualstudio.code/data/vscode/extensions/uqbar.wollok-lsp-ide-0.5.3/out/server/src/server.js:38:6142\n    at D2 (/home/publico/.var/app/com.visualstudio.code/data/vscode/extensions/uqbar.wollok-lsp-ide-0.5.3/out/server/src/server.js:2384:42)\n    at Qh (/home/publico/.var/app/com.visualstudio.code/data/vscode/extensions/uqbar.wollok-lsp-ide-0.5.3/out/server/src/server.js:2384:1092)\n    at D2 (/home/publico/.var/app/com.visualstudio.code/data/vscode/extensions/uqbar.wollok-lsp-ide-0.5.3/out/server/src/server.js:2384:544)\n    at Qh (/home/publico/.var/app/com.visualstudio.code/data/vscode/extensions/uqbar.wollok-lsp-ide-0.5.3/out/server/src/server.js:2384:1092)\n    at k6n (/home/publico/.var/app/com.visualstudio.code/data/vscode/extensions/uqbar.wollok-lsp-ide-0.5.3/out/server/src/server.js:2384:1248)\n    at /home/publico/.var/app/com.visualstudio.code/data/vscode/extensions/uqbar.wollok-lsp-ide-0.5.3/out/server/src/server.js:38:6131\n    at D2 (/home/publico/.var/app/com.visualstudio.code/data/vscode/extensions/uqbar.wollok-lsp-ide-0.5.3/out/server/src/server.js:2384:42)\n    at /home/publico/.var/app/com.visualstudio.code/data/vscode/extensions/uqbar.wollok-lsp-ide-0.5.3/out/server/src/server.js:2384:2988\n    at /home/publico/.var/app/com.visualstudio.code/data/vscode/extensions/uqbar.wollok-lsp-ide-0.5.3/out/server/src/server.js:2393:8440","timestamp":"2025-10-29T13:04:36.087Z"}
{"level":"error","message":"✘ Completions for node Send ([41:16, 41:37] - src/gimnasia.wlk) failed: Error: [Send]{0c62a6} at src/gimnasia.wlk:41 exhausted all cases without a match [Send]{0c62a6} at src/gimnasia.wlk:41 exhausted all cases without a match","stack":"Error: [Send]{0c62a6} at src/gimnasia.wlk:41 exhausted all cases without a match\n    at /home/publico/.var/app/com.visualstudio.code/data/vscode/extensions/uqbar.wollok-lsp-ide-0.5.3/out/server/src/server.js:38:6142\n    at D2 (/home/publico/.var/app/com.visualstudio.code/data/vscode/extensions/uqbar.wollok-lsp-ide-0.5.3/out/server/src/server.js:2384:42)\n    at Qh (/home/publico/.var/app/com.visualstudio.code/data/vscode/extensions/uqbar.wollok-lsp-ide-0.5.3/out/server/src/server.js:2384:1092)\n    at D2 (/home/publico/.var/app/com.visualstudio.code/data/vscode/extensions/uqbar.wollok-lsp-ide-0.5.3/out/server/src/server.js:2384:544)\n    at Qh (/home/publico/.var/app/com.visualstudio.code/data/vscode/extensions/uqbar.wollok-lsp-ide-0.5.3/out/server/src/server.js:2384:1092)\n    at D2 (/home/publico/.var/app/com.visualstudio.code/data/vscode/extensions/uqbar.wollok-lsp-ide-0.5.3/out/server/src/server.js:2384:544)\n    at Qh (/home/publico/.var/app/com.visualstudio.code/data/vscode/extensions/uqbar.wollok-lsp-ide-0.5.3/out/server/src/server.js:2384:1092)\n    at k6n (/home/publico/.var/app/com.visualstudio.code/data/vscode/extensions/uqbar.wollok-lsp-ide-0.5.3/out/server/src/server.js:2384:1248)\n    at /home/publico/.var/app/com.visualstudio.code/data/vscode/extensions/uqbar.wollok-lsp-ide-0.5.3/out/server/src/server.js:38:6131\n    at D2 (/home/publico/.var/app/com.visualstudio.code/data/vscode/extensions/uqbar.wollok-lsp-ide-0.5.3/out/server/src/server.js:2384:42)","timestamp":"2025-10-29T13:04:36.087Z"}
{"level":"error","message":"✘ Completions for node Return ([41:9, 41:37] - src/gimnasia.wlk) failed: Error: [Return]{c8b9bb} at src/gimnasia.wlk:41 exhausted all cases without a match [Return]{c8b9bb} at src/gimnasia.wlk:41 exhausted all cases without a match","stack":"Error: [Return]{c8b9bb} at src/gimnasia.wlk:41 exhausted all cases without a match\n    at /home/publico/.var/app/com.visualstudio.code/data/vscode/extensions/uqbar.wollok-lsp-ide-0.5.3/out/server/src/server.js:38:6142\n    at D2 (/home/publico/.var/app/com.visualstudio.code/data/vscode/extensions/uqbar.wollok-lsp-ide-0.5.3/out/server/src/server.js:2384:42)\n    at Qh (/home/publico/.var/app/com.visualstudio.code/data/vscode/extensions/uqbar.wollok-lsp-ide-0.5.3/out/server/src/server.js:2384:1092)\n    at D2 (/home/publico/.var/app/com.visualstudio.code/data/vscode/extensions/uqbar.wollok-lsp-ide-0.5.3/out/server/src/server.js:2384:544)\n    at Qh (/home/publico/.var/app/com.visualstudio.code/data/vscode/extensions/uqbar.wollok-lsp-ide-0.5.3/out/server/src/server.js:2384:1092)\n    at D2 (/home/publico/.var/app/com.visualstudio.code/data/vscode/extensions/uqbar.wollok-lsp-ide-0.5.3/out/server/src/server.js:2384:544)\n    at Qh (/home/publico/.var/app/com.visualstudio.code/data/vscode/extensions/uqbar.wollok-lsp-ide-0.5.3/out/server/src/server.js:2384:1092)\n    at D2 (/home/publico/.var/app/com.visualstudio.code/data/vscode/extensions/uqbar.wollok-lsp-ide-0.5.3/out/server/src/server.js:2384:544)\n    at Qh (/home/publico/.var/app/com.visualstudio.code/data/vscode/extensions/uqbar.wollok-lsp-ide-0.5.3/out/server/src/server.js:2384:1092)\n    at k6n (/home/publico/.var/app/com.visualstudio.code/data/vscode/extensions/uqbar.wollok-lsp-ide-0.5.3/out/server/src/server.js:2384:1248)","timestamp":"2025-10-29T13:04:36.088Z"}
{"level":"info","message":"⌛ Validating src/gimnasia.wlk","timeElapsed":110,"timestamp":"2025-10-29T13:04:36.390Z"}
{"level":"info","message":"⌛ Building environment","timeElapsed":136,"timestamp":"2025-10-29T13:04:36.626Z"}
{"level":"info","message":"⌛ Building environment","timeElapsed":159,"timestamp":"2025-10-29T13:07:36.370Z"}
{"level":"info","message":"⌛ Validating src/gimnasia.wtest","timeElapsed":120,"timestamp":"2025-10-29T13:07:36.493Z"}
{"level":"info","message":"⌛ Building environment","timeElapsed":121,"timestamp":"2025-10-29T13:07:38.620Z"}
{"level":"info","message":"⌛ Building environment","timeElapsed":107,"timestamp":"2025-10-29T13:07:38.862Z"}
{"level":"info","message":"⌛ Validating src/gimnasia.wtest","timeElapsed":108,"timestamp":"2025-10-29T13:07:38.989Z"}
{"level":"info","message":"⌛ Building environment","timeElapsed":133,"timestamp":"2025-10-29T13:07:39.127Z"}
{"level":"info","message":"⌛ Building environment","timeElapsed":130,"timestamp":"2025-10-29T13:07:39.258Z"}
{"level":"info","message":"⌛ Validating src/gimnasia.wtest","timeElapsed":111,"timestamp":"2025-10-29T13:07:39.371Z"}
{"level":"info","message":"⌛ Building environment","timeElapsed":120,"timestamp":"2025-10-29T13:07:39.492Z"}
{"level":"info","message":"⌛ Building environment","timeElapsed":108,"timestamp":"2025-10-29T13:07:39.693Z"}
{"level":"info","message":"⌛ Building environment","timeElapsed":141,"timestamp":"2025-10-29T13:07:39.834Z"}
{"level":"info","message":"⌛ Building environment","timeElapsed":112,"timestamp":"2025-10-29T13:07:40.043Z"}
{"level":"info","message":"⌛ Building environment","timeElapsed":117,"timestamp":"2025-10-29T13:07:40.493Z"}
{"level":"info","message":"⌛ Validating src/gimnasia.wtest","timeElapsed":141,"timestamp":"2025-10-29T13:07:40.668Z"}
{"level":"info","message":"⌛ Building environment","timeElapsed":133,"timestamp":"2025-10-29T13:07:41.425Z"}
{"level":"info","message":"⌛ Validating src/gimnasia.wtest","timeElapsed":181,"timestamp":"2025-10-29T13:07:41.668Z"}
{"level":"info","message":"⌛ Building environment","timeElapsed":138,"timestamp":"2025-10-29T13:07:42.598Z"}
{"level":"info","message":"⌛ Building environment","timeElapsed":111,"timestamp":"2025-10-29T13:07:42.926Z"}
{"level":"info","message":"⌛ Building environment","timeElapsed":105,"timestamp":"2025-10-29T13:07:43.216Z"}
{"level":"info","message":"⌛ Building environment","timeElapsed":111,"timestamp":"2025-10-29T13:07:43.511Z"}
{"level":"info","message":"⌛ Building environment","timeElapsed":105,"timestamp":"2025-10-29T13:07:43.766Z"}
{"level":"info","message":"⌛ Building environment","timeElapsed":107,"timestamp":"2025-10-29T13:07:43.997Z"}
{"level":"info","message":"⌛ Building environment","timeElapsed":124,"timestamp":"2025-10-29T13:07:44.565Z"}
{"level":"info","message":"⌛ Building environment","timeElapsed":115,"timestamp":"2025-10-29T13:07:44.819Z"}
{"level":"info","message":"⌛ Building environment","timeElapsed":109,"timestamp":"2025-10-29T13:07:45.340Z"}
{"level":"info","message":"⌛ Building environment","timeElapsed":107,"timestamp":"2025-10-29T13:07:45.633Z"}
{"level":"info","message":"⌛ Building environment","timeElapsed":108,"timestamp":"2025-10-29T13:07:45.878Z"}
{"level":"info","message":"⌛ Building environment","timeElapsed":123,"timestamp":"2025-10-29T13:07:46.002Z"}
{"level":"info","message":"⌛ Building environment","timeElapsed":115,"timestamp":"2025-10-29T13:07:46.220Z"}
{"level":"info","message":"⌛ Building environment","timeElapsed":107,"timestamp":"2025-10-29T13:07:46.533Z"}
{"level":"info","message":"⌛ Building environment","timeElapsed":106,"timestamp":"2025-10-29T13:07:47.443Z"}
{"level":"info","message":"⌛ Building environment","timeElapsed":106,"timestamp":"2025-10-29T13:07:47.638Z"}
{"level":"info","message":"⌛ Building environment","timeElapsed":120,"timestamp":"2025-10-29T13:07:50.111Z"}
{"level":"info","message":"⌛ Building environment","timeElapsed":162,"timestamp":"2025-10-29T13:07:50.363Z"}
{"level":"info","message":"⌛ Building environment","timeElapsed":158,"timestamp":"2025-10-29T13:08:12.652Z"}
{"level":"info","message":"⌛ Building environment","timeElapsed":128,"timestamp":"2025-10-29T13:08:12.888Z"}
{"level":"info","message":"⌛ Building environment","timeElapsed":117,"timestamp":"2025-10-29T13:08:13.138Z"}
{"level":"info","message":"⌛ Building environment","timeElapsed":141,"timestamp":"2025-10-29T13:08:13.280Z"}
{"level":"info","message":"⌛ Validating src/gimnasia.wtest","timeElapsed":101,"timestamp":"2025-10-29T13:08:13.383Z"}
{"level":"info","message":"⌛ Building environment","timeElapsed":120,"timestamp":"2025-10-29T13:08:13.579Z"}
{"level":"info","message":"⌛ Building environment","timeElapsed":146,"timestamp":"2025-10-29T13:08:13.733Z"}
{"level":"info","message":"⌛ Building environment","timeElapsed":163,"timestamp":"2025-10-29T13:08:14.346Z"}
{"level":"info","message":"⌛ Validating src/gimnasia.wtest","timeElapsed":142,"timestamp":"2025-10-29T13:08:14.535Z"}
{"level":"info","message":"⌛ Building environment","timeElapsed":141,"timestamp":"2025-10-29T13:08:14.683Z"}
{"level":"info","message":"⌛ Building environment","timeElapsed":150,"timestamp":"2025-10-29T13:08:14.841Z"}
{"level":"info","message":"⌛ Validating src/gimnasia.wtest","timeElapsed":117,"timestamp":"2025-10-29T13:08:14.958Z"}
{"level":"info","message":"⌛ Building environment","timeElapsed":110,"timestamp":"2025-10-29T13:08:15.144Z"}
{"level":"info","message":"⌛ Building environment","timeElapsed":132,"timestamp":"2025-10-29T13:08:15.277Z"}
{"level":"info","message":"⌛ Building environment","timeElapsed":115,"timestamp":"2025-10-29T13:08:15.923Z"}
{"level":"error","message":"✘ Completions for node Send ([69:3, 69:27] - src/gimnasia.wtest) failed: Error: [Send]{797689} at src/gimnasia.wtest:69 exhausted all cases without a match [Send]{797689} at src/gimnasia.wtest:69 exhausted all cases without a match","stack":"Error: [Send]{797689} at src/gimnasia.wtest:69 exhausted all cases without a match\n    at /home/publico/.var/app/com.visualstudio.code/data/vscode/extensions/uqbar.wollok-lsp-ide-0.5.3/out/server/src/server.js:38:6142\n    at D2 (/home/publico/.var/app/com.visualstudio.code/data/vscode/extensions/uqbar.wollok-lsp-ide-0.5.3/out/server/src/server.js:2384:42)\n    at Qh (/home/publico/.var/app/com.visualstudio.code/data/vscode/extensions/uqbar.wollok-lsp-ide-0.5.3/out/server/src/server.js:2384:1092)\n    at k6n (/home/publico/.var/app/com.visualstudio.code/data/vscode/extensions/uqbar.wollok-lsp-ide-0.5.3/out/server/src/server.js:2384:1248)\n    at /home/publico/.var/app/com.visualstudio.code/data/vscode/extensions/uqbar.wollok-lsp-ide-0.5.3/out/server/src/server.js:38:6131\n    at D2 (/home/publico/.var/app/com.visualstudio.code/data/vscode/extensions/uqbar.wollok-lsp-ide-0.5.3/out/server/src/server.js:2384:42)\n    at /home/publico/.var/app/com.visualstudio.code/data/vscode/extensions/uqbar.wollok-lsp-ide-0.5.3/out/server/src/server.js:2384:2988\n    at /home/publico/.var/app/com.visualstudio.code/data/vscode/extensions/uqbar.wollok-lsp-ide-0.5.3/out/server/src/server.js:2393:8440\n    at /home/publico/.var/app/com.visualstudio.code/data/vscode/extensions/uqbar.wollok-lsp-ide-0.5.3/out/server/src/server.js:37:74872\n    at Ye (/home/publico/.var/app/com.visualstudio.code/data/vscode/extensions/uqbar.wollok-lsp-ide-0.5.3/out/server/src/server.js:7:8527)","timestamp":"2025-10-29T13:08:15.957Z"}
{"level":"info","message":"⌛ Building environment","timeElapsed":125,"timestamp":"2025-10-29T13:08:16.173Z"}
{"level":"info","message":"⌛ Building environment","timeElapsed":174,"timestamp":"2025-10-29T13:08:16.347Z"}
{"level":"info","message":"⌛ Building environment","timeElapsed":130,"timestamp":"2025-10-29T13:08:16.579Z"}
{"level":"info","message":"⌛ Building environment","timeElapsed":146,"timestamp":"2025-10-29T13:08:16.859Z"}
{"level":"info","message":"⌛ Building environment","timeElapsed":115,"timestamp":"2025-10-29T13:08:20.154Z"}
{"level":"info","message":"⌛ Building environment","timeElapsed":115,"timestamp":"2025-10-29T13:08:20.369Z"}
{"level":"info","message":"⌛ Building environment","timeElapsed":110,"timestamp":"2025-10-29T13:08:20.519Z"}
{"level":"info","message":"⌛ Building environment","timeElapsed":101,"timestamp":"2025-10-29T13:08:20.712Z"}
{"level":"info","message":"⌛ Building environment","timeElapsed":108,"timestamp":"2025-10-29T13:08:20.923Z"}
{"level":"info","message":"⌛ Building environment","timeElapsed":138,"timestamp":"2025-10-29T13:08:21.155Z"}
{"level":"info","message":"⌛ Building environment","timeElapsed":113,"timestamp":"2025-10-29T13:08:21.771Z"}
{"level":"info","message":"⌛ Building environment","timeElapsed":110,"timestamp":"2025-10-29T13:08:22.828Z"}
{"level":"info","message":"⌛ Validating src/gimnasia.wtest","timeElapsed":106,"timestamp":"2025-10-29T13:08:22.935Z"}
{"level":"info","message":"⌛ Building environment","timeElapsed":126,"timestamp":"2025-10-29T13:08:23.061Z"}
{"level":"info","message":"⌛ Building environment","timeElapsed":115,"timestamp":"2025-10-29T13:08:25.467Z"}
{"level":"error","message":"✘ Completions for node Send ([70:3, 70:23] - src/gimnasia.wtest) failed: Error: [Send]{53d43b} at src/gimnasia.wtest:70 exhausted all cases without a match [Send]{53d43b} at src/gimnasia.wtest:70 exhausted all cases without a match","stack":"Error: [Send]{53d43b} at src/gimnasia.wtest:70 exhausted all cases without a match\n    at /home/publico/.var/app/com.visualstudio.code/data/vscode/extensions/uqbar.wollok-lsp-ide-0.5.3/out/server/src/server.js:38:6142\n    at D2 (/home/publico/.var/app/com.visualstudio.code/data/vscode/extensions/uqbar.wollok-lsp-ide-0.5.3/out/server/src/server.js:2384:42)\n    at Qh (/home/publico/.var/app/com.visualstudio.code/data/vscode/extensions/uqbar.wollok-lsp-ide-0.5.3/out/server/src/server.js:2384:1092)\n    at k6n (/home/publico/.var/app/com.visualstudio.code/data/vscode/extensions/uqbar.wollok-lsp-ide-0.5.3/out/server/src/server.js:2384:1248)\n    at /home/publico/.var/app/com.visualstudio.code/data/vscode/extensions/uqbar.wollok-lsp-ide-0.5.3/out/server/src/server.js:38:6131\n    at D2 (/home/publico/.var/app/com.visualstudio.code/data/vscode/extensions/uqbar.wollok-lsp-ide-0.5.3/out/server/src/server.js:2384:42)\n    at /home/publico/.var/app/com.visualstudio.code/data/vscode/extensions/uqbar.wollok-lsp-ide-0.5.3/out/server/src/server.js:2384:2988\n    at /home/publico/.var/app/com.visualstudio.code/data/vscode/extensions/uqbar.wollok-lsp-ide-0.5.3/out/server/src/server.js:2393:8440\n    at /home/publico/.var/app/com.visualstudio.code/data/vscode/extensions/uqbar.wollok-lsp-ide-0.5.3/out/server/src/server.js:37:74872\n    at Ye (/home/publico/.var/app/com.visualstudio.code/data/vscode/extensions/uqbar.wollok-lsp-ide-0.5.3/out/server/src/server.js:7:8527)","timestamp":"2025-10-29T13:08:25.500Z"}
{"level":"info","message":"⌛ Building environment","timeElapsed":125,"timestamp":"2025-10-29T13:08:25.629Z"}
{"level":"info","message":"⌛ Validating src/gimnasia.wtest","timeElapsed":112,"timestamp":"2025-10-29T13:08:25.742Z"}
{"level":"info","message":"⌛ Building environment","timeElapsed":111,"timestamp":"2025-10-29T13:08:25.854Z"}
{"level":"info","message":"⌛ Validating src/gimnasia.wtest","timeElapsed":106,"timestamp":"2025-10-29T13:08:25.960Z"}
{"level":"info","message":"⌛ Building environment","timeElapsed":190,"timestamp":"2025-10-29T13:08:26.150Z"}
{"level":"info","message":"⌛ Building environment","timeElapsed":134,"timestamp":"2025-10-29T13:08:26.286Z"}
{"level":"info","message":"⌛ Validating src/gimnasia.wtest","timeElapsed":114,"timestamp":"2025-10-29T13:08:26.403Z"}
{"level":"info","message":"⌛ Building environment","timeElapsed":135,"timestamp":"2025-10-29T13:08:26.538Z"}
{"level":"info","message":"⌛ Validating src/gimnasia.wtest","timeElapsed":120,"timestamp":"2025-10-29T13:08:26.659Z"}
{"level":"info","message":"⌛ Building environment","timeElapsed":108,"timestamp":"2025-10-29T13:08:26.853Z"}
{"level":"info","message":"⌛ Building environment","timeElapsed":121,"timestamp":"2025-10-29T13:08:27.007Z"}
{"level":"info","message":"⌛ Building environment","timeElapsed":110,"timestamp":"2025-10-29T13:08:27.209Z"}
{"level":"info","message":"⌛ Building environment","timeElapsed":162,"timestamp":"2025-10-29T13:08:27.372Z"}
{"level":"info","message":"⌛ Building environment","timeElapsed":120,"timestamp":"2025-10-29T13:08:27.584Z"}
{"level":"error","message":"✘ Completions for node Send ([70:3, 70:36] - src/gimnasia.wtest) failed: Error: [Send]{314a77} at src/gimnasia.wtest:70 exhausted all cases without a match [Send]{314a77} at src/gimnasia.wtest:70 exhausted all cases without a match","stack":"Error: [Send]{314a77} at src/gimnasia.wtest:70 exhausted all cases without a match\n    at /home/publico/.var/app/com.visualstudio.code/data/vscode/extensions/uqbar.wollok-lsp-ide-0.5.3/out/server/src/server.js:38:6142\n    at D2 (/home/publico/.var/app/com.visualstudio.code/data/vscode/extensions/uqbar.wollok-lsp-ide-0.5.3/out/server/src/server.js:2384:42)\n    at Qh (/home/publico/.var/app/com.visualstudio.code/data/vscode/extensions/uqbar.wollok-lsp-ide-0.5.3/out/server/src/server.js:2384:1092)\n    at k6n (/home/publico/.var/app/com.visualstudio.code/data/vscode/extensions/uqbar.wollok-lsp-ide-0.5.3/out/server/src/server.js:2384:1248)\n    at /home/publico/.var/app/com.visualstudio.code/data/vscode/extensions/uqbar.wollok-lsp-ide-0.5.3/out/server/src/server.js:38:6131\n    at D2 (/home/publico/.var/app/com.visualstudio.code/data/vscode/extensions/uqbar.wollok-lsp-ide-0.5.3/out/server/src/server.js:2384:42)\n    at /home/publico/.var/app/com.visualstudio.code/data/vscode/extensions/uqbar.wollok-lsp-ide-0.5.3/out/server/src/server.js:2384:2988\n    at /home/publico/.var/app/com.visualstudio.code/data/vscode/extensions/uqbar.wollok-lsp-ide-0.5.3/out/server/src/server.js:2393:8440\n    at /home/publico/.var/app/com.visualstudio.code/data/vscode/extensions/uqbar.wollok-lsp-ide-0.5.3/out/server/src/server.js:37:74872\n    at Ye (/home/publico/.var/app/com.visualstudio.code/data/vscode/extensions/uqbar.wollok-lsp-ide-0.5.3/out/server/src/server.js:7:8527)","timestamp":"2025-10-29T13:08:27.621Z"}
{"level":"info","message":"⌛ Building environment","timeElapsed":123,"timestamp":"2025-10-29T13:08:27.902Z"}
{"level":"info","message":"⌛ Building environment","timeElapsed":139,"timestamp":"2025-10-29T13:08:31.541Z"}
{"level":"info","message":"⌛ Validating src/gimnasia.wtest","timeElapsed":109,"timestamp":"2025-10-29T13:08:31.652Z"}
{"level":"info","message":"⌛ Building environment","timeElapsed":154,"timestamp":"2025-10-29T13:08:31.807Z"}
{"level":"info","message":"🧪 Test runner executed on /home/publico/Escritorio/obj/2025c2s2-herencia-rutinas-rodriguezlucas763","result":{"errored":0,"failed":0,"ok":1},"testsFailed":[],"timeElapsed":539,"timestamp":"2025-10-29T13:08:35.562Z"}
{"level":"info","message":"⌛ Building environment","timeElapsed":106,"timestamp":"2025-10-29T13:08:40.906Z"}
{"level":"info","message":"⌛ Building environment","timeElapsed":125,"timestamp":"2025-10-29T13:08:41.964Z"}
{"level":"info","message":"⌛ Building environment","timeElapsed":114,"timestamp":"2025-10-29T13:08:42.196Z"}
{"level":"info","message":"⌛ Building environment","timeElapsed":150,"timestamp":"2025-10-29T13:08:42.386Z"}
{"level":"info","message":"⌛ Building environment","timeElapsed":112,"timestamp":"2025-10-29T13:08:43.060Z"}
{"level":"info","message":"⌛ Building environment","timeElapsed":114,"timestamp":"2025-10-29T13:08:43.276Z"}
{"level":"info","message":"⌛ Building environment","timeElapsed":167,"timestamp":"2025-10-29T13:08:43.548Z"}
{"level":"info","message":"⌛ Validating src/gimnasia.wtest","timeElapsed":103,"timestamp":"2025-10-29T13:08:43.653Z"}
{"level":"info","message":"⌛ Building environment","timeElapsed":129,"timestamp":"2025-10-29T13:08:45.125Z"}
{"level":"info","message":"⌛ Building environment","timeElapsed":122,"timestamp":"2025-10-29T13:08:45.404Z"}
{"level":"info","message":"⌛ Building environment","timeElapsed":124,"timestamp":"2025-10-29T13:08:45.767Z"}
{"level":"error","message":"✘ Failed to rebuild document Failed to parse src/gimnasia.wtest: \n-- PARSING FAILED --------------------------------------------------\n\nGot the end of the input\n\nExpected one of the following: \n\n' ', '@', 'const', 'method', 'only', 'override', 'test', 'var', '{', '}', any character/byte, comment, whitespace\n","stack":"Error: Failed to parse src/gimnasia.wtest: \n-- PARSING FAILED --------------------------------------------------\n\nGot the end of the input\n\nExpected one of the following: \n\n' ', '@', 'const', 'method', 'only', 'override', 'test', 'var', '{', '}', any character/byte, comment, whitespace\n\n    at /home/publico/.var/app/com.visualstudio.code/data/vscode/extensions/uqbar.wollok-lsp-ide-0.5.3/out/server/src/server.js:2348:13026\n    at Array.map (<anonymous>)\n    at W1n (/home/publico/.var/app/com.visualstudio.code/data/vscode/extensions/uqbar.wollok-lsp-ide-0.5.3/out/server/src/server.js:2348:12950)\n    at U2.buildEnvironmentFrom (/home/publico/.var/app/com.visualstudio.code/data/vscode/extensions/uqbar.wollok-lsp-ide-0.5.3/out/server/src/server.js:2393:5254)\n    at U2.updateEnvironmentWith (/home/publico/.var/app/com.visualstudio.code/data/vscode/extensions/uqbar.wollok-lsp-ide-0.5.3/out/server/src/server.js:2393:4989)\n    at JF (/home/publico/.var/app/com.visualstudio.code/data/vscode/extensions/uqbar.wollok-lsp-ide-0.5.3/out/server/src/server.js:2393:7383)\n    at F3.invoke (/home/publico/.var/app/com.visualstudio.code/data/vscode/extensions/uqbar.wollok-lsp-ide-0.5.3/out/server/src/server.js:3:157334)\n    at o.fire (/home/publico/.var/app/com.visualstudio.code/data/vscode/extensions/uqbar.wollok-lsp-ide-0.5.3/out/server/src/server.js:3:158104)\n    at /home/publico/.var/app/com.visualstudio.code/data/vscode/extensions/uqbar.wollok-lsp-ide-0.5.3/out/server/src/server.js:37:57871\n    at Zr (/home/publico/.var/app/com.visualstudio.code/data/vscode/extensions/uqbar.wollok-lsp-ide-0.5.3/out/server/src/server.js:8:1561)","timestamp":"2025-10-29T13:08:48.607Z"}
{"level":"error","message":"✘ Failed to rebuild document Failed to parse src/gimnasia.wtest: \n-- PARSING FAILED --------------------------------------------------\n\nGot the end of the input\n\nExpected one of the following: \n\n' ', '@', 'const', 'method', 'only', 'override', 'test', 'var', '{', '}', any character/byte, comment, whitespace\n","stack":"Error: Failed to parse src/gimnasia.wtest: \n-- PARSING FAILED --------------------------------------------------\n\nGot the end of the input\n\nExpected one of the following: \n\n' ', '@', 'const', 'method', 'only', 'override', 'test', 'var', '{', '}', any character/byte, comment, whitespace\n\n    at /home/publico/.var/app/com.visualstudio.code/data/vscode/extensions/uqbar.wollok-lsp-ide-0.5.3/out/server/src/server.js:2348:13026\n    at Array.map (<anonymous>)\n    at W1n (/home/publico/.var/app/com.visualstudio.code/data/vscode/extensions/uqbar.wollok-lsp-ide-0.5.3/out/server/src/server.js:2348:12950)\n    at U2.buildEnvironmentFrom (/home/publico/.var/app/com.visualstudio.code/data/vscode/extensions/uqbar.wollok-lsp-ide-0.5.3/out/server/src/server.js:2393:5254)\n    at U2.updateEnvironmentWith (/home/publico/.var/app/com.visualstudio.code/data/vscode/extensions/uqbar.wollok-lsp-ide-0.5.3/out/server/src/server.js:2393:4989)\n    at JF (/home/publico/.var/app/com.visualstudio.code/data/vscode/extensions/uqbar.wollok-lsp-ide-0.5.3/out/server/src/server.js:2393:7383)\n    at F3.invoke (/home/publico/.var/app/com.visualstudio.code/data/vscode/extensions/uqbar.wollok-lsp-ide-0.5.3/out/server/src/server.js:3:157334)\n    at o.fire (/home/publico/.var/app/com.visualstudio.code/data/vscode/extensions/uqbar.wollok-lsp-ide-0.5.3/out/server/src/server.js:3:158104)\n    at /home/publico/.var/app/com.visualstudio.code/data/vscode/extensions/uqbar.wollok-lsp-ide-0.5.3/out/server/src/server.js:37:57871\n    at Zr (/home/publico/.var/app/com.visualstudio.code/data/vscode/extensions/uqbar.wollok-lsp-ide-0.5.3/out/server/src/server.js:8:1561)","timestamp":"2025-10-29T13:08:48.756Z"}
{"level":"error","message":"✘ Failed to rebuild document Failed to parse src/gimnasia.wtest: \n-- PARSING FAILED --------------------------------------------------\n\nGot the end of the input\n\nExpected one of the following: \n\n' ', '@', 'const', 'method', 'only', 'override', 'test', 'var', '{', '}', any character/byte, comment, whitespace\n","stack":"Error: Failed to parse src/gimnasia.wtest: \n-- PARSING FAILED --------------------------------------------------\n\nGot the end of the input\n\nExpected one of the following: \n\n' ', '@', 'const', 'method', 'only', 'override', 'test', 'var', '{', '}', any character/byte, comment, whitespace\n\n    at /home/publico/.var/app/com.visualstudio.code/data/vscode/extensions/uqbar.wollok-lsp-ide-0.5.3/out/server/src/server.js:2348:13026\n    at Array.map (<anonymous>)\n    at W1n (/home/publico/.var/app/com.visualstudio.code/data/vscode/extensions/uqbar.wollok-lsp-ide-0.5.3/out/server/src/server.js:2348:12950)\n    at U2.buildEnvironmentFrom (/home/publico/.var/app/com.visualstudio.code/data/vscode/extensions/uqbar.wollok-lsp-ide-0.5.3/out/server/src/server.js:2393:5254)\n    at U2.updateEnvironmentWith (/home/publico/.var/app/com.visualstudio.code/data/vscode/extensions/uqbar.wollok-lsp-ide-0.5.3/out/server/src/server.js:2393:4989)\n    at JF (/home/publico/.var/app/com.visualstudio.code/data/vscode/extensions/uqbar.wollok-lsp-ide-0.5.3/out/server/src/server.js:2393:7383)\n    at F3.invoke (/home/publico/.var/app/com.visualstudio.code/data/vscode/extensions/uqbar.wollok-lsp-ide-0.5.3/out/server/src/server.js:3:157334)\n    at o.fire (/home/publico/.var/app/com.visualstudio.code/data/vscode/extensions/uqbar.wollok-lsp-ide-0.5.3/out/server/src/server.js:3:158104)\n    at /home/publico/.var/app/com.visualstudio.code/data/vscode/extensions/uqbar.wollok-lsp-ide-0.5.3/out/server/src/server.js:37:57871\n    at Zr (/home/publico/.var/app/com.visualstudio.code/data/vscode/extensions/uqbar.wollok-lsp-ide-0.5.3/out/server/src/server.js:8:1561)","timestamp":"2025-10-29T13:08:49.444Z"}
{"level":"error","message":"✘ Failed to rebuild document Failed to parse src/gimnasia.wtest: \n-- PARSING FAILED --------------------------------------------------\n\nGot the end of the input\n\nExpected one of the following: \n\n' ', '@', 'const', 'method', 'only', 'override', 'test', 'var', '{', '}', any character/byte, comment, whitespace\n","stack":"Error: Failed to parse src/gimnasia.wtest: \n-- PARSING FAILED --------------------------------------------------\n\nGot the end of the input\n\nExpected one of the following: \n\n' ', '@', 'const', 'method', 'only', 'override', 'test', 'var', '{', '}', any character/byte, comment, whitespace\n\n    at /home/publico/.var/app/com.visualstudio.code/data/vscode/extensions/uqbar.wollok-lsp-ide-0.5.3/out/server/src/server.js:2348:13026\n    at Array.map (<anonymous>)\n    at W1n (/home/publico/.var/app/com.visualstudio.code/data/vscode/extensions/uqbar.wollok-lsp-ide-0.5.3/out/server/src/server.js:2348:12950)\n    at U2.buildEnvironmentFrom (/home/publico/.var/app/com.visualstudio.code/data/vscode/extensions/uqbar.wollok-lsp-ide-0.5.3/out/server/src/server.js:2393:5254)\n    at U2.updateEnvironmentWith (/home/publico/.var/app/com.visualstudio.code/data/vscode/extensions/uqbar.wollok-lsp-ide-0.5.3/out/server/src/server.js:2393:4989)\n    at JF (/home/publico/.var/app/com.visualstudio.code/data/vscode/extensions/uqbar.wollok-lsp-ide-0.5.3/out/server/src/server.js:2393:7383)\n    at F3.invoke (/home/publico/.var/app/com.visualstudio.code/data/vscode/extensions/uqbar.wollok-lsp-ide-0.5.3/out/server/src/server.js:3:157334)\n    at o.fire (/home/publico/.var/app/com.visualstudio.code/data/vscode/extensions/uqbar.wollok-lsp-ide-0.5.3/out/server/src/server.js:3:158104)\n    at /home/publico/.var/app/com.visualstudio.code/data/vscode/extensions/uqbar.wollok-lsp-ide-0.5.3/out/server/src/server.js:37:57871\n    at Zr (/home/publico/.var/app/com.visualstudio.code/data/vscode/extensions/uqbar.wollok-lsp-ide-0.5.3/out/server/src/server.js:8:1561)","timestamp":"2025-10-29T13:08:49.657Z"}
{"level":"error","message":"✘ Failed to rebuild document Failed to parse src/gimnasia.wtest: \n-- PARSING FAILED --------------------------------------------------\n\nGot the end of the input\n\nExpected one of the following: \n\n' ', '@', 'const', 'method', 'only', 'override', 'test', 'var', '{', '}', any character/byte, comment, whitespace\n","stack":"Error: Failed to parse src/gimnasia.wtest: \n-- PARSING FAILED --------------------------------------------------\n\nGot the end of the input\n\nExpected one of the following: \n\n' ', '@', 'const', 'method', 'only', 'override', 'test', 'var', '{', '}', any character/byte, comment, whitespace\n\n    at /home/publico/.var/app/com.visualstudio.code/data/vscode/extensions/uqbar.wollok-lsp-ide-0.5.3/out/server/src/server.js:2348:13026\n    at Array.map (<anonymous>)\n    at W1n (/home/publico/.var/app/com.visualstudio.code/data/vscode/extensions/uqbar.wollok-lsp-ide-0.5.3/out/server/src/server.js:2348:12950)\n    at U2.buildEnvironmentFrom (/home/publico/.var/app/com.visualstudio.code/data/vscode/extensions/uqbar.wollok-lsp-ide-0.5.3/out/server/src/server.js:2393:5254)\n    at U2.updateEnvironmentWith (/home/publico/.var/app/com.visualstudio.code/data/vscode/extensions/uqbar.wollok-lsp-ide-0.5.3/out/server/src/server.js:2393:4989)\n    at JF (/home/publico/.var/app/com.visualstudio.code/data/vscode/extensions/uqbar.wollok-lsp-ide-0.5.3/out/server/src/server.js:2393:7383)\n    at F3.invoke (/home/publico/.var/app/com.visualstudio.code/data/vscode/extensions/uqbar.wollok-lsp-ide-0.5.3/out/server/src/server.js:3:157334)\n    at o.fire (/home/publico/.var/app/com.visualstudio.code/data/vscode/extensions/uqbar.wollok-lsp-ide-0.5.3/out/server/src/server.js:3:158104)\n    at /home/publico/.var/app/com.visualstudio.code/data/vscode/extensions/uqbar.wollok-lsp-ide-0.5.3/out/server/src/server.js:37:57871\n    at Zr (/home/publico/.var/app/com.visualstudio.code/data/vscode/extensions/uqbar.wollok-lsp-ide-0.5.3/out/server/src/server.js:8:1561)","timestamp":"2025-10-29T13:08:50.105Z"}
{"level":"error","message":"✘ Failed to rebuild document Failed to parse src/gimnasia.wtest: \n-- PARSING FAILED --------------------------------------------------\n\nGot the end of the input\n\nExpected one of the following: \n\n' ', '@', 'const', 'method', 'only', 'override', 'test', 'var', '{', '}', any character/byte, comment, whitespace\n","stack":"Error: Failed to parse src/gimnasia.wtest: \n-- PARSING FAILED --------------------------------------------------\n\nGot the end of the input\n\nExpected one of the following: \n\n' ', '@', 'const', 'method', 'only', 'override', 'test', 'var', '{', '}', any character/byte, comment, whitespace\n\n    at /home/publico/.var/app/com.visualstudio.code/data/vscode/extensions/uqbar.wollok-lsp-ide-0.5.3/out/server/src/server.js:2348:13026\n    at Array.map (<anonymous>)\n    at W1n (/home/publico/.var/app/com.visualstudio.code/data/vscode/extensions/uqbar.wollok-lsp-ide-0.5.3/out/server/src/server.js:2348:12950)\n    at U2.buildEnvironmentFrom (/home/publico/.var/app/com.visualstudio.code/data/vscode/extensions/uqbar.wollok-lsp-ide-0.5.3/out/server/src/server.js:2393:5254)\n    at U2.updateEnvironmentWith (/home/publico/.var/app/com.visualstudio.code/data/vscode/extensions/uqbar.wollok-lsp-ide-0.5.3/out/server/src/server.js:2393:4989)\n    at JF (/home/publico/.var/app/com.visualstudio.code/data/vscode/extensions/uqbar.wollok-lsp-ide-0.5.3/out/server/src/server.js:2393:7383)\n    at F3.invoke (/home/publico/.var/app/com.visualstudio.code/data/vscode/extensions/uqbar.wollok-lsp-ide-0.5.3/out/server/src/server.js:3:157334)\n    at o.fire (/home/publico/.var/app/com.visualstudio.code/data/vscode/extensions/uqbar.wollok-lsp-ide-0.5.3/out/server/src/server.js:3:158104)\n    at /home/publico/.var/app/com.visualstudio.code/data/vscode/extensions/uqbar.wollok-lsp-ide-0.5.3/out/server/src/server.js:37:57871\n    at Zr (/home/publico/.var/app/com.visualstudio.code/data/vscode/extensions/uqbar.wollok-lsp-ide-0.5.3/out/server/src/server.js:8:1561)","timestamp":"2025-10-29T13:08:50.665Z"}
{"level":"info","message":"⌛ Building environment","timeElapsed":122,"timestamp":"2025-10-29T13:08:52.353Z"}
{"level":"info","message":"⌛ Validating src/gimnasia.wtest","timeElapsed":134,"timestamp":"2025-10-29T13:08:52.509Z"}
{"level":"info","message":"⌛ Building environment","timeElapsed":121,"timestamp":"2025-10-29T13:08:54.352Z"}
{"level":"info","message":"⌛ Building environment","timeElapsed":124,"timestamp":"2025-10-29T13:08:54.613Z"}
{"level":"info","message":"⌛ Building environment","timeElapsed":115,"timestamp":"2025-10-29T13:08:54.857Z"}
{"level":"info","message":"⌛ Building environment","timeElapsed":190,"timestamp":"2025-10-29T13:08:55.048Z"}
{"level":"info","message":"⌛ Building environment","timeElapsed":114,"timestamp":"2025-10-29T13:08:55.364Z"}
{"level":"info","message":"⌛ Building environment","timeElapsed":105,"timestamp":"2025-10-29T13:08:55.709Z"}
{"level":"info","message":"⌛ Validating src/gimnasia.wtest","timeElapsed":151,"timestamp":"2025-10-29T13:08:55.895Z"}
{"level":"info","message":"⌛ Building environment","timeElapsed":112,"timestamp":"2025-10-29T13:08:56.007Z"}
{"level":"info","message":"⌛ Building environment","timeElapsed":110,"timestamp":"2025-10-29T13:08:56.300Z"}
{"level":"info","message":"⌛ Building environment","timeElapsed":111,"timestamp":"2025-10-29T13:08:56.530Z"}
{"level":"info","message":"⌛ Building environment","timeElapsed":151,"timestamp":"2025-10-29T13:08:56.695Z"}
{"level":"info","message":"⌛ Building environment","timeElapsed":115,"timestamp":"2025-10-29T13:08:56.901Z"}
{"level":"info","message":"⌛ Building environment","timeElapsed":102,"timestamp":"2025-10-29T13:08:58.052Z"}
{"level":"error","message":"✘ Completions for node Send ([74:3, 74:21] - src/gimnasia.wtest) failed: Error: [Send]{aa64a1} at src/gimnasia.wtest:74 exhausted all cases without a match [Send]{aa64a1} at src/gimnasia.wtest:74 exhausted all cases without a match","stack":"Error: [Send]{aa64a1} at src/gimnasia.wtest:74 exhausted all cases without a match\n    at /home/publico/.var/app/com.visualstudio.code/data/vscode/extensions/uqbar.wollok-lsp-ide-0.5.3/out/server/src/server.js:38:6142\n    at D2 (/home/publico/.var/app/com.visualstudio.code/data/vscode/extensions/uqbar.wollok-lsp-ide-0.5.3/out/server/src/server.js:2384:42)\n    at Qh (/home/publico/.var/app/com.visualstudio.code/data/vscode/extensions/uqbar.wollok-lsp-ide-0.5.3/out/server/src/server.js:2384:1092)\n    at k6n (/home/publico/.var/app/com.visualstudio.code/data/vscode/extensions/uqbar.wollok-lsp-ide-0.5.3/out/server/src/server.js:2384:1248)\n    at /home/publico/.var/app/com.visualstudio.code/data/vscode/extensions/uqbar.wollok-lsp-ide-0.5.3/out/server/src/server.js:38:6131\n    at D2 (/home/publico/.var/app/com.visualstudio.code/data/vscode/extensions/uqbar.wollok-lsp-ide-0.5.3/out/server/src/server.js:2384:42)\n    at /home/publico/.var/app/com.visualstudio.code/data/vscode/extensions/uqbar.wollok-lsp-ide-0.5.3/out/server/src/server.js:2384:2988\n    at /home/publico/.var/app/com.visualstudio.code/data/vscode/extensions/uqbar.wollok-lsp-ide-0.5.3/out/server/src/server.js:2393:8440\n    at /home/publico/.var/app/com.visualstudio.code/data/vscode/extensions/uqbar.wollok-lsp-ide-0.5.3/out/server/src/server.js:37:74872\n    at Ye (/home/publico/.var/app/com.visualstudio.code/data/vscode/extensions/uqbar.wollok-lsp-ide-0.5.3/out/server/src/server.js:7:8527)","timestamp":"2025-10-29T13:08:58.090Z"}
{"level":"info","message":"⌛ Building environment","timeElapsed":124,"timestamp":"2025-10-29T13:08:58.306Z"}
{"level":"info","message":"⌛ Building environment","timeElapsed":136,"timestamp":"2025-10-29T13:08:58.443Z"}
{"level":"info","message":"⌛ Building environment","timeElapsed":146,"timestamp":"2025-10-29T13:08:58.777Z"}
{"level":"info","message":"⌛ Building environment","timeElapsed":109,"timestamp":"2025-10-29T13:09:02.247Z"}
{"level":"info","message":"⌛ Building environment","timeElapsed":108,"timestamp":"2025-10-29T13:09:02.857Z"}
{"level":"info","message":"⌛ Building environment","timeElapsed":143,"timestamp":"2025-10-29T13:09:03.046Z"}
{"level":"info","message":"⌛ Building environment","timeElapsed":116,"timestamp":"2025-10-29T13:09:03.256Z"}
{"level":"info","message":"⌛ Building environment","timeElapsed":133,"timestamp":"2025-10-29T13:09:03.484Z"}
{"level":"info","message":"⌛ Building environment","timeElapsed":147,"timestamp":"2025-10-29T13:09:04.012Z"}
{"level":"info","message":"⌛ Building environment","timeElapsed":133,"timestamp":"2025-10-29T13:09:06.480Z"}
{"level":"info","message":"⌛ Building environment","timeElapsed":124,"timestamp":"2025-10-29T13:09:06.701Z"}
{"level":"info","message":"⌛ Building environment","timeElapsed":118,"timestamp":"2025-10-29T13:09:07.082Z"}
{"level":"info","message":"⌛ Validating src/gimnasia.wtest","timeElapsed":154,"timestamp":"2025-10-29T13:09:07.274Z"}
{"level":"info","message":"⌛ Building environment","timeElapsed":116,"timestamp":"2025-10-29T13:09:08.951Z"}
{"level":"info","message":"⌛ Building environment","timeElapsed":115,"timestamp":"2025-10-29T13:09:10.425Z"}
{"level":"info","message":"⌛ Building environment","timeElapsed":123,"timestamp":"2025-10-29T13:09:11.409Z"}
{"level":"info","message":"⌛ Building environment","timeElapsed":140,"timestamp":"2025-10-29T13:09:15.141Z"}
{"level":"error","message":"✘ Completions for node Send ([75:3, 75:27] - src/gimnasia.wtest) failed: Error: [Send]{4a1fcd} at src/gimnasia.wtest:75 exhausted all cases without a match [Send]{4a1fcd} at src/gimnasia.wtest:75 exhausted all cases without a match","stack":"Error: [Send]{4a1fcd} at src/gimnasia.wtest:75 exhausted all cases without a match\n    at /home/publico/.var/app/com.visualstudio.code/data/vscode/extensions/uqbar.wollok-lsp-ide-0.5.3/out/server/src/server.js:38:6142\n    at D2 (/home/publico/.var/app/com.visualstudio.code/data/vscode/extensions/uqbar.wollok-lsp-ide-0.5.3/out/server/src/server.js:2384:42)\n    at Qh (/home/publico/.var/app/com.visualstudio.code/data/vscode/extensions/uqbar.wollok-lsp-ide-0.5.3/out/server/src/server.js:2384:1092)\n    at k6n (/home/publico/.var/app/com.visualstudio.code/data/vscode/extensions/uqbar.wollok-lsp-ide-0.5.3/out/server/src/server.js:2384:1248)\n    at /home/publico/.var/app/com.visualstudio.code/data/vscode/extensions/uqbar.wollok-lsp-ide-0.5.3/out/server/src/server.js:38:6131\n    at D2 (/home/publico/.var/app/com.visualstudio.code/data/vscode/extensions/uqbar.wollok-lsp-ide-0.5.3/out/server/src/server.js:2384:42)\n    at /home/publico/.var/app/com.visualstudio.code/data/vscode/extensions/uqbar.wollok-lsp-ide-0.5.3/out/server/src/server.js:2384:2988\n    at /home/publico/.var/app/com.visualstudio.code/data/vscode/extensions/uqbar.wollok-lsp-ide-0.5.3/out/server/src/server.js:2393:8440\n    at /home/publico/.var/app/com.visualstudio.code/data/vscode/extensions/uqbar.wollok-lsp-ide-0.5.3/out/server/src/server.js:37:74872\n    at Ye (/home/publico/.var/app/com.visualstudio.code/data/vscode/extensions/uqbar.wollok-lsp-ide-0.5.3/out/server/src/server.js:7:8527)","timestamp":"2025-10-29T13:09:15.179Z"}
{"level":"info","message":"⌛ Building environment","timeElapsed":107,"timestamp":"2025-10-29T13:09:15.372Z"}
{"level":"info","message":"⌛ Building environment","timeElapsed":134,"timestamp":"2025-10-29T13:09:15.507Z"}
{"level":"info","message":"⌛ Building environment","timeElapsed":118,"timestamp":"2025-10-29T13:09:16.463Z"}
{"level":"info","message":"⌛ Validating src/gimnasia.wtest","timeElapsed":108,"timestamp":"2025-10-29T13:09:16.572Z"}
{"level":"info","message":"⌛ Building environment","timeElapsed":134,"timestamp":"2025-10-29T13:09:16.707Z"}
{"level":"error","message":"✘ Completions for node Send ([75:3, 75:32] - src/gimnasia.wtest) failed: Error: [Send]{dd81e3} at src/gimnasia.wtest:75 exhausted all cases without a match [Send]{dd81e3} at src/gimnasia.wtest:75 exhausted all cases without a match","stack":"Error: [Send]{dd81e3} at src/gimnasia.wtest:75 exhausted all cases without a match\n    at /home/publico/.var/app/com.visualstudio.code/data/vscode/extensions/uqbar.wollok-lsp-ide-0.5.3/out/server/src/server.js:38:6142\n    at D2 (/home/publico/.var/app/com.visualstudio.code/data/vscode/extensions/uqbar.wollok-lsp-ide-0.5.3/out/server/src/server.js:2384:42)\n    at Qh (/home/publico/.var/app/com.visualstudio.code/data/vscode/extensions/uqbar.wollok-lsp-ide-0.5.3/out/server/src/server.js:2384:1092)\n    at k6n (/home/publico/.var/app/com.visualstudio.code/data/vscode/extensions/uqbar.wollok-lsp-ide-0.5.3/out/server/src/server.js:2384:1248)\n    at /home/publico/.var/app/com.visualstudio.code/data/vscode/extensions/uqbar.wollok-lsp-ide-0.5.3/out/server/src/server.js:38:6131\n    at D2 (/home/publico/.var/app/com.visualstudio.code/data/vscode/extensions/uqbar.wollok-lsp-ide-0.5.3/out/server/src/server.js:2384:42)\n    at /home/publico/.var/app/com.visualstudio.code/data/vscode/extensions/uqbar.wollok-lsp-ide-0.5.3/out/server/src/server.js:2384:2988\n    at /home/publico/.var/app/com.visualstudio.code/data/vscode/extensions/uqbar.wollok-lsp-ide-0.5.3/out/server/src/server.js:2393:8440\n    at /home/publico/.var/app/com.visualstudio.code/data/vscode/extensions/uqbar.wollok-lsp-ide-0.5.3/out/server/src/server.js:37:74872\n    at Ye (/home/publico/.var/app/com.visualstudio.code/data/vscode/extensions/uqbar.wollok-lsp-ide-0.5.3/out/server/src/server.js:7:8527)","timestamp":"2025-10-29T13:09:16.751Z"}
{"level":"info","message":"⌛ Building environment","timeElapsed":105,"timestamp":"2025-10-29T13:09:16.937Z"}
{"level":"info","message":"⌛ Building environment","timeElapsed":245,"timestamp":"2025-10-29T13:09:17.183Z"}
{"level":"info","message":"⌛ Building environment","timeElapsed":130,"timestamp":"2025-10-29T13:09:17.720Z"}
{"level":"info","message":"🧪 Test runner executed on /home/publico/Escritorio/obj/2025c2s2-herencia-rutinas-rodriguezlucas763","result":{"errored":0,"failed":1,"ok":0},"testsFailed":[{"error":["wollok.lib.AssertionException: Expected <39.726> but found <37.725>","  at src.gimnasia.\"rutinas\".\"2.2.1 test atleta running\" [src/gimnasia.wtest:75]"],"test":"src.gimnasia.\"rutinas\".\"2.2.1 test atleta running\""}],"timeElapsed":601,"timestamp":"2025-10-29T13:09:23.836Z"}
{"level":"info","message":"⌛ Building environment","timeElapsed":157,"timestamp":"2025-10-29T13:09:29.446Z"}
{"level":"info","message":"⌛ Building environment","timeElapsed":170,"timestamp":"2025-10-29T13:09:29.616Z"}
{"level":"info","message":"🧪 Test runner executed on /home/publico/Escritorio/obj/2025c2s2-herencia-rutinas-rodriguezlucas763","result":{"errored":0,"failed":1,"ok":0},"testsFailed":[{"error":["wollok.lib.AssertionException: Expected <39.725> but found <37.725>","  at src.gimnasia.\"rutinas\".\"2.2.1 test atleta running\" [src/gimnasia.wtest:75]"],"test":"src.gimnasia.\"rutinas\".\"2.2.1 test atleta running\""}],"timeElapsed":580,"timestamp":"2025-10-29T13:09:37.463Z"}
{"level":"info","message":"🧪 Test runner executed on /home/publico/Escritorio/obj/2025c2s2-herencia-rutinas-rodriguezlucas763","result":{"errored":0,"failed":1,"ok":0},"testsFailed":[{"error":["wollok.lib.AssertionException: Expected <39.725> but found <37.725>","  at src.gimnasia.\"rutinas\".\"2.2.1 test atleta running\" [src/gimnasia.wtest:75]"],"test":"src.gimnasia.\"rutinas\".\"2.2.1 test atleta running\""}],"timeElapsed":580,"timestamp":"2025-10-29T13:15:21.333Z"}
{"level":"info","message":"⌛ Building environment","timeElapsed":154,"timestamp":"2025-10-29T13:15:27.155Z"}
{"level":"info","message":"⌛ Validating src/gimnasia.wtest","timeElapsed":107,"timestamp":"2025-10-29T13:15:27.270Z"}
{"level":"info","message":"⌛ Building environment","timeElapsed":168,"timestamp":"2025-10-29T13:15:27.534Z"}
{"level":"info","message":"⌛ Building environment","timeElapsed":177,"timestamp":"2025-10-29T13:15:27.758Z"}
{"level":"info","message":"⌛ Building environment","timeElapsed":133,"timestamp":"2025-10-29T13:15:27.983Z"}
{"level":"info","message":"⌛ Validating src/gimnasia.wtest","timeElapsed":114,"timestamp":"2025-10-29T13:15:28.103Z"}
{"level":"info","message":"⌛ Building environment","timeElapsed":130,"timestamp":"2025-10-29T13:15:28.756Z"}
{"level":"info","message":"⌛ Building environment","timeElapsed":140,"timestamp":"2025-10-29T13:15:29.792Z"}
{"level":"info","message":"⌛ Building environment","timeElapsed":167,"timestamp":"2025-10-29T13:15:29.961Z"}
{"level":"info","message":"⌛ Validating src/gimnasia.wtest","timeElapsed":166,"timestamp":"2025-10-29T13:15:30.128Z"}
{"level":"info","message":"⌛ Building environment","timeElapsed":115,"timestamp":"2025-10-29T13:15:30.244Z"}
{"level":"info","message":"⌛ Building environment","timeElapsed":150,"timestamp":"2025-10-29T13:15:30.496Z"}
{"level":"info","message":"⌛ Validating src/gimnasia.wtest","timeElapsed":114,"timestamp":"2025-10-29T13:15:30.611Z"}
{"level":"info","message":"⌛ Building environment","timeElapsed":125,"timestamp":"2025-10-29T13:15:30.830Z"}
{"level":"info","message":"⌛ Building environment","timeElapsed":156,"timestamp":"2025-10-29T13:15:31.628Z"}
{"level":"info","message":"⌛ Building environment","timeElapsed":161,"timestamp":"2025-10-29T13:15:31.790Z"}
{"level":"info","message":"⌛ Validating src/gimnasia.wtest","timeElapsed":119,"timestamp":"2025-10-29T13:15:31.911Z"}
{"level":"info","message":"🧪 Test runner executed on /home/publico/Escritorio/obj/2025c2s2-herencia-rutinas-rodriguezlucas763","result":{"errored":0,"failed":1,"ok":0},"testsFailed":[{"error":["wollok.lib.AssertionException: Expected <39.725> but found <37.725>","  at src.gimnasia.\"rutinas\".\"2.2.1 test atleta running\" [src/gimnasia.wtest:76]"],"test":"src.gimnasia.\"rutinas\".\"2.2.1 test atleta running\""}],"timeElapsed":548,"timestamp":"2025-10-29T13:15:38.577Z"}
{"level":"info","message":"⌛ Building environment","timeElapsed":132,"timestamp":"2025-10-29T13:15:46.210Z"}
{"level":"info","message":"⌛ Building environment","timeElapsed":125,"timestamp":"2025-10-29T13:15:46.498Z"}
{"level":"info","message":"⌛ Building environment","timeElapsed":129,"timestamp":"2025-10-29T13:21:49.734Z"}
{"level":"info","message":"⌛ Validating src/persona.wlk","timeElapsed":114,"timestamp":"2025-10-29T13:21:49.851Z"}
{"level":"info","message":"⌛ Building environment","timeElapsed":123,"timestamp":"2025-10-29T13:21:49.974Z"}
{"level":"info","message":"⌛ Validating src/persona.wlk","timeElapsed":109,"timestamp":"2025-10-29T13:21:50.085Z"}
{"level":"info","message":"⌛ Building environment","timeElapsed":104,"timestamp":"2025-10-29T13:21:51.724Z"}
{"level":"info","message":"⌛ Validating src/persona.wlk","timeElapsed":137,"timestamp":"2025-10-29T13:21:51.863Z"}
{"level":"error","message":"✘ Completions for node Assignment ([40:13, 40:21] - src/persona.wlk) failed: Error: [Assignment]{5ecf54} at src/persona.wlk:40 exhausted all cases without a match [Assignment]{5ecf54} at src/persona.wlk:40 exhausted all cases without a match","stack":"Error: [Assignment]{5ecf54} at src/persona.wlk:40 exhausted all cases without a match\n    at /home/publico/.var/app/com.visualstudio.code/data/vscode/extensions/uqbar.wollok-lsp-ide-0.5.3/out/server/src/server.js:38:6142\n    at D2 (/home/publico/.var/app/com.visualstudio.code/data/vscode/extensions/uqbar.wollok-lsp-ide-0.5.3/out/server/src/server.js:2384:42)\n    at Qh (/home/publico/.var/app/com.visualstudio.code/data/vscode/extensions/uqbar.wollok-lsp-ide-0.5.3/out/server/src/server.js:2384:1092)\n    at k6n (/home/publico/.var/app/com.visualstudio.code/data/vscode/extensions/uqbar.wollok-lsp-ide-0.5.3/out/server/src/server.js:2384:1248)\n    at /home/publico/.var/app/com.visualstudio.code/data/vscode/extensions/uqbar.wollok-lsp-ide-0.5.3/out/server/src/server.js:38:6131\n    at D2 (/home/publico/.var/app/com.visualstudio.code/data/vscode/extensions/uqbar.wollok-lsp-ide-0.5.3/out/server/src/server.js:2384:42)\n    at /home/publico/.var/app/com.visualstudio.code/data/vscode/extensions/uqbar.wollok-lsp-ide-0.5.3/out/server/src/server.js:2384:2988\n    at /home/publico/.var/app/com.visualstudio.code/data/vscode/extensions/uqbar.wollok-lsp-ide-0.5.3/out/server/src/server.js:2393:8440\n    at /home/publico/.var/app/com.visualstudio.code/data/vscode/extensions/uqbar.wollok-lsp-ide-0.5.3/out/server/src/server.js:37:74872\n    at Ye (/home/publico/.var/app/com.visualstudio.code/data/vscode/extensions/uqbar.wollok-lsp-ide-0.5.3/out/server/src/server.js:7:8527)","timestamp":"2025-10-29T13:21:52.002Z"}
{"level":"error","message":"✘ Completions for node If ([39:9, 41:10] - src/persona.wlk) failed: Error: [If]{a6d301} at src/persona.wlk:39 exhausted all cases without a match [If]{a6d301} at src/persona.wlk:39 exhausted all cases without a match","stack":"Error: [If]{a6d301} at src/persona.wlk:39 exhausted all cases without a match\n    at /home/publico/.var/app/com.visualstudio.code/data/vscode/extensions/uqbar.wollok-lsp-ide-0.5.3/out/server/src/server.js:38:6142\n    at D2 (/home/publico/.var/app/com.visualstudio.code/data/vscode/extensions/uqbar.wollok-lsp-ide-0.5.3/out/server/src/server.js:2384:42)\n    at Qh (/home/publico/.var/app/com.visualstudio.code/data/vscode/extensions/uqbar.wollok-lsp-ide-0.5.3/out/server/src/server.js:2384:1092)\n    at v6n (/home/publico/.var/app/com.visualstudio.code/data/vscode/extensions/uqbar.wollok-lsp-ide-0.5.3/out/server/src/server.js:2384:818)\n    at /home/publico/.var/app/com.visualstudio.code/data/vscode/extensions/uqbar.wollok-lsp-ide-0.5.3/out/server/src/server.js:38:6131\n    at D2 (/home/publico/.var/app/com.visualstudio.code/data/vscode/extensions/uqbar.wollok-lsp-ide-0.5.3/out/server/src/server.js:2384:42)\n    at Qh (/home/publico/.var/app/com.visualstudio.code/data/vscode/extensions/uqbar.wollok-lsp-ide-0.5.3/out/server/src/server.js:2384:1092)\n    at D2 (/home/publico/.var/app/com.visualstudio.code/data/vscode/extensions/uqbar.wollok-lsp-ide-0.5.3/out/server/src/server.js:2384:544)\n    at Qh (/home/publico/.var/app/com.visualstudio.code/data/vscode/extensions/uqbar.wollok-lsp-ide-0.5.3/out/server/src/server.js:2384:1092)\n    at k6n (/home/publico/.var/app/com.visualstudio.code/data/vscode/extensions/uqbar.wollok-lsp-ide-0.5.3/out/server/src/server.js:2384:1248)","timestamp":"2025-10-29T13:21:52.003Z"}
{"level":"info","message":"⌛ Validating src/persona.wlk","timeElapsed":109,"timestamp":"2025-10-29T13:21:52.206Z"}
{"level":"info","message":"⌛ Validating src/persona.wlk","timeElapsed":109,"timestamp":"2025-10-29T13:21:52.317Z"}
{"level":"info","message":"⌛ Building environment","timeElapsed":102,"timestamp":"2025-10-29T13:21:52.419Z"}
{"level":"info","message":"⌛ Building environment","timeElapsed":115,"timestamp":"2025-10-29T13:21:52.551Z"}
{"level":"info","message":"⌛ Validating src/persona.wlk","timeElapsed":102,"timestamp":"2025-10-29T13:21:52.654Z"}
{"level":"info","message":"⌛ Building environment","timeElapsed":119,"timestamp":"2025-10-29T13:21:53.161Z"}
{"level":"info","message":"⌛ Building environment","timeElapsed":101,"timestamp":"2025-10-29T13:22:02.287Z"}
{"level":"info","message":"⌛ Building environment","timeElapsed":109,"timestamp":"2025-10-29T13:22:04.060Z"}
{"level":"info","message":"⌛ Building environment","timeElapsed":104,"timestamp":"2025-10-29T13:22:04.809Z"}
{"level":"info","message":"⌛ Validating src/persona.wlk","timeElapsed":146,"timestamp":"2025-10-29T13:22:04.996Z"}
{"level":"info","message":"⌛ Building environment","timeElapsed":116,"timestamp":"2025-10-29T13:22:05.112Z"}
{"level":"info","message":"⌛ Building environment","timeElapsed":139,"timestamp":"2025-10-29T13:22:05.254Z"}
{"level":"info","message":"⌛ Validating src/persona.wlk","timeElapsed":110,"timestamp":"2025-10-29T13:22:05.366Z"}
{"level":"error","message":"✘ Completions for node If ([39:9, 41:10] - src/persona.wlk) failed: Error: [If]{c2474c} at src/persona.wlk:39 exhausted all cases without a match [If]{c2474c} at src/persona.wlk:39 exhausted all cases without a match","stack":"Error: [If]{c2474c} at src/persona.wlk:39 exhausted all cases without a match\n    at /home/publico/.var/app/com.visualstudio.code/data/vscode/extensions/uqbar.wollok-lsp-ide-0.5.3/out/server/src/server.js:38:6142\n    at D2 (/home/publico/.var/app/com.visualstudio.code/data/vscode/extensions/uqbar.wollok-lsp-ide-0.5.3/out/server/src/server.js:2384:42)\n    at Qh (/home/publico/.var/app/com.visualstudio.code/data/vscode/extensions/uqbar.wollok-lsp-ide-0.5.3/out/server/src/server.js:2384:1092)\n    at v6n (/home/publico/.var/app/com.visualstudio.code/data/vscode/extensions/uqbar.wollok-lsp-ide-0.5.3/out/server/src/server.js:2384:818)\n    at /home/publico/.var/app/com.visualstudio.code/data/vscode/extensions/uqbar.wollok-lsp-ide-0.5.3/out/server/src/server.js:38:6131\n    at D2 (/home/publico/.var/app/com.visualstudio.code/data/vscode/extensions/uqbar.wollok-lsp-ide-0.5.3/out/server/src/server.js:2384:42)\n    at /home/publico/.var/app/com.visualstudio.code/data/vscode/extensions/uqbar.wollok-lsp-ide-0.5.3/out/server/src/server.js:2384:2988\n    at /home/publico/.var/app/com.visualstudio.code/data/vscode/extensions/uqbar.wollok-lsp-ide-0.5.3/out/server/src/server.js:2393:8440\n    at /home/publico/.var/app/com.visualstudio.code/data/vscode/extensions/uqbar.wollok-lsp-ide-0.5.3/out/server/src/server.js:37:74872\n    at Ye (/home/publico/.var/app/com.visualstudio.code/data/vscode/extensions/uqbar.wollok-lsp-ide-0.5.3/out/server/src/server.js:7:8527)","timestamp":"2025-10-29T13:22:05.694Z"}
{"level":"info","message":"⌛ Building environment","timeElapsed":105,"timestamp":"2025-10-29T13:22:06.008Z"}
{"level":"info","message":"⌛ Validating src/persona.wlk","timeElapsed":119,"timestamp":"2025-10-29T13:22:06.498Z"}
{"level":"info","message":"⌛ Building environment","timeElapsed":217,"timestamp":"2025-10-29T13:22:06.716Z"}
{"level":"info","message":"⌛ Validating src/persona.wlk","timeElapsed":109,"timestamp":"2025-10-29T13:22:06.825Z"}
{"level":"error","message":"✘ Completions for node If ([39:9, 41:10] - src/persona.wlk) failed: Error: [If]{05b91e} at src/persona.wlk:39 exhausted all cases without a match [If]{05b91e} at src/persona.wlk:39 exhausted all cases without a match","stack":"Error: [If]{05b91e} at src/persona.wlk:39 exhausted all cases without a match\n    at /home/publico/.var/app/com.visualstudio.code/data/vscode/extensions/uqbar.wollok-lsp-ide-0.5.3/out/server/src/server.js:38:6142\n    at D2 (/home/publico/.var/app/com.visualstudio.code/data/vscode/extensions/uqbar.wollok-lsp-ide-0.5.3/out/server/src/server.js:2384:42)\n    at Qh (/home/publico/.var/app/com.visualstudio.code/data/vscode/extensions/uqbar.wollok-lsp-ide-0.5.3/out/server/src/server.js:2384:1092)\n    at v6n (/home/publico/.var/app/com.visualstudio.code/data/vscode/extensions/uqbar.wollok-lsp-ide-0.5.3/out/server/src/server.js:2384:818)\n    at /home/publico/.var/app/com.visualstudio.code/data/vscode/extensions/uqbar.wollok-lsp-ide-0.5.3/out/server/src/server.js:38:6131\n    at D2 (/home/publico/.var/app/com.visualstudio.code/data/vscode/extensions/uqbar.wollok-lsp-ide-0.5.3/out/server/src/server.js:2384:42)\n    at /home/publico/.var/app/com.visualstudio.code/data/vscode/extensions/uqbar.wollok-lsp-ide-0.5.3/out/server/src/server.js:2384:2988\n    at /home/publico/.var/app/com.visualstudio.code/data/vscode/extensions/uqbar.wollok-lsp-ide-0.5.3/out/server/src/server.js:2393:8440\n    at /home/publico/.var/app/com.visualstudio.code/data/vscode/extensions/uqbar.wollok-lsp-ide-0.5.3/out/server/src/server.js:37:74872\n    at Ye (/home/publico/.var/app/com.visualstudio.code/data/vscode/extensions/uqbar.wollok-lsp-ide-0.5.3/out/server/src/server.js:7:8527)","timestamp":"2025-10-29T13:22:07.103Z"}
{"level":"error","message":"✘ Completions for node If ([39:9, 41:10] - src/persona.wlk) failed: Error: [If]{b8a26a} at src/persona.wlk:39 exhausted all cases without a match [If]{b8a26a} at src/persona.wlk:39 exhausted all cases without a match","stack":"Error: [If]{b8a26a} at src/persona.wlk:39 exhausted all cases without a match\n    at /home/publico/.var/app/com.visualstudio.code/data/vscode/extensions/uqbar.wollok-lsp-ide-0.5.3/out/server/src/server.js:38:6142\n    at D2 (/home/publico/.var/app/com.visualstudio.code/data/vscode/extensions/uqbar.wollok-lsp-ide-0.5.3/out/server/src/server.js:2384:42)\n    at Qh (/home/publico/.var/app/com.visualstudio.code/data/vscode/extensions/uqbar.wollok-lsp-ide-0.5.3/out/server/src/server.js:2384:1092)\n    at v6n (/home/publico/.var/app/com.visualstudio.code/data/vscode/extensions/uqbar.wollok-lsp-ide-0.5.3/out/server/src/server.js:2384:818)\n    at /home/publico/.var/app/com.visualstudio.code/data/vscode/extensions/uqbar.wollok-lsp-ide-0.5.3/out/server/src/server.js:38:6131\n    at D2 (/home/publico/.var/app/com.visualstudio.code/data/vscode/extensions/uqbar.wollok-lsp-ide-0.5.3/out/server/src/server.js:2384:42)\n    at /home/publico/.var/app/com.visualstudio.code/data/vscode/extensions/uqbar.wollok-lsp-ide-0.5.3/out/server/src/server.js:2384:2988\n    at /home/publico/.var/app/com.visualstudio.code/data/vscode/extensions/uqbar.wollok-lsp-ide-0.5.3/out/server/src/server.js:2393:8440\n    at /home/publico/.var/app/com.visualstudio.code/data/vscode/extensions/uqbar.wollok-lsp-ide-0.5.3/out/server/src/server.js:37:74872\n    at Ye (/home/publico/.var/app/com.visualstudio.code/data/vscode/extensions/uqbar.wollok-lsp-ide-0.5.3/out/server/src/server.js:7:8527)","timestamp":"2025-10-29T13:22:07.538Z"}
{"level":"info","message":"⌛ Building environment","timeElapsed":111,"timestamp":"2025-10-29T13:22:16.476Z"}
{"level":"info","message":"⌛ Building environment","timeElapsed":112,"timestamp":"2025-10-29T13:22:16.698Z"}
{"level":"info","message":"⌛ Validating src/persona.wlk","timeElapsed":106,"timestamp":"2025-10-29T13:22:18.128Z"}
{"level":"info","message":"⌛ Building environment","timeElapsed":109,"timestamp":"2025-10-29T13:22:18.237Z"}
{"level":"error","message":"✘ Completions for node Assignment ([26:13, 26:21] - src/persona.wlk) failed: Error: [Assignment]{1ab000} at src/persona.wlk:26 exhausted all cases without a match [Assignment]{1ab000} at src/persona.wlk:26 exhausted all cases without a match","stack":"Error: [Assignment]{1ab000} at src/persona.wlk:26 exhausted all cases without a match\n    at /home/publico/.var/app/com.visualstudio.code/data/vscode/extensions/uqbar.wollok-lsp-ide-0.5.3/out/server/src/server.js:38:6142\n    at D2 (/home/publico/.var/app/com.visualstudio.code/data/vscode/extensions/uqbar.wollok-lsp-ide-0.5.3/out/server/src/server.js:2384:42)\n    at Qh (/home/publico/.var/app/com.visualstudio.code/data/vscode/extensions/uqbar.wollok-lsp-ide-0.5.3/out/server/src/server.js:2384:1092)\n    at k6n (/home/publico/.var/app/com.visualstudio.code/data/vscode/extensions/uqbar.wollok-lsp-ide-0.5.3/out/server/src/server.js:2384:1248)\n    at /home/publico/.var/app/com.visualstudio.code/data/vscode/extensions/uqbar.wollok-lsp-ide-0.5.3/out/server/src/server.js:38:6131\n    at D2 (/home/publico/.var/app/com.visualstudio.code/data/vscode/extensions/uqbar.wollok-lsp-ide-0.5.3/out/server/src/server.js:2384:42)\n    at /home/publico/.var/app/com.visualstudio.code/data/vscode/extensions/uqbar.wollok-lsp-ide-0.5.3/out/server/src/server.js:2384:2988\n    at /home/publico/.var/app/com.visualstudio.code/data/vscode/extensions/uqbar.wollok-lsp-ide-0.5.3/out/server/src/server.js:2393:8440\n    at /home/publico/.var/app/com.visualstudio.code/data/vscode/extensions/uqbar.wollok-lsp-ide-0.5.3/out/server/src/server.js:37:74872\n    at Ye (/home/publico/.var/app/com.visualstudio.code/data/vscode/extensions/uqbar.wollok-lsp-ide-0.5.3/out/server/src/server.js:7:8527)","timestamp":"2025-10-29T13:22:18.270Z"}
{"level":"error","message":"✘ Completions for node If ([25:9, 27:10] - src/persona.wlk) failed: Error: [If]{c3c788} at src/persona.wlk:25 exhausted all cases without a match [If]{c3c788} at src/persona.wlk:25 exhausted all cases without a match","stack":"Error: [If]{c3c788} at src/persona.wlk:25 exhausted all cases without a match\n    at /home/publico/.var/app/com.visualstudio.code/data/vscode/extensions/uqbar.wollok-lsp-ide-0.5.3/out/server/src/server.js:38:6142\n    at D2 (/home/publico/.var/app/com.visualstudio.code/data/vscode/extensions/uqbar.wollok-lsp-ide-0.5.3/out/server/src/server.js:2384:42)\n    at Qh (/home/publico/.var/app/com.visualstudio.code/data/vscode/extensions/uqbar.wollok-lsp-ide-0.5.3/out/server/src/server.js:2384:1092)\n    at v6n (/home/publico/.var/app/com.visualstudio.code/data/vscode/extensions/uqbar.wollok-lsp-ide-0.5.3/out/server/src/server.js:2384:818)\n    at /home/publico/.var/app/com.visualstudio.code/data/vscode/extensions/uqbar.wollok-lsp-ide-0.5.3/out/server/src/server.js:38:6131\n    at D2 (/home/publico/.var/app/com.visualstudio.code/data/vscode/extensions/uqbar.wollok-lsp-ide-0.5.3/out/server/src/server.js:2384:42)\n    at Qh (/home/publico/.var/app/com.visualstudio.code/data/vscode/extensions/uqbar.wollok-lsp-ide-0.5.3/out/server/src/server.js:2384:1092)\n    at D2 (/home/publico/.var/app/com.visualstudio.code/data/vscode/extensions/uqbar.wollok-lsp-ide-0.5.3/out/server/src/server.js:2384:544)\n    at Qh (/home/publico/.var/app/com.visualstudio.code/data/vscode/extensions/uqbar.wollok-lsp-ide-0.5.3/out/server/src/server.js:2384:1092)\n    at k6n (/home/publico/.var/app/com.visualstudio.code/data/vscode/extensions/uqbar.wollok-lsp-ide-0.5.3/out/server/src/server.js:2384:1248)","timestamp":"2025-10-29T13:22:18.270Z"}
{"level":"info","message":"⌛ Building environment","timeElapsed":109,"timestamp":"2025-10-29T13:22:18.382Z"}
{"level":"info","message":"⌛ Validating src/persona.wlk","timeElapsed":108,"timestamp":"2025-10-29T13:22:18.670Z"}
{"level":"info","message":"⌛ Building environment","timeElapsed":145,"timestamp":"2025-10-29T13:22:18.818Z"}
{"level":"info","message":"⌛ Building environment","timeElapsed":102,"timestamp":"2025-10-29T13:22:19.160Z"}
{"level":"info","message":"⌛ Building environment","timeElapsed":113,"timestamp":"2025-10-29T13:22:19.297Z"}
{"level":"info","message":"⌛ Validating src/persona.wlk","timeElapsed":101,"timestamp":"2025-10-29T13:22:19.399Z"}
{"level":"info","message":"⌛ Building environment","timeElapsed":102,"timestamp":"2025-10-29T13:22:25.052Z"}
{"level":"info","message":"⌛ Validating src/persona.wlk","timeElapsed":152,"timestamp":"2025-10-29T13:22:25.241Z"}
{"level":"info","message":"⌛ Building environment","timeElapsed":127,"timestamp":"2025-10-29T13:22:25.468Z"}
{"level":"info","message":"⌛ Building environment","timeElapsed":181,"timestamp":"2025-10-29T13:22:25.937Z"}
{"level":"info","message":"⌛ Validating src/persona.wlk","timeElapsed":111,"timestamp":"2025-10-29T13:22:26.049Z"}
{"level":"info","message":"⌛ Building environment","timeElapsed":112,"timestamp":"2025-10-29T13:22:26.161Z"}
{"level":"info","message":"⌛ Building environment","timeElapsed":101,"timestamp":"2025-10-29T13:22:26.346Z"}
{"level":"info","message":"🧪 Test runner executed on /home/publico/Escritorio/obj/2025c2s2-herencia-rutinas-rodriguezlucas763","result":{"errored":0,"failed":0,"ok":1},"testsFailed":[],"timeElapsed":535,"timestamp":"2025-10-29T13:22:47.085Z"}
{"level":"info","message":"⌛ Building environment","timeElapsed":133,"timestamp":"2025-10-29T13:22:54.735Z"}
{"level":"info","message":"⌛ Building environment","timeElapsed":125,"timestamp":"2025-10-29T13:22:55.075Z"}
{"level":"error","message":"✘ Failed to rebuild document Failed to parse src/gimnasia.wtest: \n-- PARSING FAILED --------------------------------------------------\n\n  107 | //\t}\n  108 | \t\n> 109 | }\n      | ^\n\nExpected one of the following: \n\n'@', 'class', 'const', 'describe', 'mixin', 'object', 'only', 'package', 'program', 'test', 'var', '{', EOF, comment, not \"}\", whitespace\n","stack":"Error: Failed to parse src/gimnasia.wtest: \n-- PARSING FAILED --------------------------------------------------\n\n  107 | //\t}\n  108 | \t\n> 109 | }\n      | ^\n\nExpected one of the following: \n\n'@', 'class', 'const', 'describe', 'mixin', 'object', 'only', 'package', 'program', 'test', 'var', '{', EOF, comment, not \"}\", whitespace\n\n    at /home/publico/.var/app/com.visualstudio.code/data/vscode/extensions/uqbar.wollok-lsp-ide-0.5.3/out/server/src/server.js:2348:13026\n    at Array.map (<anonymous>)\n    at W1n (/home/publico/.var/app/com.visualstudio.code/data/vscode/extensions/uqbar.wollok-lsp-ide-0.5.3/out/server/src/server.js:2348:12950)\n    at U2.buildEnvironmentFrom (/home/publico/.var/app/com.visualstudio.code/data/vscode/extensions/uqbar.wollok-lsp-ide-0.5.3/out/server/src/server.js:2393:5254)\n    at U2.updateEnvironmentWith (/home/publico/.var/app/com.visualstudio.code/data/vscode/extensions/uqbar.wollok-lsp-ide-0.5.3/out/server/src/server.js:2393:4989)\n    at JF (/home/publico/.var/app/com.visualstudio.code/data/vscode/extensions/uqbar.wollok-lsp-ide-0.5.3/out/server/src/server.js:2393:7383)\n    at F3.invoke (/home/publico/.var/app/com.visualstudio.code/data/vscode/extensions/uqbar.wollok-lsp-ide-0.5.3/out/server/src/server.js:3:157334)\n    at o.fire (/home/publico/.var/app/com.visualstudio.code/data/vscode/extensions/uqbar.wollok-lsp-ide-0.5.3/out/server/src/server.js:3:158104)\n    at /home/publico/.var/app/com.visualstudio.code/data/vscode/extensions/uqbar.wollok-lsp-ide-0.5.3/out/server/src/server.js:37:57871\n    at Zr (/home/publico/.var/app/com.visualstudio.code/data/vscode/extensions/uqbar.wollok-lsp-ide-0.5.3/out/server/src/server.js:8:1561)","timestamp":"2025-10-29T13:24:42.137Z"}
{"level":"error","message":"✘ Failed to rebuild document Failed to parse src/gimnasia.wtest: \n-- PARSING FAILED --------------------------------------------------\n\n  107 | //\t}\n  108 | \t\n> 109 | }\n      | ^\n\nExpected one of the following: \n\n'@', 'class', 'const', 'describe', 'mixin', 'object', 'only', 'package', 'program', 'test', 'var', '{', EOF, comment, not \"}\", whitespace\n","stack":"Error: Failed to parse src/gimnasia.wtest: \n-- PARSING FAILED --------------------------------------------------\n\n  107 | //\t}\n  108 | \t\n> 109 | }\n      | ^\n\nExpected one of the following: \n\n'@', 'class', 'const', 'describe', 'mixin', 'object', 'only', 'package', 'program', 'test', 'var', '{', EOF, comment, not \"}\", whitespace\n\n    at /home/publico/.var/app/com.visualstudio.code/data/vscode/extensions/uqbar.wollok-lsp-ide-0.5.3/out/server/src/server.js:2348:13026\n    at Array.map (<anonymous>)\n    at W1n (/home/publico/.var/app/com.visualstudio.code/data/vscode/extensions/uqbar.wollok-lsp-ide-0.5.3/out/server/src/server.js:2348:12950)\n    at U2.buildEnvironmentFrom (/home/publico/.var/app/com.visualstudio.code/data/vscode/extensions/uqbar.wollok-lsp-ide-0.5.3/out/server/src/server.js:2393:5254)\n    at U2.updateEnvironmentWith (/home/publico/.var/app/com.visualstudio.code/data/vscode/extensions/uqbar.wollok-lsp-ide-0.5.3/out/server/src/server.js:2393:4989)\n    at JF (/home/publico/.var/app/com.visualstudio.code/data/vscode/extensions/uqbar.wollok-lsp-ide-0.5.3/out/server/src/server.js:2393:7383)\n    at F3.invoke (/home/publico/.var/app/com.visualstudio.code/data/vscode/extensions/uqbar.wollok-lsp-ide-0.5.3/out/server/src/server.js:3:157334)\n    at o.fire (/home/publico/.var/app/com.visualstudio.code/data/vscode/extensions/uqbar.wollok-lsp-ide-0.5.3/out/server/src/server.js:3:158104)\n    at /home/publico/.var/app/com.visualstudio.code/data/vscode/extensions/uqbar.wollok-lsp-ide-0.5.3/out/server/src/server.js:37:57871\n    at Zr (/home/publico/.var/app/com.visualstudio.code/data/vscode/extensions/uqbar.wollok-lsp-ide-0.5.3/out/server/src/server.js:8:1561)","timestamp":"2025-10-29T13:24:42.306Z"}
{"level":"error","message":"✘ Failed to rebuild document Failed to parse src/gimnasia.wtest: \n-- PARSING FAILED --------------------------------------------------\n\n  107 | //\t}\n  108 | \t\n> 109 | }\n      | ^\n\nExpected one of the following: \n\n'@', 'class', 'const', 'describe', 'mixin', 'object', 'only', 'package', 'program', 'test', 'var', '{', EOF, comment, not \"}\", whitespace\n","stack":"Error: Failed to parse src/gimnasia.wtest: \n-- PARSING FAILED --------------------------------------------------\n\n  107 | //\t}\n  108 | \t\n> 109 | }\n      | ^\n\nExpected one of the following: \n\n'@', 'class', 'const', 'describe', 'mixin', 'object', 'only', 'package', 'program', 'test', 'var', '{', EOF, comment, not \"}\", whitespace\n\n    at /home/publico/.var/app/com.visualstudio.code/data/vscode/extensions/uqbar.wollok-lsp-ide-0.5.3/out/server/src/server.js:2348:13026\n    at Array.map (<anonymous>)\n    at W1n (/home/publico/.var/app/com.visualstudio.code/data/vscode/extensions/uqbar.wollok-lsp-ide-0.5.3/out/server/src/server.js:2348:12950)\n    at U2.buildEnvironmentFrom (/home/publico/.var/app/com.visualstudio.code/data/vscode/extensions/uqbar.wollok-lsp-ide-0.5.3/out/server/src/server.js:2393:5254)\n    at U2.updateEnvironmentWith (/home/publico/.var/app/com.visualstudio.code/data/vscode/extensions/uqbar.wollok-lsp-ide-0.5.3/out/server/src/server.js:2393:4989)\n    at JF (/home/publico/.var/app/com.visualstudio.code/data/vscode/extensions/uqbar.wollok-lsp-ide-0.5.3/out/server/src/server.js:2393:7383)\n    at F3.invoke (/home/publico/.var/app/com.visualstudio.code/data/vscode/extensions/uqbar.wollok-lsp-ide-0.5.3/out/server/src/server.js:3:157334)\n    at o.fire (/home/publico/.var/app/com.visualstudio.code/data/vscode/extensions/uqbar.wollok-lsp-ide-0.5.3/out/server/src/server.js:3:158104)\n    at /home/publico/.var/app/com.visualstudio.code/data/vscode/extensions/uqbar.wollok-lsp-ide-0.5.3/out/server/src/server.js:37:57871\n    at Zr (/home/publico/.var/app/com.visualstudio.code/data/vscode/extensions/uqbar.wollok-lsp-ide-0.5.3/out/server/src/server.js:8:1561)","timestamp":"2025-10-29T13:24:42.991Z"}
{"level":"error","message":"✘ Failed to rebuild document Failed to parse src/gimnasia.wtest: \n-- PARSING FAILED --------------------------------------------------\n\n  107 | //\t}\n  108 | \t\n> 109 | }\n      | ^\n\nExpected one of the following: \n\n'@', 'class', 'const', 'describe', 'mixin', 'object', 'only', 'package', 'program', 'test', 'var', '{', EOF, comment, not \"}\", whitespace\n","stack":"Error: Failed to parse src/gimnasia.wtest: \n-- PARSING FAILED --------------------------------------------------\n\n  107 | //\t}\n  108 | \t\n> 109 | }\n      | ^\n\nExpected one of the following: \n\n'@', 'class', 'const', 'describe', 'mixin', 'object', 'only', 'package', 'program', 'test', 'var', '{', EOF, comment, not \"}\", whitespace\n\n    at /home/publico/.var/app/com.visualstudio.code/data/vscode/extensions/uqbar.wollok-lsp-ide-0.5.3/out/server/src/server.js:2348:13026\n    at Array.map (<anonymous>)\n    at W1n (/home/publico/.var/app/com.visualstudio.code/data/vscode/extensions/uqbar.wollok-lsp-ide-0.5.3/out/server/src/server.js:2348:12950)\n    at U2.buildEnvironmentFrom (/home/publico/.var/app/com.visualstudio.code/data/vscode/extensions/uqbar.wollok-lsp-ide-0.5.3/out/server/src/server.js:2393:5254)\n    at U2.updateEnvironmentWith (/home/publico/.var/app/com.visualstudio.code/data/vscode/extensions/uqbar.wollok-lsp-ide-0.5.3/out/server/src/server.js:2393:4989)\n    at JF (/home/publico/.var/app/com.visualstudio.code/data/vscode/extensions/uqbar.wollok-lsp-ide-0.5.3/out/server/src/server.js:2393:7383)\n    at F3.invoke (/home/publico/.var/app/com.visualstudio.code/data/vscode/extensions/uqbar.wollok-lsp-ide-0.5.3/out/server/src/server.js:3:157334)\n    at o.fire (/home/publico/.var/app/com.visualstudio.code/data/vscode/extensions/uqbar.wollok-lsp-ide-0.5.3/out/server/src/server.js:3:158104)\n    at /home/publico/.var/app/com.visualstudio.code/data/vscode/extensions/uqbar.wollok-lsp-ide-0.5.3/out/server/src/server.js:37:57871\n    at Zr (/home/publico/.var/app/com.visualstudio.code/data/vscode/extensions/uqbar.wollok-lsp-ide-0.5.3/out/server/src/server.js:8:1561)","timestamp":"2025-10-29T13:24:43.214Z"}
{"level":"error","message":"✘ Failed to rebuild document Failed to parse src/gimnasia.wtest: \n-- PARSING FAILED --------------------------------------------------\n\n  107 | //\t}\n  108 | \t\n> 109 | }\n      | ^\n\nExpected one of the following: \n\n'@', 'class', 'const', 'describe', 'mixin', 'object', 'only', 'package', 'program', 'test', 'var', '{', EOF, comment, not \"}\", whitespace\n","stack":"Error: Failed to parse src/gimnasia.wtest: \n-- PARSING FAILED --------------------------------------------------\n\n  107 | //\t}\n  108 | \t\n> 109 | }\n      | ^\n\nExpected one of the following: \n\n'@', 'class', 'const', 'describe', 'mixin', 'object', 'only', 'package', 'program', 'test', 'var', '{', EOF, comment, not \"}\", whitespace\n\n    at /home/publico/.var/app/com.visualstudio.code/data/vscode/extensions/uqbar.wollok-lsp-ide-0.5.3/out/server/src/server.js:2348:13026\n    at Array.map (<anonymous>)\n    at W1n (/home/publico/.var/app/com.visualstudio.code/data/vscode/extensions/uqbar.wollok-lsp-ide-0.5.3/out/server/src/server.js:2348:12950)\n    at U2.buildEnvironmentFrom (/home/publico/.var/app/com.visualstudio.code/data/vscode/extensions/uqbar.wollok-lsp-ide-0.5.3/out/server/src/server.js:2393:5254)\n    at U2.updateEnvironmentWith (/home/publico/.var/app/com.visualstudio.code/data/vscode/extensions/uqbar.wollok-lsp-ide-0.5.3/out/server/src/server.js:2393:4989)\n    at JF (/home/publico/.var/app/com.visualstudio.code/data/vscode/extensions/uqbar.wollok-lsp-ide-0.5.3/out/server/src/server.js:2393:7383)\n    at F3.invoke (/home/publico/.var/app/com.visualstudio.code/data/vscode/extensions/uqbar.wollok-lsp-ide-0.5.3/out/server/src/server.js:3:157334)\n    at o.fire (/home/publico/.var/app/com.visualstudio.code/data/vscode/extensions/uqbar.wollok-lsp-ide-0.5.3/out/server/src/server.js:3:158104)\n    at /home/publico/.var/app/com.visualstudio.code/data/vscode/extensions/uqbar.wollok-lsp-ide-0.5.3/out/server/src/server.js:37:57871\n    at Zr (/home/publico/.var/app/com.visualstudio.code/data/vscode/extensions/uqbar.wollok-lsp-ide-0.5.3/out/server/src/server.js:8:1561)","timestamp":"2025-10-29T13:24:43.727Z"}
{"level":"error","message":"✘ Failed to rebuild document Failed to parse src/gimnasia.wtest: \n-- PARSING FAILED --------------------------------------------------\n\n  107 | //\t}\n  108 | \t\n> 109 | }\n      | ^\n\nExpected one of the following: \n\n'@', 'class', 'const', 'describe', 'mixin', 'object', 'only', 'package', 'program', 'test', 'var', '{', EOF, comment, not \"}\", whitespace\n","stack":"Error: Failed to parse src/gimnasia.wtest: \n-- PARSING FAILED --------------------------------------------------\n\n  107 | //\t}\n  108 | \t\n> 109 | }\n      | ^\n\nExpected one of the following: \n\n'@', 'class', 'const', 'describe', 'mixin', 'object', 'only', 'package', 'program', 'test', 'var', '{', EOF, comment, not \"}\", whitespace\n\n    at /home/publico/.var/app/com.visualstudio.code/data/vscode/extensions/uqbar.wollok-lsp-ide-0.5.3/out/server/src/server.js:2348:13026\n    at Array.map (<anonymous>)\n    at W1n (/home/publico/.var/app/com.visualstudio.code/data/vscode/extensions/uqbar.wollok-lsp-ide-0.5.3/out/server/src/server.js:2348:12950)\n    at U2.buildEnvironmentFrom (/home/publico/.var/app/com.visualstudio.code/data/vscode/extensions/uqbar.wollok-lsp-ide-0.5.3/out/server/src/server.js:2393:5254)\n    at U2.updateEnvironmentWith (/home/publico/.var/app/com.visualstudio.code/data/vscode/extensions/uqbar.wollok-lsp-ide-0.5.3/out/server/src/server.js:2393:4989)\n    at JF (/home/publico/.var/app/com.visualstudio.code/data/vscode/extensions/uqbar.wollok-lsp-ide-0.5.3/out/server/src/server.js:2393:7383)\n    at F3.invoke (/home/publico/.var/app/com.visualstudio.code/data/vscode/extensions/uqbar.wollok-lsp-ide-0.5.3/out/server/src/server.js:3:157334)\n    at o.fire (/home/publico/.var/app/com.visualstudio.code/data/vscode/extensions/uqbar.wollok-lsp-ide-0.5.3/out/server/src/server.js:3:158104)\n    at /home/publico/.var/app/com.visualstudio.code/data/vscode/extensions/uqbar.wollok-lsp-ide-0.5.3/out/server/src/server.js:37:57871\n    at Zr (/home/publico/.var/app/com.visualstudio.code/data/vscode/extensions/uqbar.wollok-lsp-ide-0.5.3/out/server/src/server.js:8:1561)","timestamp":"2025-10-29T13:24:43.930Z"}
{"level":"info","message":"⌛ Building environment","timeElapsed":148,"timestamp":"2025-10-29T13:24:44.785Z"}
{"level":"info","message":"⌛ Validating src/gimnasia.wtest","timeElapsed":132,"timestamp":"2025-10-29T13:24:44.919Z"}
{"level":"info","message":"⌛ Building environment","timeElapsed":129,"timestamp":"2025-10-29T13:24:45.049Z"}
{"level":"info","message":"⌛ Building environment","timeElapsed":125,"timestamp":"2025-10-29T13:24:47.780Z"}
{"level":"info","message":"⌛ Building environment","timeElapsed":135,"timestamp":"2025-10-29T13:24:48.396Z"}
{"level":"info","message":"⌛ Building environment","timeElapsed":108,"timestamp":"2025-10-29T13:24:48.692Z"}
{"level":"info","message":"⌛ Building environment","timeElapsed":124,"timestamp":"2025-10-29T13:24:48.909Z"}
{"level":"info","message":"⌛ Validating src/gimnasia.wtest","timeElapsed":101,"timestamp":"2025-10-29T13:24:49.021Z"}
{"level":"info","message":"⌛ Building environment","timeElapsed":145,"timestamp":"2025-10-29T13:24:49.523Z"}
{"level":"info","message":"⌛ Building environment","timeElapsed":103,"timestamp":"2025-10-29T13:24:49.916Z"}
{"level":"info","message":"⌛ Building environment","timeElapsed":144,"timestamp":"2025-10-29T13:24:50.060Z"}
{"level":"info","message":"⌛ Validating src/gimnasia.wtest","timeElapsed":112,"timestamp":"2025-10-29T13:24:50.174Z"}
{"level":"info","message":"⌛ Building environment","timeElapsed":107,"timestamp":"2025-10-29T13:24:50.358Z"}
{"level":"info","message":"⌛ Building environment","timeElapsed":132,"timestamp":"2025-10-29T13:24:50.493Z"}
{"level":"info","message":"⌛ Building environment","timeElapsed":135,"timestamp":"2025-10-29T13:24:51.491Z"}
{"level":"error","message":"✘ Completions for node Send ([79:3, 79:21] - src/gimnasia.wtest) failed: Error: [Send]{498540} at src/gimnasia.wtest:79 exhausted all cases without a match [Send]{498540} at src/gimnasia.wtest:79 exhausted all cases without a match","stack":"Error: [Send]{498540} at src/gimnasia.wtest:79 exhausted all cases without a match\n    at /home/publico/.var/app/com.visualstudio.code/data/vscode/extensions/uqbar.wollok-lsp-ide-0.5.3/out/server/src/server.js:38:6142\n    at D2 (/home/publico/.var/app/com.visualstudio.code/data/vscode/extensions/uqbar.wollok-lsp-ide-0.5.3/out/server/src/server.js:2384:42)\n    at Qh (/home/publico/.var/app/com.visualstudio.code/data/vscode/extensions/uqbar.wollok-lsp-ide-0.5.3/out/server/src/server.js:2384:1092)\n    at k6n (/home/publico/.var/app/com.visualstudio.code/data/vscode/extensions/uqbar.wollok-lsp-ide-0.5.3/out/server/src/server.js:2384:1248)\n    at /home/publico/.var/app/com.visualstudio.code/data/vscode/extensions/uqbar.wollok-lsp-ide-0.5.3/out/server/src/server.js:38:6131\n    at D2 (/home/publico/.var/app/com.visualstudio.code/data/vscode/extensions/uqbar.wollok-lsp-ide-0.5.3/out/server/src/server.js:2384:42)\n    at /home/publico/.var/app/com.visualstudio.code/data/vscode/extensions/uqbar.wollok-lsp-ide-0.5.3/out/server/src/server.js:2384:2988\n    at /home/publico/.var/app/com.visualstudio.code/data/vscode/extensions/uqbar.wollok-lsp-ide-0.5.3/out/server/src/server.js:2393:8440\n    at /home/publico/.var/app/com.visualstudio.code/data/vscode/extensions/uqbar.wollok-lsp-ide-0.5.3/out/server/src/server.js:37:74872\n    at Ye (/home/publico/.var/app/com.visualstudio.code/data/vscode/extensions/uqbar.wollok-lsp-ide-0.5.3/out/server/src/server.js:7:8527)","timestamp":"2025-10-29T13:24:51.526Z"}
{"level":"info","message":"⌛ Building environment","timeElapsed":125,"timestamp":"2025-10-29T13:24:51.653Z"}
{"level":"info","message":"⌛ Validating src/gimnasia.wtest","timeElapsed":109,"timestamp":"2025-10-29T13:24:51.763Z"}
{"level":"info","message":"⌛ Building environment","timeElapsed":118,"timestamp":"2025-10-29T13:24:52.109Z"}
{"level":"info","message":"⌛ Building environment","timeElapsed":111,"timestamp":"2025-10-29T13:24:55.004Z"}
{"level":"info","message":"⌛ Building environment","timeElapsed":127,"timestamp":"2025-10-29T13:24:56.671Z"}
{"level":"info","message":"⌛ Building environment","timeElapsed":145,"timestamp":"2025-10-29T13:24:56.866Z"}
{"level":"info","message":"⌛ Validating src/gimnasia.wtest","timeElapsed":122,"timestamp":"2025-10-29T13:24:56.989Z"}
{"level":"info","message":"⌛ Building environment","timeElapsed":113,"timestamp":"2025-10-29T13:24:57.103Z"}
{"level":"info","message":"⌛ Building environment","timeElapsed":140,"timestamp":"2025-10-29T13:24:57.341Z"}
{"level":"info","message":"⌛ Building environment","timeElapsed":116,"timestamp":"2025-10-29T13:24:58.034Z"}
{"level":"info","message":"⌛ Building environment","timeElapsed":119,"timestamp":"2025-10-29T13:25:01.082Z"}
{"level":"info","message":"⌛ Validating src/gimnasia.wtest","timeElapsed":104,"timestamp":"2025-10-29T13:25:01.188Z"}
{"level":"info","message":"⌛ Building environment","timeElapsed":114,"timestamp":"2025-10-29T13:25:01.303Z"}
{"level":"info","message":"⌛ Building environment","timeElapsed":152,"timestamp":"2025-10-29T13:25:01.831Z"}
{"level":"info","message":"⌛ Validating src/gimnasia.wtest","timeElapsed":157,"timestamp":"2025-10-29T13:25:02.020Z"}
{"level":"info","message":"⌛ Building environment","timeElapsed":116,"timestamp":"2025-10-29T13:25:02.381Z"}
{"level":"info","message":"⌛ Validating src/gimnasia.wtest","timeElapsed":105,"timestamp":"2025-10-29T13:25:02.489Z"}
{"level":"info","message":"⌛ Building environment","timeElapsed":122,"timestamp":"2025-10-29T13:25:02.612Z"}
{"level":"info","message":"⌛ Validating src/gimnasia.wtest","timeElapsed":102,"timestamp":"2025-10-29T13:25:02.717Z"}
{"level":"info","message":"⌛ Building environment","timeElapsed":174,"timestamp":"2025-10-29T13:25:02.893Z"}
{"level":"info","message":"⌛ Building environment","timeElapsed":129,"timestamp":"2025-10-29T13:25:05.343Z"}
{"level":"info","message":"⌛ Building environment","timeElapsed":106,"timestamp":"2025-10-29T13:25:05.996Z"}
{"level":"error","message":"✘ Completions for node Send ([80:3, 80:27] - src/gimnasia.wtest) failed: Error: [Send]{7c39b4} at src/gimnasia.wtest:80 exhausted all cases without a match [Send]{7c39b4} at src/gimnasia.wtest:80 exhausted all cases without a match","stack":"Error: [Send]{7c39b4} at src/gimnasia.wtest:80 exhausted all cases without a match\n    at /home/publico/.var/app/com.visualstudio.code/data/vscode/extensions/uqbar.wollok-lsp-ide-0.5.3/out/server/src/server.js:38:6142\n    at D2 (/home/publico/.var/app/com.visualstudio.code/data/vscode/extensions/uqbar.wollok-lsp-ide-0.5.3/out/server/src/server.js:2384:42)\n    at Qh (/home/publico/.var/app/com.visualstudio.code/data/vscode/extensions/uqbar.wollok-lsp-ide-0.5.3/out/server/src/server.js:2384:1092)\n    at k6n (/home/publico/.var/app/com.visualstudio.code/data/vscode/extensions/uqbar.wollok-lsp-ide-0.5.3/out/server/src/server.js:2384:1248)\n    at /home/publico/.var/app/com.visualstudio.code/data/vscode/extensions/uqbar.wollok-lsp-ide-0.5.3/out/server/src/server.js:38:6131\n    at D2 (/home/publico/.var/app/com.visualstudio.code/data/vscode/extensions/uqbar.wollok-lsp-ide-0.5.3/out/server/src/server.js:2384:42)\n    at /home/publico/.var/app/com.visualstudio.code/data/vscode/extensions/uqbar.wollok-lsp-ide-0.5.3/out/server/src/server.js:2384:2988\n    at /home/publico/.var/app/com.visualstudio.code/data/vscode/extensions/uqbar.wollok-lsp-ide-0.5.3/out/server/src/server.js:2393:8440\n    at /home/publico/.var/app/com.visualstudio.code/data/vscode/extensions/uqbar.wollok-lsp-ide-0.5.3/out/server/src/server.js:37:74872\n    at Ye (/home/publico/.var/app/com.visualstudio.code/data/vscode/extensions/uqbar.wollok-lsp-ide-0.5.3/out/server/src/server.js:7:8527)","timestamp":"2025-10-29T13:25:06.035Z"}
{"level":"info","message":"⌛ Building environment","timeElapsed":112,"timestamp":"2025-10-29T13:25:06.241Z"}
{"level":"info","message":"⌛ Building environment","timeElapsed":148,"timestamp":"2025-10-29T13:25:06.390Z"}
{"level":"info","message":"⌛ Building environment","timeElapsed":159,"timestamp":"2025-10-29T13:25:06.742Z"}
{"level":"info","message":"⌛ Validating src/gimnasia.wtest","timeElapsed":111,"timestamp":"2025-10-29T13:25:06.863Z"}
{"level":"info","message":"⌛ Building environment","timeElapsed":117,"timestamp":"2025-10-29T13:25:06.980Z"}
{"level":"error","message":"✘ Completions for node Send ([80:3, 80:31] - src/gimnasia.wtest) failed: Error: [Send]{1e5095} at src/gimnasia.wtest:80 exhausted all cases without a match [Send]{1e5095} at src/gimnasia.wtest:80 exhausted all cases without a match","stack":"Error: [Send]{1e5095} at src/gimnasia.wtest:80 exhausted all cases without a match\n    at /home/publico/.var/app/com.visualstudio.code/data/vscode/extensions/uqbar.wollok-lsp-ide-0.5.3/out/server/src/server.js:38:6142\n    at D2 (/home/publico/.var/app/com.visualstudio.code/data/vscode/extensions/uqbar.wollok-lsp-ide-0.5.3/out/server/src/server.js:2384:42)\n    at Qh (/home/publico/.var/app/com.visualstudio.code/data/vscode/extensions/uqbar.wollok-lsp-ide-0.5.3/out/server/src/server.js:2384:1092)\n    at k6n (/home/publico/.var/app/com.visualstudio.code/data/vscode/extensions/uqbar.wollok-lsp-ide-0.5.3/out/server/src/server.js:2384:1248)\n    at /home/publico/.var/app/com.visualstudio.code/data/vscode/extensions/uqbar.wollok-lsp-ide-0.5.3/out/server/src/server.js:38:6131\n    at D2 (/home/publico/.var/app/com.visualstudio.code/data/vscode/extensions/uqbar.wollok-lsp-ide-0.5.3/out/server/src/server.js:2384:42)\n    at /home/publico/.var/app/com.visualstudio.code/data/vscode/extensions/uqbar.wollok-lsp-ide-0.5.3/out/server/src/server.js:2384:2988\n    at /home/publico/.var/app/com.visualstudio.code/data/vscode/extensions/uqbar.wollok-lsp-ide-0.5.3/out/server/src/server.js:2393:8440\n    at /home/publico/.var/app/com.visualstudio.code/data/vscode/extensions/uqbar.wollok-lsp-ide-0.5.3/out/server/src/server.js:37:74872\n    at Ye (/home/publico/.var/app/com.visualstudio.code/data/vscode/extensions/uqbar.wollok-lsp-ide-0.5.3/out/server/src/server.js:7:8527)","timestamp":"2025-10-29T13:25:07.019Z"}
{"level":"info","message":"⌛ Building environment","timeElapsed":116,"timestamp":"2025-10-29T13:25:07.217Z"}
{"level":"info","message":"⌛ Building environment","timeElapsed":105,"timestamp":"2025-10-29T13:25:07.411Z"}
{"level":"info","message":"⌛ Building environment","timeElapsed":101,"timestamp":"2025-10-29T13:25:07.665Z"}
{"level":"info","message":"⌛ Building environment","timeElapsed":130,"timestamp":"2025-10-29T13:25:08.441Z"}
{"level":"info","message":"⌛ Validating src/gimnasia.wtest","timeElapsed":142,"timestamp":"2025-10-29T13:25:08.585Z"}
{"level":"info","message":"⌛ Building environment","timeElapsed":176,"timestamp":"2025-10-29T13:25:08.760Z"}
{"level":"error","message":"✘ Completions for node Send ([80:3, 80:32] - src/gimnasia.wtest) failed: Error: [Send]{ab48f3} at src/gimnasia.wtest:80 exhausted all cases without a match [Send]{ab48f3} at src/gimnasia.wtest:80 exhausted all cases without a match","stack":"Error: [Send]{ab48f3} at src/gimnasia.wtest:80 exhausted all cases without a match\n    at /home/publico/.var/app/com.visualstudio.code/data/vscode/extensions/uqbar.wollok-lsp-ide-0.5.3/out/server/src/server.js:38:6142\n    at D2 (/home/publico/.var/app/com.visualstudio.code/data/vscode/extensions/uqbar.wollok-lsp-ide-0.5.3/out/server/src/server.js:2384:42)\n    at Qh (/home/publico/.var/app/com.visualstudio.code/data/vscode/extensions/uqbar.wollok-lsp-ide-0.5.3/out/server/src/server.js:2384:1092)\n    at k6n (/home/publico/.var/app/com.visualstudio.code/data/vscode/extensions/uqbar.wollok-lsp-ide-0.5.3/out/server/src/server.js:2384:1248)\n    at /home/publico/.var/app/com.visualstudio.code/data/vscode/extensions/uqbar.wollok-lsp-ide-0.5.3/out/server/src/server.js:38:6131\n    at D2 (/home/publico/.var/app/com.visualstudio.code/data/vscode/extensions/uqbar.wollok-lsp-ide-0.5.3/out/server/src/server.js:2384:42)\n    at /home/publico/.var/app/com.visualstudio.code/data/vscode/extensions/uqbar.wollok-lsp-ide-0.5.3/out/server/src/server.js:2384:2988\n    at /home/publico/.var/app/com.visualstudio.code/data/vscode/extensions/uqbar.wollok-lsp-ide-0.5.3/out/server/src/server.js:2393:8440\n    at /home/publico/.var/app/com.visualstudio.code/data/vscode/extensions/uqbar.wollok-lsp-ide-0.5.3/out/server/src/server.js:37:74872\n    at Ye (/home/publico/.var/app/com.visualstudio.code/data/vscode/extensions/uqbar.wollok-lsp-ide-0.5.3/out/server/src/server.js:7:8527)","timestamp":"2025-10-29T13:25:08.807Z"}
{"level":"info","message":"⌛ Building environment","timeElapsed":116,"timestamp":"2025-10-29T13:25:09.115Z"}
{"level":"info","message":"⌛ Building environment","timeElapsed":126,"timestamp":"2025-10-29T13:25:09.537Z"}
{"level":"info","message":"🧪 Test runner executed on /home/publico/Escritorio/obj/2025c2s2-herencia-rutinas-rodriguezlucas763","result":{"errored":0,"failed":0,"ok":1},"testsFailed":[],"timeElapsed":508,"timestamp":"2025-10-29T13:25:14.535Z"}
{"level":"info","message":"⌛ Building environment","timeElapsed":140,"timestamp":"2025-10-29T13:25:18.529Z"}
{"level":"info","message":"⌛ Building environment","timeElapsed":137,"timestamp":"2025-10-29T13:25:19.720Z"}
{"level":"error","message":"✘ Failed to rebuild document Failed to parse src/gimnasia.wtest: \n-- PARSING FAILED --------------------------------------------------\n\n  107 | //\t}\n  108 | \t\n> 109 | }\n      | ^\n\nExpected one of the following: \n\n'@', 'class', 'const', 'describe', 'mixin', 'object', 'only', 'package', 'program', 'test', 'var', '{', EOF, comment, not \"}\", whitespace\n","stack":"Error: Failed to parse src/gimnasia.wtest: \n-- PARSING FAILED --------------------------------------------------\n\n  107 | //\t}\n  108 | \t\n> 109 | }\n      | ^\n\nExpected one of the following: \n\n'@', 'class', 'const', 'describe', 'mixin', 'object', 'only', 'package', 'program', 'test', 'var', '{', EOF, comment, not \"}\", whitespace\n\n    at /home/publico/.var/app/com.visualstudio.code/data/vscode/extensions/uqbar.wollok-lsp-ide-0.5.3/out/server/src/server.js:2348:13026\n    at Array.map (<anonymous>)\n    at W1n (/home/publico/.var/app/com.visualstudio.code/data/vscode/extensions/uqbar.wollok-lsp-ide-0.5.3/out/server/src/server.js:2348:12950)\n    at U2.buildEnvironmentFrom (/home/publico/.var/app/com.visualstudio.code/data/vscode/extensions/uqbar.wollok-lsp-ide-0.5.3/out/server/src/server.js:2393:5254)\n    at U2.updateEnvironmentWith (/home/publico/.var/app/com.visualstudio.code/data/vscode/extensions/uqbar.wollok-lsp-ide-0.5.3/out/server/src/server.js:2393:4989)\n    at JF (/home/publico/.var/app/com.visualstudio.code/data/vscode/extensions/uqbar.wollok-lsp-ide-0.5.3/out/server/src/server.js:2393:7383)\n    at F3.invoke (/home/publico/.var/app/com.visualstudio.code/data/vscode/extensions/uqbar.wollok-lsp-ide-0.5.3/out/server/src/server.js:3:157334)\n    at o.fire (/home/publico/.var/app/com.visualstudio.code/data/vscode/extensions/uqbar.wollok-lsp-ide-0.5.3/out/server/src/server.js:3:158104)\n    at /home/publico/.var/app/com.visualstudio.code/data/vscode/extensions/uqbar.wollok-lsp-ide-0.5.3/out/server/src/server.js:37:57871\n    at Zr (/home/publico/.var/app/com.visualstudio.code/data/vscode/extensions/uqbar.wollok-lsp-ide-0.5.3/out/server/src/server.js:8:1561)","timestamp":"2025-10-29T13:25:25.655Z"}
{"level":"error","message":"✘ Failed to rebuild document Failed to parse src/gimnasia.wtest: \n-- PARSING FAILED --------------------------------------------------\n\n  107 | //\t}\n  108 | \t\n> 109 | }\n      | ^\n\nExpected one of the following: \n\n'@', 'class', 'const', 'describe', 'mixin', 'object', 'only', 'package', 'program', 'test', 'var', '{', EOF, comment, not \"}\", whitespace\n","stack":"Error: Failed to parse src/gimnasia.wtest: \n-- PARSING FAILED --------------------------------------------------\n\n  107 | //\t}\n  108 | \t\n> 109 | }\n      | ^\n\nExpected one of the following: \n\n'@', 'class', 'const', 'describe', 'mixin', 'object', 'only', 'package', 'program', 'test', 'var', '{', EOF, comment, not \"}\", whitespace\n\n    at /home/publico/.var/app/com.visualstudio.code/data/vscode/extensions/uqbar.wollok-lsp-ide-0.5.3/out/server/src/server.js:2348:13026\n    at Array.map (<anonymous>)\n    at W1n (/home/publico/.var/app/com.visualstudio.code/data/vscode/extensions/uqbar.wollok-lsp-ide-0.5.3/out/server/src/server.js:2348:12950)\n    at U2.buildEnvironmentFrom (/home/publico/.var/app/com.visualstudio.code/data/vscode/extensions/uqbar.wollok-lsp-ide-0.5.3/out/server/src/server.js:2393:5254)\n    at U2.updateEnvironmentWith (/home/publico/.var/app/com.visualstudio.code/data/vscode/extensions/uqbar.wollok-lsp-ide-0.5.3/out/server/src/server.js:2393:4989)\n    at JF (/home/publico/.var/app/com.visualstudio.code/data/vscode/extensions/uqbar.wollok-lsp-ide-0.5.3/out/server/src/server.js:2393:7383)\n    at F3.invoke (/home/publico/.var/app/com.visualstudio.code/data/vscode/extensions/uqbar.wollok-lsp-ide-0.5.3/out/server/src/server.js:3:157334)\n    at o.fire (/home/publico/.var/app/com.visualstudio.code/data/vscode/extensions/uqbar.wollok-lsp-ide-0.5.3/out/server/src/server.js:3:158104)\n    at /home/publico/.var/app/com.visualstudio.code/data/vscode/extensions/uqbar.wollok-lsp-ide-0.5.3/out/server/src/server.js:37:57871\n    at Zr (/home/publico/.var/app/com.visualstudio.code/data/vscode/extensions/uqbar.wollok-lsp-ide-0.5.3/out/server/src/server.js:8:1561)","timestamp":"2025-10-29T13:25:25.833Z"}
{"level":"error","message":"✘ Failed to rebuild document Failed to parse src/gimnasia.wtest: \n-- PARSING FAILED --------------------------------------------------\n\n  107 | //\t}\n  108 | \t\n> 109 | }\n      | ^\n\nExpected one of the following: \n\n'@', 'class', 'const', 'describe', 'mixin', 'object', 'only', 'package', 'program', 'test', 'var', '{', EOF, comment, not \"}\", whitespace\n","stack":"Error: Failed to parse src/gimnasia.wtest: \n-- PARSING FAILED --------------------------------------------------\n\n  107 | //\t}\n  108 | \t\n> 109 | }\n      | ^\n\nExpected one of the following: \n\n'@', 'class', 'const', 'describe', 'mixin', 'object', 'only', 'package', 'program', 'test', 'var', '{', EOF, comment, not \"}\", whitespace\n\n    at /home/publico/.var/app/com.visualstudio.code/data/vscode/extensions/uqbar.wollok-lsp-ide-0.5.3/out/server/src/server.js:2348:13026\n    at Array.map (<anonymous>)\n    at W1n (/home/publico/.var/app/com.visualstudio.code/data/vscode/extensions/uqbar.wollok-lsp-ide-0.5.3/out/server/src/server.js:2348:12950)\n    at U2.buildEnvironmentFrom (/home/publico/.var/app/com.visualstudio.code/data/vscode/extensions/uqbar.wollok-lsp-ide-0.5.3/out/server/src/server.js:2393:5254)\n    at U2.updateEnvironmentWith (/home/publico/.var/app/com.visualstudio.code/data/vscode/extensions/uqbar.wollok-lsp-ide-0.5.3/out/server/src/server.js:2393:4989)\n    at JF (/home/publico/.var/app/com.visualstudio.code/data/vscode/extensions/uqbar.wollok-lsp-ide-0.5.3/out/server/src/server.js:2393:7383)\n    at F3.invoke (/home/publico/.var/app/com.visualstudio.code/data/vscode/extensions/uqbar.wollok-lsp-ide-0.5.3/out/server/src/server.js:3:157334)\n    at o.fire (/home/publico/.var/app/com.visualstudio.code/data/vscode/extensions/uqbar.wollok-lsp-ide-0.5.3/out/server/src/server.js:3:158104)\n    at /home/publico/.var/app/com.visualstudio.code/data/vscode/extensions/uqbar.wollok-lsp-ide-0.5.3/out/server/src/server.js:37:57871\n    at Zr (/home/publico/.var/app/com.visualstudio.code/data/vscode/extensions/uqbar.wollok-lsp-ide-0.5.3/out/server/src/server.js:8:1561)","timestamp":"2025-10-29T13:25:26.494Z"}
{"level":"error","message":"✘ Failed to rebuild document Failed to parse src/gimnasia.wtest: \n-- PARSING FAILED --------------------------------------------------\n\n  107 | //\t}\n  108 | \t\n> 109 | }\n      | ^\n\nExpected one of the following: \n\n'@', 'class', 'const', 'describe', 'mixin', 'object', 'only', 'package', 'program', 'test', 'var', '{', EOF, comment, not \"}\", whitespace\n","stack":"Error: Failed to parse src/gimnasia.wtest: \n-- PARSING FAILED --------------------------------------------------\n\n  107 | //\t}\n  108 | \t\n> 109 | }\n      | ^\n\nExpected one of the following: \n\n'@', 'class', 'const', 'describe', 'mixin', 'object', 'only', 'package', 'program', 'test', 'var', '{', EOF, comment, not \"}\", whitespace\n\n    at /home/publico/.var/app/com.visualstudio.code/data/vscode/extensions/uqbar.wollok-lsp-ide-0.5.3/out/server/src/server.js:2348:13026\n    at Array.map (<anonymous>)\n    at W1n (/home/publico/.var/app/com.visualstudio.code/data/vscode/extensions/uqbar.wollok-lsp-ide-0.5.3/out/server/src/server.js:2348:12950)\n    at U2.buildEnvironmentFrom (/home/publico/.var/app/com.visualstudio.code/data/vscode/extensions/uqbar.wollok-lsp-ide-0.5.3/out/server/src/server.js:2393:5254)\n    at U2.updateEnvironmentWith (/home/publico/.var/app/com.visualstudio.code/data/vscode/extensions/uqbar.wollok-lsp-ide-0.5.3/out/server/src/server.js:2393:4989)\n    at JF (/home/publico/.var/app/com.visualstudio.code/data/vscode/extensions/uqbar.wollok-lsp-ide-0.5.3/out/server/src/server.js:2393:7383)\n    at F3.invoke (/home/publico/.var/app/com.visualstudio.code/data/vscode/extensions/uqbar.wollok-lsp-ide-0.5.3/out/server/src/server.js:3:157334)\n    at o.fire (/home/publico/.var/app/com.visualstudio.code/data/vscode/extensions/uqbar.wollok-lsp-ide-0.5.3/out/server/src/server.js:3:158104)\n    at /home/publico/.var/app/com.visualstudio.code/data/vscode/extensions/uqbar.wollok-lsp-ide-0.5.3/out/server/src/server.js:37:57871\n    at Zr (/home/publico/.var/app/com.visualstudio.code/data/vscode/extensions/uqbar.wollok-lsp-ide-0.5.3/out/server/src/server.js:8:1561)","timestamp":"2025-10-29T13:25:26.724Z"}
{"level":"error","message":"✘ Failed to rebuild document Failed to parse src/gimnasia.wtest: \n-- PARSING FAILED --------------------------------------------------\n\n  107 | //\t}\n  108 | \t\n> 109 | }\n      | ^\n\nExpected one of the following: \n\n'@', 'class', 'const', 'describe', 'mixin', 'object', 'only', 'package', 'program', 'test', 'var', '{', EOF, comment, not \"}\", whitespace\n","stack":"Error: Failed to parse src/gimnasia.wtest: \n-- PARSING FAILED --------------------------------------------------\n\n  107 | //\t}\n  108 | \t\n> 109 | }\n      | ^\n\nExpected one of the following: \n\n'@', 'class', 'const', 'describe', 'mixin', 'object', 'only', 'package', 'program', 'test', 'var', '{', EOF, comment, not \"}\", whitespace\n\n    at /home/publico/.var/app/com.visualstudio.code/data/vscode/extensions/uqbar.wollok-lsp-ide-0.5.3/out/server/src/server.js:2348:13026\n    at Array.map (<anonymous>)\n    at W1n (/home/publico/.var/app/com.visualstudio.code/data/vscode/extensions/uqbar.wollok-lsp-ide-0.5.3/out/server/src/server.js:2348:12950)\n    at U2.buildEnvironmentFrom (/home/publico/.var/app/com.visualstudio.code/data/vscode/extensions/uqbar.wollok-lsp-ide-0.5.3/out/server/src/server.js:2393:5254)\n    at U2.updateEnvironmentWith (/home/publico/.var/app/com.visualstudio.code/data/vscode/extensions/uqbar.wollok-lsp-ide-0.5.3/out/server/src/server.js:2393:4989)\n    at JF (/home/publico/.var/app/com.visualstudio.code/data/vscode/extensions/uqbar.wollok-lsp-ide-0.5.3/out/server/src/server.js:2393:7383)\n    at F3.invoke (/home/publico/.var/app/com.visualstudio.code/data/vscode/extensions/uqbar.wollok-lsp-ide-0.5.3/out/server/src/server.js:3:157334)\n    at o.fire (/home/publico/.var/app/com.visualstudio.code/data/vscode/extensions/uqbar.wollok-lsp-ide-0.5.3/out/server/src/server.js:3:158104)\n    at /home/publico/.var/app/com.visualstudio.code/data/vscode/extensions/uqbar.wollok-lsp-ide-0.5.3/out/server/src/server.js:37:57871\n    at Zr (/home/publico/.var/app/com.visualstudio.code/data/vscode/extensions/uqbar.wollok-lsp-ide-0.5.3/out/server/src/server.js:8:1561)","timestamp":"2025-10-29T13:25:27.229Z"}
{"level":"error","message":"✘ Failed to rebuild document Failed to parse src/gimnasia.wtest: \n-- PARSING FAILED --------------------------------------------------\n\n  107 | //\t}\n  108 | \t\n> 109 | }\n      | ^\n\nExpected one of the following: \n\n'@', 'class', 'const', 'describe', 'mixin', 'object', 'only', 'package', 'program', 'test', 'var', '{', EOF, comment, not \"}\", whitespace\n","stack":"Error: Failed to parse src/gimnasia.wtest: \n-- PARSING FAILED --------------------------------------------------\n\n  107 | //\t}\n  108 | \t\n> 109 | }\n      | ^\n\nExpected one of the following: \n\n'@', 'class', 'const', 'describe', 'mixin', 'object', 'only', 'package', 'program', 'test', 'var', '{', EOF, comment, not \"}\", whitespace\n\n    at /home/publico/.var/app/com.visualstudio.code/data/vscode/extensions/uqbar.wollok-lsp-ide-0.5.3/out/server/src/server.js:2348:13026\n    at Array.map (<anonymous>)\n    at W1n (/home/publico/.var/app/com.visualstudio.code/data/vscode/extensions/uqbar.wollok-lsp-ide-0.5.3/out/server/src/server.js:2348:12950)\n    at U2.buildEnvironmentFrom (/home/publico/.var/app/com.visualstudio.code/data/vscode/extensions/uqbar.wollok-lsp-ide-0.5.3/out/server/src/server.js:2393:5254)\n    at U2.updateEnvironmentWith (/home/publico/.var/app/com.visualstudio.code/data/vscode/extensions/uqbar.wollok-lsp-ide-0.5.3/out/server/src/server.js:2393:4989)\n    at JF (/home/publico/.var/app/com.visualstudio.code/data/vscode/extensions/uqbar.wollok-lsp-ide-0.5.3/out/server/src/server.js:2393:7383)\n    at F3.invoke (/home/publico/.var/app/com.visualstudio.code/data/vscode/extensions/uqbar.wollok-lsp-ide-0.5.3/out/server/src/server.js:3:157334)\n    at o.fire (/home/publico/.var/app/com.visualstudio.code/data/vscode/extensions/uqbar.wollok-lsp-ide-0.5.3/out/server/src/server.js:3:158104)\n    at /home/publico/.var/app/com.visualstudio.code/data/vscode/extensions/uqbar.wollok-lsp-ide-0.5.3/out/server/src/server.js:37:57871\n    at Zr (/home/publico/.var/app/com.visualstudio.code/data/vscode/extensions/uqbar.wollok-lsp-ide-0.5.3/out/server/src/server.js:8:1561)","timestamp":"2025-10-29T13:25:27.431Z"}
{"level":"info","message":"⌛ Building environment","timeElapsed":144,"timestamp":"2025-10-29T13:25:28.075Z"}
{"level":"info","message":"⌛ Validating src/gimnasia.wtest","timeElapsed":104,"timestamp":"2025-10-29T13:25:28.179Z"}
{"level":"info","message":"⌛ Building environment","timeElapsed":137,"timestamp":"2025-10-29T13:25:28.316Z"}
{"level":"info","message":"⌛ Building environment","timeElapsed":136,"timestamp":"2025-10-29T13:25:33.054Z"}
{"level":"info","message":"⌛ Validating src/gimnasia.wtest","timeElapsed":111,"timestamp":"2025-10-29T13:25:33.168Z"}
{"level":"info","message":"⌛ Building environment","timeElapsed":134,"timestamp":"2025-10-29T13:25:33.785Z"}
{"level":"info","message":"⌛ Building environment","timeElapsed":142,"timestamp":"2025-10-29T13:25:33.966Z"}
{"level":"info","message":"⌛ Validating src/gimnasia.wtest","timeElapsed":114,"timestamp":"2025-10-29T13:25:34.081Z"}
{"level":"info","message":"⌛ Building environment","timeElapsed":128,"timestamp":"2025-10-29T13:25:34.210Z"}
{"level":"info","message":"⌛ Building environment","timeElapsed":139,"timestamp":"2025-10-29T13:25:34.816Z"}
{"level":"info","message":"⌛ Building environment","timeElapsed":117,"timestamp":"2025-10-29T13:25:35.122Z"}
{"level":"info","message":"⌛ Building environment","timeElapsed":142,"timestamp":"2025-10-29T13:25:35.271Z"}
{"level":"info","message":"⌛ Validating src/gimnasia.wtest","timeElapsed":107,"timestamp":"2025-10-29T13:25:35.379Z"}
{"level":"info","message":"⌛ Building environment","timeElapsed":198,"timestamp":"2025-10-29T13:25:35.578Z"}
{"level":"info","message":"⌛ Building environment","timeElapsed":105,"timestamp":"2025-10-29T13:25:35.782Z"}
{"level":"info","message":"⌛ Validating src/gimnasia.wtest","timeElapsed":115,"timestamp":"2025-10-29T13:25:35.898Z"}
{"level":"info","message":"⌛ Building environment","timeElapsed":122,"timestamp":"2025-10-29T13:25:36.321Z"}
{"level":"error","message":"✘ Completions for node Send ([84:3, 84:21] - src/gimnasia.wtest) failed: Error: [Send]{ae97d6} at src/gimnasia.wtest:84 exhausted all cases without a match [Send]{ae97d6} at src/gimnasia.wtest:84 exhausted all cases without a match","stack":"Error: [Send]{ae97d6} at src/gimnasia.wtest:84 exhausted all cases without a match\n    at /home/publico/.var/app/com.visualstudio.code/data/vscode/extensions/uqbar.wollok-lsp-ide-0.5.3/out/server/src/server.js:38:6142\n    at D2 (/home/publico/.var/app/com.visualstudio.code/data/vscode/extensions/uqbar.wollok-lsp-ide-0.5.3/out/server/src/server.js:2384:42)\n    at Qh (/home/publico/.var/app/com.visualstudio.code/data/vscode/extensions/uqbar.wollok-lsp-ide-0.5.3/out/server/src/server.js:2384:1092)\n    at k6n (/home/publico/.var/app/com.visualstudio.code/data/vscode/extensions/uqbar.wollok-lsp-ide-0.5.3/out/server/src/server.js:2384:1248)\n    at /home/publico/.var/app/com.visualstudio.code/data/vscode/extensions/uqbar.wollok-lsp-ide-0.5.3/out/server/src/server.js:38:6131\n    at D2 (/home/publico/.var/app/com.visualstudio.code/data/vscode/extensions/uqbar.wollok-lsp-ide-0.5.3/out/server/src/server.js:2384:42)\n    at /home/publico/.var/app/com.visualstudio.code/data/vscode/extensions/uqbar.wollok-lsp-ide-0.5.3/out/server/src/server.js:2384:2988\n    at /home/publico/.var/app/com.visualstudio.code/data/vscode/extensions/uqbar.wollok-lsp-ide-0.5.3/out/server/src/server.js:2393:8440\n    at /home/publico/.var/app/com.visualstudio.code/data/vscode/extensions/uqbar.wollok-lsp-ide-0.5.3/out/server/src/server.js:37:74872\n    at Ye (/home/publico/.var/app/com.visualstudio.code/data/vscode/extensions/uqbar.wollok-lsp-ide-0.5.3/out/server/src/server.js:7:8527)","timestamp":"2025-10-29T13:25:36.359Z"}
{"level":"info","message":"⌛ Building environment","timeElapsed":134,"timestamp":"2025-10-29T13:25:36.496Z"}
{"level":"info","message":"⌛ Building environment","timeElapsed":133,"timestamp":"2025-10-29T13:25:36.752Z"}
{"level":"info","message":"⌛ Building environment","timeElapsed":144,"timestamp":"2025-10-29T13:25:36.997Z"}
{"level":"info","message":"⌛ Building environment","timeElapsed":152,"timestamp":"2025-10-29T13:25:37.256Z"}
{"level":"info","message":"⌛ Building environment","timeElapsed":163,"timestamp":"2025-10-29T13:25:37.912Z"}
{"level":"info","message":"⌛ Building environment","timeElapsed":129,"timestamp":"2025-10-29T13:25:38.377Z"}
{"level":"info","message":"⌛ Building environment","timeElapsed":155,"timestamp":"2025-10-29T13:25:38.534Z"}
{"level":"info","message":"⌛ Building environment","timeElapsed":143,"timestamp":"2025-10-29T13:25:38.677Z"}
{"level":"info","message":"⌛ Building environment","timeElapsed":166,"timestamp":"2025-10-29T13:25:38.845Z"}
{"level":"info","message":"⌛ Building environment","timeElapsed":157,"timestamp":"2025-10-29T13:25:39.004Z"}
{"level":"info","message":"⌛ Building environment","timeElapsed":146,"timestamp":"2025-10-29T13:25:39.255Z"}
{"level":"info","message":"⌛ Building environment","timeElapsed":111,"timestamp":"2025-10-29T13:25:39.366Z"}
{"level":"info","message":"⌛ Building environment","timeElapsed":101,"timestamp":"2025-10-29T13:25:39.469Z"}
{"level":"info","message":"⌛ Building environment","timeElapsed":155,"timestamp":"2025-10-29T13:25:39.776Z"}
{"level":"info","message":"⌛ Building environment","timeElapsed":111,"timestamp":"2025-10-29T13:25:39.960Z"}
{"level":"info","message":"⌛ Building environment","timeElapsed":169,"timestamp":"2025-10-29T13:25:40.375Z"}
{"level":"info","message":"⌛ Building environment","timeElapsed":112,"timestamp":"2025-10-29T13:25:40.567Z"}
{"level":"error","message":"✘ Completions for node Send ([84:3, 84:28] - src/gimnasia.wtest) failed: Error: [Send]{3be6b4} at src/gimnasia.wtest:84 exhausted all cases without a match [Send]{3be6b4} at src/gimnasia.wtest:84 exhausted all cases without a match","stack":"Error: [Send]{3be6b4} at src/gimnasia.wtest:84 exhausted all cases without a match\n    at /home/publico/.var/app/com.visualstudio.code/data/vscode/extensions/uqbar.wollok-lsp-ide-0.5.3/out/server/src/server.js:38:6142\n    at D2 (/home/publico/.var/app/com.visualstudio.code/data/vscode/extensions/uqbar.wollok-lsp-ide-0.5.3/out/server/src/server.js:2384:42)\n    at Qh (/home/publico/.var/app/com.visualstudio.code/data/vscode/extensions/uqbar.wollok-lsp-ide-0.5.3/out/server/src/server.js:2384:1092)\n    at k6n (/home/publico/.var/app/com.visualstudio.code/data/vscode/extensions/uqbar.wollok-lsp-ide-0.5.3/out/server/src/server.js:2384:1248)\n    at /home/publico/.var/app/com.visualstudio.code/data/vscode/extensions/uqbar.wollok-lsp-ide-0.5.3/out/server/src/server.js:38:6131\n    at D2 (/home/publico/.var/app/com.visualstudio.code/data/vscode/extensions/uqbar.wollok-lsp-ide-0.5.3/out/server/src/server.js:2384:42)\n    at /home/publico/.var/app/com.visualstudio.code/data/vscode/extensions/uqbar.wollok-lsp-ide-0.5.3/out/server/src/server.js:2384:2988\n    at /home/publico/.var/app/com.visualstudio.code/data/vscode/extensions/uqbar.wollok-lsp-ide-0.5.3/out/server/src/server.js:2393:8440\n    at /home/publico/.var/app/com.visualstudio.code/data/vscode/extensions/uqbar.wollok-lsp-ide-0.5.3/out/server/src/server.js:37:74872\n    at Ye (/home/publico/.var/app/com.visualstudio.code/data/vscode/extensions/uqbar.wollok-lsp-ide-0.5.3/out/server/src/server.js:7:8527)","timestamp":"2025-10-29T13:25:40.593Z"}
{"level":"info","message":"⌛ Building environment","timeElapsed":125,"timestamp":"2025-10-29T13:25:41.787Z"}
{"level":"error","message":"✘ Completions for node Send ([84:3, 84:27] - src/gimnasia.wtest) failed: Error: [Send]{d5d182} at src/gimnasia.wtest:84 exhausted all cases without a match [Send]{d5d182} at src/gimnasia.wtest:84 exhausted all cases without a match","stack":"Error: [Send]{d5d182} at src/gimnasia.wtest:84 exhausted all cases without a match\n    at /home/publico/.var/app/com.visualstudio.code/data/vscode/extensions/uqbar.wollok-lsp-ide-0.5.3/out/server/src/server.js:38:6142\n    at D2 (/home/publico/.var/app/com.visualstudio.code/data/vscode/extensions/uqbar.wollok-lsp-ide-0.5.3/out/server/src/server.js:2384:42)\n    at Qh (/home/publico/.var/app/com.visualstudio.code/data/vscode/extensions/uqbar.wollok-lsp-ide-0.5.3/out/server/src/server.js:2384:1092)\n    at k6n (/home/publico/.var/app/com.visualstudio.code/data/vscode/extensions/uqbar.wollok-lsp-ide-0.5.3/out/server/src/server.js:2384:1248)\n    at /home/publico/.var/app/com.visualstudio.code/data/vscode/extensions/uqbar.wollok-lsp-ide-0.5.3/out/server/src/server.js:38:6131\n    at D2 (/home/publico/.var/app/com.visualstudio.code/data/vscode/extensions/uqbar.wollok-lsp-ide-0.5.3/out/server/src/server.js:2384:42)\n    at /home/publico/.var/app/com.visualstudio.code/data/vscode/extensions/uqbar.wollok-lsp-ide-0.5.3/out/server/src/server.js:2384:2988\n    at /home/publico/.var/app/com.visualstudio.code/data/vscode/extensions/uqbar.wollok-lsp-ide-0.5.3/out/server/src/server.js:2393:8440\n    at /home/publico/.var/app/com.visualstudio.code/data/vscode/extensions/uqbar.wollok-lsp-ide-0.5.3/out/server/src/server.js:37:74872\n    at Ye (/home/publico/.var/app/com.visualstudio.code/data/vscode/extensions/uqbar.wollok-lsp-ide-0.5.3/out/server/src/server.js:7:8527)","timestamp":"2025-10-29T13:25:41.822Z"}
{"level":"info","message":"⌛ Building environment","timeElapsed":117,"timestamp":"2025-10-29T13:25:43.230Z"}
{"level":"info","message":"⌛ Validating src/gimnasia.wtest","timeElapsed":106,"timestamp":"2025-10-29T13:25:43.344Z"}
{"level":"info","message":"⌛ Building environment","timeElapsed":144,"timestamp":"2025-10-29T13:25:44.541Z"}
{"level":"info","message":"⌛ Building environment","timeElapsed":133,"timestamp":"2025-10-29T13:25:47.419Z"}
{"level":"info","message":"⌛ Building environment","timeElapsed":135,"timestamp":"2025-10-29T13:25:47.597Z"}
{"level":"info","message":"⌛ Validating src/gimnasia.wtest","timeElapsed":107,"timestamp":"2025-10-29T13:25:47.707Z"}
{"level":"info","message":"⌛ Building environment","timeElapsed":133,"timestamp":"2025-10-29T13:25:47.841Z"}
{"level":"info","message":"⌛ Building environment","timeElapsed":130,"timestamp":"2025-10-29T13:25:48.847Z"}
{"level":"info","message":"⌛ Building environment","timeElapsed":144,"timestamp":"2025-10-29T13:25:50.302Z"}
{"level":"info","message":"⌛ Building environment","timeElapsed":169,"timestamp":"2025-10-29T13:25:50.473Z"}
{"level":"info","message":"⌛ Validating src/gimnasia.wtest","timeElapsed":109,"timestamp":"2025-10-29T13:25:50.584Z"}
{"level":"info","message":"⌛ Building environment","timeElapsed":152,"timestamp":"2025-10-29T13:25:50.966Z"}
{"level":"info","message":"⌛ Validating src/gimnasia.wtest","timeElapsed":128,"timestamp":"2025-10-29T13:25:51.095Z"}
{"level":"info","message":"⌛ Building environment","timeElapsed":134,"timestamp":"2025-10-29T13:25:51.237Z"}
{"level":"info","message":"⌛ Building environment","timeElapsed":133,"timestamp":"2025-10-29T13:25:53.248Z"}
{"level":"error","message":"✘ Completions for node Send ([85:3, 85:23] - src/gimnasia.wtest) failed: Error: [Send]{fc98c9} at src/gimnasia.wtest:85 exhausted all cases without a match [Send]{fc98c9} at src/gimnasia.wtest:85 exhausted all cases without a match","stack":"Error: [Send]{fc98c9} at src/gimnasia.wtest:85 exhausted all cases without a match\n    at /home/publico/.var/app/com.visualstudio.code/data/vscode/extensions/uqbar.wollok-lsp-ide-0.5.3/out/server/src/server.js:38:6142\n    at D2 (/home/publico/.var/app/com.visualstudio.code/data/vscode/extensions/uqbar.wollok-lsp-ide-0.5.3/out/server/src/server.js:2384:42)\n    at Qh (/home/publico/.var/app/com.visualstudio.code/data/vscode/extensions/uqbar.wollok-lsp-ide-0.5.3/out/server/src/server.js:2384:1092)\n    at k6n (/home/publico/.var/app/com.visualstudio.code/data/vscode/extensions/uqbar.wollok-lsp-ide-0.5.3/out/server/src/server.js:2384:1248)\n    at /home/publico/.var/app/com.visualstudio.code/data/vscode/extensions/uqbar.wollok-lsp-ide-0.5.3/out/server/src/server.js:38:6131\n    at D2 (/home/publico/.var/app/com.visualstudio.code/data/vscode/extensions/uqbar.wollok-lsp-ide-0.5.3/out/server/src/server.js:2384:42)\n    at /home/publico/.var/app/com.visualstudio.code/data/vscode/extensions/uqbar.wollok-lsp-ide-0.5.3/out/server/src/server.js:2384:2988\n    at /home/publico/.var/app/com.visualstudio.code/data/vscode/extensions/uqbar.wollok-lsp-ide-0.5.3/out/server/src/server.js:2393:8440\n    at /home/publico/.var/app/com.visualstudio.code/data/vscode/extensions/uqbar.wollok-lsp-ide-0.5.3/out/server/src/server.js:37:74872\n    at Ye (/home/publico/.var/app/com.visualstudio.code/data/vscode/extensions/uqbar.wollok-lsp-ide-0.5.3/out/server/src/server.js:7:8527)","timestamp":"2025-10-29T13:25:53.288Z"}
{"level":"info","message":"⌛ Building environment","timeElapsed":113,"timestamp":"2025-10-29T13:25:53.490Z"}
{"level":"info","message":"⌛ Building environment","timeElapsed":154,"timestamp":"2025-10-29T13:25:53.644Z"}
{"level":"info","message":"⌛ Building environment","timeElapsed":147,"timestamp":"2025-10-29T13:25:53.890Z"}
{"level":"info","message":"⌛ Building environment","timeElapsed":125,"timestamp":"2025-10-29T13:25:54.143Z"}
{"level":"info","message":"⌛ Building environment","timeElapsed":213,"timestamp":"2025-10-29T13:25:54.357Z"}
{"level":"info","message":"⌛ Building environment","timeElapsed":193,"timestamp":"2025-10-29T13:25:54.639Z"}
{"level":"info","message":"⌛ Validating src/gimnasia.wtest","timeElapsed":110,"timestamp":"2025-10-29T13:25:54.750Z"}
{"level":"error","message":"✘ Completions for node Send ([85:3, 85:29] - src/gimnasia.wtest) failed: Error: [Send]{f3f373} at src/gimnasia.wtest:85 exhausted all cases without a match [Send]{f3f373} at src/gimnasia.wtest:85 exhausted all cases without a match","stack":"Error: [Send]{f3f373} at src/gimnasia.wtest:85 exhausted all cases without a match\n    at /home/publico/.var/app/com.visualstudio.code/data/vscode/extensions/uqbar.wollok-lsp-ide-0.5.3/out/server/src/server.js:38:6142\n    at D2 (/home/publico/.var/app/com.visualstudio.code/data/vscode/extensions/uqbar.wollok-lsp-ide-0.5.3/out/server/src/server.js:2384:42)\n    at Qh (/home/publico/.var/app/com.visualstudio.code/data/vscode/extensions/uqbar.wollok-lsp-ide-0.5.3/out/server/src/server.js:2384:1092)\n    at k6n (/home/publico/.var/app/com.visualstudio.code/data/vscode/extensions/uqbar.wollok-lsp-ide-0.5.3/out/server/src/server.js:2384:1248)\n    at /home/publico/.var/app/com.visualstudio.code/data/vscode/extensions/uqbar.wollok-lsp-ide-0.5.3/out/server/src/server.js:38:6131\n    at D2 (/home/publico/.var/app/com.visualstudio.code/data/vscode/extensions/uqbar.wollok-lsp-ide-0.5.3/out/server/src/server.js:2384:42)\n    at /home/publico/.var/app/com.visualstudio.code/data/vscode/extensions/uqbar.wollok-lsp-ide-0.5.3/out/server/src/server.js:2384:2988\n    at /home/publico/.var/app/com.visualstudio.code/data/vscode/extensions/uqbar.wollok-lsp-ide-0.5.3/out/server/src/server.js:2393:8440\n    at /home/publico/.var/app/com.visualstudio.code/data/vscode/extensions/uqbar.wollok-lsp-ide-0.5.3/out/server/src/server.js:37:74872\n    at Ye (/home/publico/.var/app/com.visualstudio.code/data/vscode/extensions/uqbar.wollok-lsp-ide-0.5.3/out/server/src/server.js:7:8527)","timestamp":"2025-10-29T13:25:54.777Z"}
{"level":"info","message":"⌛ Building environment","timeElapsed":138,"timestamp":"2025-10-29T13:25:54.922Z"}
{"level":"info","message":"⌛ Validating src/gimnasia.wtest","timeElapsed":110,"timestamp":"2025-10-29T13:25:55.033Z"}
{"level":"info","message":"⌛ Building environment","timeElapsed":129,"timestamp":"2025-10-29T13:25:55.169Z"}
{"level":"info","message":"⌛ Building environment","timeElapsed":166,"timestamp":"2025-10-29T13:25:59.072Z"}
{"level":"info","message":"⌛ Building environment","timeElapsed":174,"timestamp":"2025-10-29T13:25:59.246Z"}
{"level":"info","message":"⌛ Validating src/gimnasia.wtest","timeElapsed":115,"timestamp":"2025-10-29T13:25:59.363Z"}
{"level":"info","message":"🧪 Test runner executed on /home/publico/Escritorio/obj/2025c2s2-herencia-rutinas-rodriguezlucas763","result":{"errored":0,"failed":0,"ok":1},"testsFailed":[],"timeElapsed":515,"timestamp":"2025-10-29T13:26:04.622Z"}
{"level":"error","message":"✘ Failed to rebuild document Failed to parse src/gimnasia.wtest: \n-- PARSING FAILED --------------------------------------------------\n\n  107 | //\t}\n  108 | \t\n> 109 | }\n      | ^\n\nExpected one of the following: \n\n'@', 'class', 'const', 'describe', 'mixin', 'object', 'only', 'package', 'program', 'test', 'var', '{', EOF, comment, not \"}\", whitespace\n","stack":"Error: Failed to parse src/gimnasia.wtest: \n-- PARSING FAILED --------------------------------------------------\n\n  107 | //\t}\n  108 | \t\n> 109 | }\n      | ^\n\nExpected one of the following: \n\n'@', 'class', 'const', 'describe', 'mixin', 'object', 'only', 'package', 'program', 'test', 'var', '{', EOF, comment, not \"}\", whitespace\n\n    at /home/publico/.var/app/com.visualstudio.code/data/vscode/extensions/uqbar.wollok-lsp-ide-0.5.3/out/server/src/server.js:2348:13026\n    at Array.map (<anonymous>)\n    at W1n (/home/publico/.var/app/com.visualstudio.code/data/vscode/extensions/uqbar.wollok-lsp-ide-0.5.3/out/server/src/server.js:2348:12950)\n    at U2.buildEnvironmentFrom (/home/publico/.var/app/com.visualstudio.code/data/vscode/extensions/uqbar.wollok-lsp-ide-0.5.3/out/server/src/server.js:2393:5254)\n    at U2.updateEnvironmentWith (/home/publico/.var/app/com.visualstudio.code/data/vscode/extensions/uqbar.wollok-lsp-ide-0.5.3/out/server/src/server.js:2393:4989)\n    at JF (/home/publico/.var/app/com.visualstudio.code/data/vscode/extensions/uqbar.wollok-lsp-ide-0.5.3/out/server/src/server.js:2393:7383)\n    at F3.invoke (/home/publico/.var/app/com.visualstudio.code/data/vscode/extensions/uqbar.wollok-lsp-ide-0.5.3/out/server/src/server.js:3:157334)\n    at o.fire (/home/publico/.var/app/com.visualstudio.code/data/vscode/extensions/uqbar.wollok-lsp-ide-0.5.3/out/server/src/server.js:3:158104)\n    at /home/publico/.var/app/com.visualstudio.code/data/vscode/extensions/uqbar.wollok-lsp-ide-0.5.3/out/server/src/server.js:37:57871\n    at Zr (/home/publico/.var/app/com.visualstudio.code/data/vscode/extensions/uqbar.wollok-lsp-ide-0.5.3/out/server/src/server.js:8:1561)","timestamp":"2025-10-29T13:26:10.347Z"}
{"level":"error","message":"✘ Failed to rebuild document Failed to parse src/gimnasia.wtest: \n-- PARSING FAILED --------------------------------------------------\n\n  107 | //\t}\n  108 | \t\n> 109 | }\n      | ^\n\nExpected one of the following: \n\n'@', 'class', 'const', 'describe', 'mixin', 'object', 'only', 'package', 'program', 'test', 'var', '{', EOF, comment, not \"}\", whitespace\n","stack":"Error: Failed to parse src/gimnasia.wtest: \n-- PARSING FAILED --------------------------------------------------\n\n  107 | //\t}\n  108 | \t\n> 109 | }\n      | ^\n\nExpected one of the following: \n\n'@', 'class', 'const', 'describe', 'mixin', 'object', 'only', 'package', 'program', 'test', 'var', '{', EOF, comment, not \"}\", whitespace\n\n    at /home/publico/.var/app/com.visualstudio.code/data/vscode/extensions/uqbar.wollok-lsp-ide-0.5.3/out/server/src/server.js:2348:13026\n    at Array.map (<anonymous>)\n    at W1n (/home/publico/.var/app/com.visualstudio.code/data/vscode/extensions/uqbar.wollok-lsp-ide-0.5.3/out/server/src/server.js:2348:12950)\n    at U2.buildEnvironmentFrom (/home/publico/.var/app/com.visualstudio.code/data/vscode/extensions/uqbar.wollok-lsp-ide-0.5.3/out/server/src/server.js:2393:5254)\n    at U2.updateEnvironmentWith (/home/publico/.var/app/com.visualstudio.code/data/vscode/extensions/uqbar.wollok-lsp-ide-0.5.3/out/server/src/server.js:2393:4989)\n    at JF (/home/publico/.var/app/com.visualstudio.code/data/vscode/extensions/uqbar.wollok-lsp-ide-0.5.3/out/server/src/server.js:2393:7383)\n    at F3.invoke (/home/publico/.var/app/com.visualstudio.code/data/vscode/extensions/uqbar.wollok-lsp-ide-0.5.3/out/server/src/server.js:3:157334)\n    at o.fire (/home/publico/.var/app/com.visualstudio.code/data/vscode/extensions/uqbar.wollok-lsp-ide-0.5.3/out/server/src/server.js:3:158104)\n    at /home/publico/.var/app/com.visualstudio.code/data/vscode/extensions/uqbar.wollok-lsp-ide-0.5.3/out/server/src/server.js:37:57871\n    at Zr (/home/publico/.var/app/com.visualstudio.code/data/vscode/extensions/uqbar.wollok-lsp-ide-0.5.3/out/server/src/server.js:8:1561)","timestamp":"2025-10-29T13:26:10.502Z"}
{"level":"error","message":"✘ Failed to rebuild document Failed to parse src/gimnasia.wtest: \n-- PARSING FAILED --------------------------------------------------\n\n  107 | //\t}\n  108 | \t\n> 109 | }\n      | ^\n\nExpected one of the following: \n\n'@', 'class', 'const', 'describe', 'mixin', 'object', 'only', 'package', 'program', 'test', 'var', '{', EOF, comment, not \"}\", whitespace\n","stack":"Error: Failed to parse src/gimnasia.wtest: \n-- PARSING FAILED --------------------------------------------------\n\n  107 | //\t}\n  108 | \t\n> 109 | }\n      | ^\n\nExpected one of the following: \n\n'@', 'class', 'const', 'describe', 'mixin', 'object', 'only', 'package', 'program', 'test', 'var', '{', EOF, comment, not \"}\", whitespace\n\n    at /home/publico/.var/app/com.visualstudio.code/data/vscode/extensions/uqbar.wollok-lsp-ide-0.5.3/out/server/src/server.js:2348:13026\n    at Array.map (<anonymous>)\n    at W1n (/home/publico/.var/app/com.visualstudio.code/data/vscode/extensions/uqbar.wollok-lsp-ide-0.5.3/out/server/src/server.js:2348:12950)\n    at U2.buildEnvironmentFrom (/home/publico/.var/app/com.visualstudio.code/data/vscode/extensions/uqbar.wollok-lsp-ide-0.5.3/out/server/src/server.js:2393:5254)\n    at U2.updateEnvironmentWith (/home/publico/.var/app/com.visualstudio.code/data/vscode/extensions/uqbar.wollok-lsp-ide-0.5.3/out/server/src/server.js:2393:4989)\n    at JF (/home/publico/.var/app/com.visualstudio.code/data/vscode/extensions/uqbar.wollok-lsp-ide-0.5.3/out/server/src/server.js:2393:7383)\n    at F3.invoke (/home/publico/.var/app/com.visualstudio.code/data/vscode/extensions/uqbar.wollok-lsp-ide-0.5.3/out/server/src/server.js:3:157334)\n    at o.fire (/home/publico/.var/app/com.visualstudio.code/data/vscode/extensions/uqbar.wollok-lsp-ide-0.5.3/out/server/src/server.js:3:158104)\n    at /home/publico/.var/app/com.visualstudio.code/data/vscode/extensions/uqbar.wollok-lsp-ide-0.5.3/out/server/src/server.js:37:57871\n    at Zr (/home/publico/.var/app/com.visualstudio.code/data/vscode/extensions/uqbar.wollok-lsp-ide-0.5.3/out/server/src/server.js:8:1561)","timestamp":"2025-10-29T13:26:10.988Z"}
{"level":"error","message":"✘ Failed to rebuild document Failed to parse src/gimnasia.wtest: \n-- PARSING FAILED --------------------------------------------------\n\n  107 | //\t}\n  108 | \t\n> 109 | }\n      | ^\n\nExpected one of the following: \n\n'@', 'class', 'const', 'describe', 'mixin', 'object', 'only', 'package', 'program', 'test', 'var', '{', EOF, comment, not \"}\", whitespace\n","stack":"Error: Failed to parse src/gimnasia.wtest: \n-- PARSING FAILED --------------------------------------------------\n\n  107 | //\t}\n  108 | \t\n> 109 | }\n      | ^\n\nExpected one of the following: \n\n'@', 'class', 'const', 'describe', 'mixin', 'object', 'only', 'package', 'program', 'test', 'var', '{', EOF, comment, not \"}\", whitespace\n\n    at /home/publico/.var/app/com.visualstudio.code/data/vscode/extensions/uqbar.wollok-lsp-ide-0.5.3/out/server/src/server.js:2348:13026\n    at Array.map (<anonymous>)\n    at W1n (/home/publico/.var/app/com.visualstudio.code/data/vscode/extensions/uqbar.wollok-lsp-ide-0.5.3/out/server/src/server.js:2348:12950)\n    at U2.buildEnvironmentFrom (/home/publico/.var/app/com.visualstudio.code/data/vscode/extensions/uqbar.wollok-lsp-ide-0.5.3/out/server/src/server.js:2393:5254)\n    at U2.updateEnvironmentWith (/home/publico/.var/app/com.visualstudio.code/data/vscode/extensions/uqbar.wollok-lsp-ide-0.5.3/out/server/src/server.js:2393:4989)\n    at JF (/home/publico/.var/app/com.visualstudio.code/data/vscode/extensions/uqbar.wollok-lsp-ide-0.5.3/out/server/src/server.js:2393:7383)\n    at F3.invoke (/home/publico/.var/app/com.visualstudio.code/data/vscode/extensions/uqbar.wollok-lsp-ide-0.5.3/out/server/src/server.js:3:157334)\n    at o.fire (/home/publico/.var/app/com.visualstudio.code/data/vscode/extensions/uqbar.wollok-lsp-ide-0.5.3/out/server/src/server.js:3:158104)\n    at /home/publico/.var/app/com.visualstudio.code/data/vscode/extensions/uqbar.wollok-lsp-ide-0.5.3/out/server/src/server.js:37:57871\n    at Zr (/home/publico/.var/app/com.visualstudio.code/data/vscode/extensions/uqbar.wollok-lsp-ide-0.5.3/out/server/src/server.js:8:1561)","timestamp":"2025-10-29T13:26:11.162Z"}
{"level":"error","message":"✘ Failed to rebuild document Failed to parse src/gimnasia.wtest: \n-- PARSING FAILED --------------------------------------------------\n\n  107 | //\t}\n  108 | \t\n> 109 | }\n      | ^\n\nExpected one of the following: \n\n'@', 'class', 'const', 'describe', 'mixin', 'object', 'only', 'package', 'program', 'test', 'var', '{', EOF, comment, not \"}\", whitespace\n","stack":"Error: Failed to parse src/gimnasia.wtest: \n-- PARSING FAILED --------------------------------------------------\n\n  107 | //\t}\n  108 | \t\n> 109 | }\n      | ^\n\nExpected one of the following: \n\n'@', 'class', 'const', 'describe', 'mixin', 'object', 'only', 'package', 'program', 'test', 'var', '{', EOF, comment, not \"}\", whitespace\n\n    at /home/publico/.var/app/com.visualstudio.code/data/vscode/extensions/uqbar.wollok-lsp-ide-0.5.3/out/server/src/server.js:2348:13026\n    at Array.map (<anonymous>)\n    at W1n (/home/publico/.var/app/com.visualstudio.code/data/vscode/extensions/uqbar.wollok-lsp-ide-0.5.3/out/server/src/server.js:2348:12950)\n    at U2.buildEnvironmentFrom (/home/publico/.var/app/com.visualstudio.code/data/vscode/extensions/uqbar.wollok-lsp-ide-0.5.3/out/server/src/server.js:2393:5254)\n    at U2.updateEnvironmentWith (/home/publico/.var/app/com.visualstudio.code/data/vscode/extensions/uqbar.wollok-lsp-ide-0.5.3/out/server/src/server.js:2393:4989)\n    at JF (/home/publico/.var/app/com.visualstudio.code/data/vscode/extensions/uqbar.wollok-lsp-ide-0.5.3/out/server/src/server.js:2393:7383)\n    at F3.invoke (/home/publico/.var/app/com.visualstudio.code/data/vscode/extensions/uqbar.wollok-lsp-ide-0.5.3/out/server/src/server.js:3:157334)\n    at o.fire (/home/publico/.var/app/com.visualstudio.code/data/vscode/extensions/uqbar.wollok-lsp-ide-0.5.3/out/server/src/server.js:3:158104)\n    at /home/publico/.var/app/com.visualstudio.code/data/vscode/extensions/uqbar.wollok-lsp-ide-0.5.3/out/server/src/server.js:37:57871\n    at Zr (/home/publico/.var/app/com.visualstudio.code/data/vscode/extensions/uqbar.wollok-lsp-ide-0.5.3/out/server/src/server.js:8:1561)","timestamp":"2025-10-29T13:26:11.706Z"}
{"level":"error","message":"✘ Failed to rebuild document Failed to parse src/gimnasia.wtest: \n-- PARSING FAILED --------------------------------------------------\n\n  107 | //\t}\n  108 | \t\n> 109 | }\n      | ^\n\nExpected one of the following: \n\n'@', 'class', 'const', 'describe', 'mixin', 'object', 'only', 'package', 'program', 'test', 'var', '{', EOF, comment, not \"}\", whitespace\n","stack":"Error: Failed to parse src/gimnasia.wtest: \n-- PARSING FAILED --------------------------------------------------\n\n  107 | //\t}\n  108 | \t\n> 109 | }\n      | ^\n\nExpected one of the following: \n\n'@', 'class', 'const', 'describe', 'mixin', 'object', 'only', 'package', 'program', 'test', 'var', '{', EOF, comment, not \"}\", whitespace\n\n    at /home/publico/.var/app/com.visualstudio.code/data/vscode/extensions/uqbar.wollok-lsp-ide-0.5.3/out/server/src/server.js:2348:13026\n    at Array.map (<anonymous>)\n    at W1n (/home/publico/.var/app/com.visualstudio.code/data/vscode/extensions/uqbar.wollok-lsp-ide-0.5.3/out/server/src/server.js:2348:12950)\n    at U2.buildEnvironmentFrom (/home/publico/.var/app/com.visualstudio.code/data/vscode/extensions/uqbar.wollok-lsp-ide-0.5.3/out/server/src/server.js:2393:5254)\n    at U2.updateEnvironmentWith (/home/publico/.var/app/com.visualstudio.code/data/vscode/extensions/uqbar.wollok-lsp-ide-0.5.3/out/server/src/server.js:2393:4989)\n    at JF (/home/publico/.var/app/com.visualstudio.code/data/vscode/extensions/uqbar.wollok-lsp-ide-0.5.3/out/server/src/server.js:2393:7383)\n    at F3.invoke (/home/publico/.var/app/com.visualstudio.code/data/vscode/extensions/uqbar.wollok-lsp-ide-0.5.3/out/server/src/server.js:3:157334)\n    at o.fire (/home/publico/.var/app/com.visualstudio.code/data/vscode/extensions/uqbar.wollok-lsp-ide-0.5.3/out/server/src/server.js:3:158104)\n    at /home/publico/.var/app/com.visualstudio.code/data/vscode/extensions/uqbar.wollok-lsp-ide-0.5.3/out/server/src/server.js:37:57871\n    at Zr (/home/publico/.var/app/com.visualstudio.code/data/vscode/extensions/uqbar.wollok-lsp-ide-0.5.3/out/server/src/server.js:8:1561)","timestamp":"2025-10-29T13:26:11.904Z"}
{"level":"info","message":"⌛ Building environment","timeElapsed":133,"timestamp":"2025-10-29T13:26:12.547Z"}
{"level":"info","message":"⌛ Validating src/gimnasia.wtest","timeElapsed":101,"timestamp":"2025-10-29T13:26:12.652Z"}
{"level":"info","message":"⌛ Building environment","timeElapsed":125,"timestamp":"2025-10-29T13:26:12.950Z"}
{"level":"info","message":"⌛ Building environment","timeElapsed":105,"timestamp":"2025-10-29T13:26:14.225Z"}
{"level":"info","message":"⌛ Building environment","timeElapsed":118,"timestamp":"2025-10-29T13:26:17.574Z"}
{"level":"info","message":"⌛ Building environment","timeElapsed":139,"timestamp":"2025-10-29T13:26:18.913Z"}
{"level":"info","message":"⌛ Building environment","timeElapsed":138,"timestamp":"2025-10-29T13:26:19.096Z"}
{"level":"info","message":"⌛ Building environment","timeElapsed":121,"timestamp":"2025-10-29T13:26:19.335Z"}
{"level":"info","message":"⌛ Validating src/gimnasia.wtest","timeElapsed":107,"timestamp":"2025-10-29T13:26:19.444Z"}
{"level":"info","message":"⌛ Validating src/gimnasia.wtest","timeElapsed":147,"timestamp":"2025-10-29T13:26:19.725Z"}
{"level":"info","message":"⌛ Building environment","timeElapsed":113,"timestamp":"2025-10-29T13:26:19.936Z"}
{"level":"info","message":"⌛ Building environment","timeElapsed":162,"timestamp":"2025-10-29T13:26:20.108Z"}
{"level":"info","message":"⌛ Building environment","timeElapsed":137,"timestamp":"2025-10-29T13:26:20.249Z"}
{"level":"info","message":"⌛ Validating src/gimnasia.wtest","timeElapsed":103,"timestamp":"2025-10-29T13:26:20.352Z"}
{"level":"info","message":"⌛ Building environment","timeElapsed":126,"timestamp":"2025-10-29T13:26:20.478Z"}
{"level":"info","message":"⌛ Building environment","timeElapsed":177,"timestamp":"2025-10-29T13:26:21.202Z"}
{"level":"error","message":"✘ Completions for node Send ([88:3, 88:21] - src/gimnasia.wtest) failed: Error: [Send]{469ae1} at src/gimnasia.wtest:88 exhausted all cases without a match [Send]{469ae1} at src/gimnasia.wtest:88 exhausted all cases without a match","stack":"Error: [Send]{469ae1} at src/gimnasia.wtest:88 exhausted all cases without a match\n    at /home/publico/.var/app/com.visualstudio.code/data/vscode/extensions/uqbar.wollok-lsp-ide-0.5.3/out/server/src/server.js:38:6142\n    at D2 (/home/publico/.var/app/com.visualstudio.code/data/vscode/extensions/uqbar.wollok-lsp-ide-0.5.3/out/server/src/server.js:2384:42)\n    at Qh (/home/publico/.var/app/com.visualstudio.code/data/vscode/extensions/uqbar.wollok-lsp-ide-0.5.3/out/server/src/server.js:2384:1092)\n    at k6n (/home/publico/.var/app/com.visualstudio.code/data/vscode/extensions/uqbar.wollok-lsp-ide-0.5.3/out/server/src/server.js:2384:1248)\n    at /home/publico/.var/app/com.visualstudio.code/data/vscode/extensions/uqbar.wollok-lsp-ide-0.5.3/out/server/src/server.js:38:6131\n    at D2 (/home/publico/.var/app/com.visualstudio.code/data/vscode/extensions/uqbar.wollok-lsp-ide-0.5.3/out/server/src/server.js:2384:42)\n    at /home/publico/.var/app/com.visualstudio.code/data/vscode/extensions/uqbar.wollok-lsp-ide-0.5.3/out/server/src/server.js:2384:2988\n    at /home/publico/.var/app/com.visualstudio.code/data/vscode/extensions/uqbar.wollok-lsp-ide-0.5.3/out/server/src/server.js:2393:8440\n    at /home/publico/.var/app/com.visualstudio.code/data/vscode/extensions/uqbar.wollok-lsp-ide-0.5.3/out/server/src/server.js:37:74872\n    at Ye (/home/publico/.var/app/com.visualstudio.code/data/vscode/extensions/uqbar.wollok-lsp-ide-0.5.3/out/server/src/server.js:7:8527)","timestamp":"2025-10-29T13:26:21.239Z"}
{"level":"info","message":"⌛ Building environment","timeElapsed":146,"timestamp":"2025-10-29T13:26:21.386Z"}
{"level":"info","message":"⌛ Building environment","timeElapsed":149,"timestamp":"2025-10-29T13:26:21.964Z"}
{"level":"info","message":"⌛ Building environment","timeElapsed":133,"timestamp":"2025-10-29T13:26:23.643Z"}
{"level":"info","message":"⌛ Building environment","timeElapsed":126,"timestamp":"2025-10-29T13:26:25.385Z"}
{"level":"info","message":"⌛ Building environment","timeElapsed":145,"timestamp":"2025-10-29T13:26:25.673Z"}
{"level":"info","message":"⌛ Building environment","timeElapsed":143,"timestamp":"2025-10-29T13:26:25.817Z"}
{"level":"info","message":"⌛ Building environment","timeElapsed":142,"timestamp":"2025-10-29T13:26:26.063Z"}
{"level":"info","message":"⌛ Validating src/gimnasia.wtest","timeElapsed":101,"timestamp":"2025-10-29T13:26:26.200Z"}
{"level":"info","message":"⌛ Building environment","timeElapsed":147,"timestamp":"2025-10-29T13:26:26.423Z"}
{"level":"info","message":"⌛ Building environment","timeElapsed":141,"timestamp":"2025-10-29T13:26:26.608Z"}
{"level":"info","message":"⌛ Validating src/gimnasia.wtest","timeElapsed":138,"timestamp":"2025-10-29T13:26:26.799Z"}
{"level":"info","message":"⌛ Building environment","timeElapsed":125,"timestamp":"2025-10-29T13:26:26.925Z"}
{"level":"info","message":"⌛ Building environment","timeElapsed":124,"timestamp":"2025-10-29T13:26:27.173Z"}
{"level":"info","message":"⌛ Building environment","timeElapsed":162,"timestamp":"2025-10-29T13:26:27.349Z"}
{"level":"info","message":"⌛ Building environment","timeElapsed":120,"timestamp":"2025-10-29T13:26:27.582Z"}
{"level":"info","message":"⌛ Building environment","timeElapsed":143,"timestamp":"2025-10-29T13:26:27.726Z"}
{"level":"info","message":"⌛ Building environment","timeElapsed":152,"timestamp":"2025-10-29T13:26:28.566Z"}
{"level":"info","message":"⌛ Building environment","timeElapsed":182,"timestamp":"2025-10-29T13:26:31.607Z"}
{"level":"info","message":"⌛ Building environment","timeElapsed":139,"timestamp":"2025-10-29T13:26:31.849Z"}
{"level":"info","message":"⌛ Building environment","timeElapsed":127,"timestamp":"2025-10-29T13:26:32.205Z"}
{"level":"info","message":"⌛ Building environment","timeElapsed":138,"timestamp":"2025-10-29T13:26:32.713Z"}
{"level":"info","message":"⌛ Building environment","timeElapsed":171,"timestamp":"2025-10-29T13:26:32.897Z"}
{"level":"info","message":"⌛ Validating src/gimnasia.wtest","timeElapsed":109,"timestamp":"2025-10-29T13:26:33.008Z"}
{"level":"info","message":"⌛ Building environment","timeElapsed":135,"timestamp":"2025-10-29T13:26:33.379Z"}
{"level":"info","message":"⌛ Building environment","timeElapsed":121,"timestamp":"2025-10-29T13:26:36.087Z"}
{"level":"error","message":"✘ Completions for node Send ([89:3, 89:27] - src/gimnasia.wtest) failed: Error: [Send]{1094af} at src/gimnasia.wtest:89 exhausted all cases without a match [Send]{1094af} at src/gimnasia.wtest:89 exhausted all cases without a match","stack":"Error: [Send]{1094af} at src/gimnasia.wtest:89 exhausted all cases without a match\n    at /home/publico/.var/app/com.visualstudio.code/data/vscode/extensions/uqbar.wollok-lsp-ide-0.5.3/out/server/src/server.js:38:6142\n    at D2 (/home/publico/.var/app/com.visualstudio.code/data/vscode/extensions/uqbar.wollok-lsp-ide-0.5.3/out/server/src/server.js:2384:42)\n    at Qh (/home/publico/.var/app/com.visualstudio.code/data/vscode/extensions/uqbar.wollok-lsp-ide-0.5.3/out/server/src/server.js:2384:1092)\n    at k6n (/home/publico/.var/app/com.visualstudio.code/data/vscode/extensions/uqbar.wollok-lsp-ide-0.5.3/out/server/src/server.js:2384:1248)\n    at /home/publico/.var/app/com.visualstudio.code/data/vscode/extensions/uqbar.wollok-lsp-ide-0.5.3/out/server/src/server.js:38:6131\n    at D2 (/home/publico/.var/app/com.visualstudio.code/data/vscode/extensions/uqbar.wollok-lsp-ide-0.5.3/out/server/src/server.js:2384:42)\n    at /home/publico/.var/app/com.visualstudio.code/data/vscode/extensions/uqbar.wollok-lsp-ide-0.5.3/out/server/src/server.js:2384:2988\n    at /home/publico/.var/app/com.visualstudio.code/data/vscode/extensions/uqbar.wollok-lsp-ide-0.5.3/out/server/src/server.js:2393:8440\n    at /home/publico/.var/app/com.visualstudio.code/data/vscode/extensions/uqbar.wollok-lsp-ide-0.5.3/out/server/src/server.js:37:74872\n    at Ye (/home/publico/.var/app/com.visualstudio.code/data/vscode/extensions/uqbar.wollok-lsp-ide-0.5.3/out/server/src/server.js:7:8527)","timestamp":"2025-10-29T13:26:36.123Z"}
{"level":"info","message":"⌛ Building environment","timeElapsed":160,"timestamp":"2025-10-29T13:26:36.285Z"}
{"level":"info","message":"⌛ Validating src/gimnasia.wtest","timeElapsed":112,"timestamp":"2025-10-29T13:26:36.399Z"}
{"level":"info","message":"⌛ Building environment","timeElapsed":126,"timestamp":"2025-10-29T13:26:36.526Z"}
{"level":"info","message":"⌛ Building environment","timeElapsed":134,"timestamp":"2025-10-29T13:26:36.774Z"}
{"level":"info","message":"⌛ Validating src/gimnasia.wtest","timeElapsed":101,"timestamp":"2025-10-29T13:26:36.907Z"}
{"level":"info","message":"⌛ Building environment","timeElapsed":132,"timestamp":"2025-10-29T13:26:37.123Z"}
{"level":"info","message":"⌛ Building environment","timeElapsed":163,"timestamp":"2025-10-29T13:26:37.288Z"}
{"level":"error","message":"✘ Completions for node Send ([89:3, 89:32] - src/gimnasia.wtest) failed: Error: [Send]{f2c8eb} at src/gimnasia.wtest:89 exhausted all cases without a match [Send]{f2c8eb} at src/gimnasia.wtest:89 exhausted all cases without a match","stack":"Error: [Send]{f2c8eb} at src/gimnasia.wtest:89 exhausted all cases without a match\n    at /home/publico/.var/app/com.visualstudio.code/data/vscode/extensions/uqbar.wollok-lsp-ide-0.5.3/out/server/src/server.js:38:6142\n    at D2 (/home/publico/.var/app/com.visualstudio.code/data/vscode/extensions/uqbar.wollok-lsp-ide-0.5.3/out/server/src/server.js:2384:42)\n    at Qh (/home/publico/.var/app/com.visualstudio.code/data/vscode/extensions/uqbar.wollok-lsp-ide-0.5.3/out/server/src/server.js:2384:1092)\n    at k6n (/home/publico/.var/app/com.visualstudio.code/data/vscode/extensions/uqbar.wollok-lsp-ide-0.5.3/out/server/src/server.js:2384:1248)\n    at /home/publico/.var/app/com.visualstudio.code/data/vscode/extensions/uqbar.wollok-lsp-ide-0.5.3/out/server/src/server.js:38:6131\n    at D2 (/home/publico/.var/app/com.visualstudio.code/data/vscode/extensions/uqbar.wollok-lsp-ide-0.5.3/out/server/src/server.js:2384:42)\n    at /home/publico/.var/app/com.visualstudio.code/data/vscode/extensions/uqbar.wollok-lsp-ide-0.5.3/out/server/src/server.js:2384:2988\n    at /home/publico/.var/app/com.visualstudio.code/data/vscode/extensions/uqbar.wollok-lsp-ide-0.5.3/out/server/src/server.js:2393:8440\n    at /home/publico/.var/app/com.visualstudio.code/data/vscode/extensions/uqbar.wollok-lsp-ide-0.5.3/out/server/src/server.js:37:74872\n    at Ye (/home/publico/.var/app/com.visualstudio.code/data/vscode/extensions/uqbar.wollok-lsp-ide-0.5.3/out/server/src/server.js:7:8527)","timestamp":"2025-10-29T13:26:37.325Z"}
{"level":"info","message":"⌛ Building environment","timeElapsed":136,"timestamp":"2025-10-29T13:26:37.464Z"}
{"level":"info","message":"⌛ Validating src/gimnasia.wtest","timeElapsed":112,"timestamp":"2025-10-29T13:26:37.579Z"}
{"level":"info","message":"⌛ Building environment","timeElapsed":129,"timestamp":"2025-10-29T13:26:37.710Z"}
{"level":"info","message":"⌛ Building environment","timeElapsed":180,"timestamp":"2025-10-29T13:26:38.066Z"}
{"level":"info","message":"🧪 Test runner executed on /home/publico/Escritorio/obj/2025c2s2-herencia-rutinas-rodriguezlucas763","result":{"errored":0,"failed":0,"ok":1},"testsFailed":[],"timeElapsed":522,"timestamp":"2025-10-29T13:26:43.263Z"}
{"level":"info","message":"⌛ Building environment","timeElapsed":143,"timestamp":"2025-10-29T13:26:50.063Z"}
{"level":"info","message":"⌛ Building environment","timeElapsed":120,"timestamp":"2025-10-29T13:26:50.339Z"}
{"level":"info","message":"⌛ Building environment","timeElapsed":165,"timestamp":"2025-10-29T13:29:54.134Z"}
{"level":"info","message":"⌛ Validating src/gimnasia.wtest","timeElapsed":137,"timestamp":"2025-10-29T13:29:54.275Z"}
